construct,dataset,model,scope,measure,direction,mean,std,min,max,n,missing_runs,metric_path
Population composition,ASSISTments,Markov,All eligible learners/events,Average feature-distribution divergence,Lower,0.001351111939040314,5.373521417165967e-05,0.001287741756013439,0.001419120229620828,3,0,rq1.average_fidelity.modeled_value_marginal_js_mean
Population composition,ASSISTments,Markov,All eligible learners/events,Behavior-rate error,Lower,0.011977590968125304,0.002945255658469319,0.009430423725753312,0.01610525073057989,3,0,rq1.average_fidelity.primary_signal_rate_error
Population composition,ASSISTments,Markov,All eligible learners/events,Event-type frequency divergence,Lower,0.005282724384909648,0.00012965292162336398,0.0051460307825978244,0.005456905794977172,3,0,rq1.average_fidelity.skill_frequency_js
Learning process,ASSISTments,Markov,All eligible learners/events,Feature-dependence error,Lower,0.0016958071242969396,0.0004465396950868368,0.00132464124276091,0.00232385301856508,3,0,rq1.cross_signal_dependence.prespecified_signal_nmi_mae
Population composition,ASSISTments,Markov,All eligible learners/events,Real-versus-synthetic detectability AUROC,0.5 best,0.5333653362962963,0.003657170797700979,0.5285288488888888,0.5373706022222222,3,0,rq1.detectability.detectability_auc
Learner-pathway representation,ASSISTments,Markov,All eligible learners/events,Subgroup hint-use error,Lower,0.05088137358130071,0.0007176625485016909,0.05007887300376915,0.05182072601425386,3,0,rq1.subgroup_fidelity.future_hint_rate_mae
Learner-pathway representation,ASSISTments,Markov,All eligible learners/events,Subgroup behavior error,Lower,0.06462222566820797,0.0011268707182645714,0.06316101075883059,0.06590364585421567,3,0,rq1.subgroup_fidelity.future_primary_signal_rate_mae
Learner-pathway representation,ASSISTments,Markov,All eligible learners/events,Subgroup-size error,Lower,0.0545979610165982,0.0029591338697522486,0.05048790517050316,0.05733511106592323,3,0,rq1.subgroup_fidelity.learner_share_mae
Learner-pathway representation,ASSISTments,Markov,High Hint Use,Rare-group prevalence error,Lower,0.029260231359968896,0.0015492735929337252,0.02741324001166521,0.03120443277923593,3,0,rq1.tail_fidelity.high_hint_use.prevalence_error
Learner-pathway representation,ASSISTments,Markov,High Hint Use,Rare-group trajectory-shape error,Lower,0.05587741529408194,0.009921636010043174,0.04779040404040401,0.06985110110110107,3,0,rq1.tail_fidelity.high_hint_use.primary_signal_curve_mae
Learner-pathway representation,ASSISTments,Markov,Late Correctness Decline,Rare-group prevalence error,Lower,0.004957713619130939,0.0012599865263746197,0.0037911927675707176,0.00670749489647127,3,0,rq1.tail_fidelity.late_failure.prevalence_error
Learner-pathway representation,ASSISTments,Markov,Late Correctness Decline,Rare-group trajectory-shape error,Lower,0.043893042084865976,0.015330882443904908,0.029380341880341852,0.06509894717441891,3,0,rq1.tail_fidelity.late_failure.primary_signal_curve_mae
Learner-pathway representation,ASSISTments,Markov,Persistent Low Correctness,Rare-group prevalence error,Lower,0.019733644405560413,0.0017225668461815244,0.01837270341207349,0.022163896179644208,3,0,rq1.tail_fidelity.persistent_failure.prevalence_error
Learner-pathway representation,ASSISTments,Markov,Persistent Low Correctness,Rare-group trajectory-shape error,Lower,0.009563492063492066,0.0028703703703703673,0.006693121693121698,0.012433862433862432,2,1,rq1.tail_fidelity.persistent_failure.primary_signal_curve_mae
Learner-pathway representation,ASSISTments,Markov,Rapid Low-Accuracy Responding,Rare-group prevalence error,Lower,0.01399825021872266,0.0014483974361574154,0.012831729367162438,0.016039661708953046,3,0,rq1.tail_fidelity.rapid_guessing.prevalence_error
Learner-pathway representation,ASSISTments,Markov,Rapid Low-Accuracy Responding,Rare-group trajectory-shape error,Lower,0.10543483934956795,0.0228766471145902,0.074301151045337,0.12861952861952855,3,0,rq1.tail_fidelity.rapid_guessing.primary_signal_curve_mae
Learner-pathway representation,ASSISTments,Markov,Rare Skill Path,Rare-group prevalence error,Lower,0.027607660153591913,0.007553666639472116,0.01778944298629338,0.03616214639836687,3,0,rq1.tail_fidelity.rare_skill_path.prevalence_error
Learner-pathway representation,ASSISTments,Markov,Rare Skill Path,Rare-group trajectory-shape error,Lower,0.05395317836967715,0.021493846056926807,0.03261276189758845,0.08336953543892604,3,0,rq1.tail_fidelity.rare_skill_path.primary_signal_curve_mae
Learner-pathway representation,ASSISTments,Markov,Recovery,Rare-group prevalence error,Lower,0.0031107222708272597,0.001073720328296613,0.001749781277340337,0.004374453193350836,3,0,rq1.tail_fidelity.recovery.prevalence_error
Learner-pathway representation,ASSISTments,Markov,Recovery,Rare-group trajectory-shape error,Lower,0.06592220942922856,0.011198352318215763,0.05052144249512671,0.07681898544811644,3,0,rq1.tail_fidelity.recovery.primary_signal_curve_mae
Learning process,ASSISTments,Markov,All eligible learners/events,Behavior--hint lag error,Lower,0.007102579718101169,0.0020573377102773125,0.004582225437617604,0.009621652567617461,3,0,rq1.temporal_fidelity.correct_hint_cross_correlation_mae
Learning process,ASSISTments,Markov,All eligible learners/events,Behavior-persistence error,Lower,0.02925481794443836,0.004205547178229261,0.023760114548902752,0.033973493194742695,3,0,rq1.temporal_fidelity.correctness_autocorrelation_mae
Learning process,ASSISTments,Markov,All eligible learners/events,Trajectory-shape error,Lower,0.040901163681469864,0.004137338451853227,0.03779584009875712,0.046748482418702234,3,0,rq1.temporal_fidelity.correctness_curve_mae
Learning process,ASSISTments,Markov,All eligible learners/events,Behavior-transition divergence,Lower,0.00019479197174251863,0.00011010220296437118,0.00010180513642436216,0.00034944651453233373,3,0,rq1.temporal_fidelity.correctness_transition_js
Learning process,ASSISTments,Markov,All eligible learners/events,Three-event sequence divergence,Lower,0.08279934717065172,0.0005725464585247026,0.08225874104289702,0.08359168752412563,3,0,rq1.temporal_fidelity.skill_trigram_js
Analytic usefulness,ASSISTments,Markov,Real + standard synthetic,AUPRC,Higher,0.8198033630687901,0.00023550154050477925,0.8194965627288573,0.8200689979345195,3,0,rq2.downstream_utility.arms.real_plus_synthetic.auprc
Analytic usefulness,ASSISTments,Markov,Real + standard synthetic,AUROC,Higher,0.7340415947370106,0.00010349606683753263,0.7339005489501167,0.7341459808594215,3,0,rq2.downstream_utility.arms.real_plus_synthetic.auroc
Analytic usefulness,ASSISTments,Markov,Real + targeted synthetic,AUPRC,Higher,0.8189400841556028,0.0004218530660377986,0.818551119351266,0.8195263187750319,3,0,rq2.downstream_utility.arms.real_plus_tail_targeted_synthetic.auprc
Analytic usefulness,ASSISTments,Markov,Real + targeted synthetic,AUROC,Higher,0.7322341745518516,2.7734626639177457e-05,0.7322005491460657,0.7322684747741948,3,0,rq2.downstream_utility.arms.real_plus_tail_targeted_synthetic.auroc
Analytic usefulness,ASSISTments,Markov,Real only (TRTR),AUPRC,Higher,0.8232109318442457,0.0,0.8232109318442457,0.8232109318442457,3,0,rq2.downstream_utility.arms.real_train.auprc
Analytic usefulness,ASSISTments,Markov,Real only (TRTR),AUROC,Higher,0.7383865356219795,1.1102230246251565e-16,0.7383865356219796,0.7383865356219796,3,0,rq2.downstream_utility.arms.real_train.auroc
Analytic usefulness,ASSISTments,Markov,Standard synthetic only (TSTR),AUPRC,Higher,0.7955828563563245,0.00020824951778338394,0.7952892636247197,0.7957497592744702,3,0,rq2.downstream_utility.arms.synthetic_train.auprc
Analytic usefulness,ASSISTments,Markov,Standard synthetic only (TSTR),AUROC,Higher,0.7052940565044071,0.0007480952422884604,0.7042503527553896,0.7059658470347623,3,0,rq2.downstream_utility.arms.synthetic_train.auroc
Analytic usefulness,ASSISTments,Markov,Targeted synthetic only,AUPRC,Higher,0.7953717177608722,0.00022547329729313205,0.7951187159169356,0.7956662956351923,3,0,rq2.downstream_utility.arms.tail_targeted_synthetic.auprc
Analytic usefulness,ASSISTments,Markov,Targeted synthetic only,AUROC,Higher,0.7047703551923167,0.000991086890713826,0.7034203310740221,0.7057716432043544,3,0,rq2.downstream_utility.arms.tail_targeted_synthetic.auroc
Analytic usefulness,ASSISTments,Markov,Standard augmentation gain,AUPRC,Higher,-0.0034075687754554496,0.00023550154050477925,-0.0037143691153883607,-0.003141933909726169,3,0,rq2.downstream_utility.real_plus_synthetic_gain_over_real.auprc
Analytic usefulness,ASSISTments,Markov,Standard augmentation gain,AUROC,Higher,-0.0043449408849690245,0.00010349606683753263,-0.0044859866718629515,-0.004240554762558135,3,0,rq2.downstream_utility.real_plus_synthetic_gain_over_real.auroc
Analytic usefulness,ASSISTments,Markov,Standard synthetic utility loss,AUPRC,Lower,0.027628075487921084,0.00020824951778338394,0.027461172569775427,0.027921668219525908,3,0,rq2.downstream_utility.synthetic_utility_gap.auprc
Analytic usefulness,ASSISTments,Markov,Standard synthetic utility loss,AUROC,Lower,0.033092479117572515,0.0007480952422884604,0.03242068858721736,0.03413618286659004,3,0,rq2.downstream_utility.synthetic_utility_gap.auroc
Analytic usefulness,ASSISTments,Markov,Targeted-vs-standard TSTR gain,AUPRC,Higher,-0.00021113859545233518,0.0004283993717305966,-0.0006310433575346108,0.0003770320104725666,3,0,rq2.downstream_utility.tail_targeted_tstr_gain.auprc
Analytic usefulness,ASSISTments,Markov,Targeted-vs-standard TSTR gain,AUROC,Higher,-0.0005237013120905262,0.00044508761688004573,-0.0008467557361889755,0.00010567348128487364,3,0,rq2.downstream_utility.tail_targeted_tstr_gain.auroc
Analytic usefulness,ASSISTments,Markov,Targeted augmentation gain,AUPRC,Higher,-0.0042708476886428315,0.0004218530660377986,-0.0046598124929796425,-0.003684613069213749,3,0,rq2.downstream_utility.targeted_augmentation_gain_over_real.auprc
Analytic usefulness,ASSISTments,Markov,Targeted augmentation gain,AUROC,Higher,-0.006152361070128102,2.7734626639177454e-05,-0.0061859864759139516,-0.006118060847784879,3,0,rq2.downstream_utility.targeted_augmentation_gain_over_real.auroc
Analytic usefulness,ASSISTments,Markov,Persistent Low-Correctness Prediction; Real + standard synthetic,AUPRC,Higher,0.1593371851435377,0.013483604575703927,0.14950818390889817,0.1784028143228488,3,0,rq2.learner_level_outcome_tasks.persistent_failure_prediction.arms.real_plus_synthetic.auprc
Analytic usefulness,ASSISTments,Markov,Persistent Low-Correctness Prediction; Real + standard synthetic,AUROC,Higher,0.7486111111111112,0.01763155811590081,0.7247819767441861,0.7668846899224806,3,0,rq2.learner_level_outcome_tasks.persistent_failure_prediction.arms.real_plus_synthetic.auroc
Analytic usefulness,ASSISTments,Markov,Persistent Low-Correctness Prediction; Real only (TRTR),AUPRC,Higher,0.13454822619524834,0.0,0.13454822619524834,0.13454822619524834,3,0,rq2.learner_level_outcome_tasks.persistent_failure_prediction.arms.real_train.auprc
Analytic usefulness,ASSISTments,Markov,Persistent Low-Correctness Prediction; Real only (TRTR),AUROC,Higher,0.7011143410852713,1.1102230246251565e-16,0.7011143410852714,0.7011143410852714,3,0,rq2.learner_level_outcome_tasks.persistent_failure_prediction.arms.real_train.auroc
Analytic usefulness,ASSISTments,Markov,Persistent Low-Correctness Prediction; Standard synthetic only (TSTR),AUPRC,Higher,0.09913806248374575,0.02870846062612429,0.07418404255037608,0.13935018078186379,3,0,rq2.learner_level_outcome_tasks.persistent_failure_prediction.arms.synthetic_train.auprc
Analytic usefulness,ASSISTments,Markov,Persistent Low-Correctness Prediction; Standard synthetic only (TSTR),AUROC,Higher,0.5515988372093024,0.08402247062543929,0.43299418604651163,0.6171753875968993,3,0,rq2.learner_level_outcome_tasks.persistent_failure_prediction.arms.synthetic_train.auroc
Analytic usefulness,ASSISTments,Markov,Persistent Low-Correctness Prediction; Targeted synthetic only,AUPRC,Higher,0.1192371197108021,0.016369401371183236,0.10700027591672777,0.1423740812733309,3,0,rq2.learner_level_outcome_tasks.persistent_failure_prediction.arms.tail_targeted_synthetic.auprc
Analytic usefulness,ASSISTments,Markov,Persistent Low-Correctness Prediction; Targeted synthetic only,AUROC,Higher,0.5744751291989664,0.010270276668664978,0.5609253875968991,0.5857800387596899,3,0,rq2.learner_level_outcome_tasks.persistent_failure_prediction.arms.tail_targeted_synthetic.auroc
Analytic usefulness,ASSISTments,Markov,Persistent Low-Correctness Prediction; Standard augmentation gain,AUPRC,Higher,0.024788958948289364,0.013483604575703927,0.01495995771364983,0.04385458812760046,3,0,rq2.learner_level_outcome_tasks.persistent_failure_prediction.real_plus_synthetic_gain_over_real.auprc
Analytic usefulness,ASSISTments,Markov,Persistent Low-Correctness Prediction; Standard augmentation gain,AUROC,Higher,0.04749677002583974,0.01763155811590081,0.02366763565891472,0.06577034883720922,3,0,rq2.learner_level_outcome_tasks.persistent_failure_prediction.real_plus_synthetic_gain_over_real.auroc
Analytic usefulness,ASSISTments,Markov,Persistent Low-Correctness Prediction; Standard synthetic utility loss,AUPRC,Lower,0.03541016371150258,0.02870846062612429,-0.004801954586615448,0.060364183644872255,3,0,rq2.learner_level_outcome_tasks.persistent_failure_prediction.synthetic_utility_gap.auprc
Analytic usefulness,ASSISTments,Markov,Persistent Low-Correctness Prediction; Standard synthetic utility loss,AUROC,Lower,0.149515503875969,0.08402247062543929,0.0839389534883721,0.26812015503875974,3,0,rq2.learner_level_outcome_tasks.persistent_failure_prediction.synthetic_utility_gap.auroc
Analytic usefulness,ASSISTments,Markov,Recovery Prediction; Real + standard synthetic,AUPRC,Higher,0.42264995401772737,0.04271202576938068,0.36328875952305734,0.46200847248352783,3,0,rq2.learner_level_outcome_tasks.recovery_prediction.arms.real_plus_synthetic.auprc
Analytic usefulness,ASSISTments,Markov,Recovery Prediction; Real + standard synthetic,AUROC,Higher,0.6441111498662946,0.02290947694892106,0.6128357167771189,0.6670735960934775,3,0,rq2.learner_level_outcome_tasks.recovery_prediction.arms.real_plus_synthetic.auroc
Analytic usefulness,ASSISTments,Markov,Recovery Prediction; Real only (TRTR),AUPRC,Higher,0.4386682829026786,0.0,0.4386682829026786,0.4386682829026786,3,0,rq2.learner_level_outcome_tasks.recovery_prediction.arms.real_train.auprc
Analytic usefulness,ASSISTments,Markov,Recovery Prediction; Real only (TRTR),AUROC,Higher,0.6897453784443671,1.1102230246251565e-16,0.689745378444367,0.689745378444367,3,0,rq2.learner_level_outcome_tasks.recovery_prediction.arms.real_train.auroc
Analytic usefulness,ASSISTments,Markov,Recovery Prediction; Standard synthetic only (TSTR),AUPRC,Higher,0.3185353065165369,0.03389058263636221,0.2773823769314916,0.36038815909163135,3,0,rq2.learner_level_outcome_tasks.recovery_prediction.arms.synthetic_train.auprc
Analytic usefulness,ASSISTments,Markov,Recovery Prediction; Standard synthetic only (TSTR),AUROC,Higher,0.5395593535635391,0.031554478978253364,0.4985176142309034,0.5752528775723752,3,0,rq2.learner_level_outcome_tasks.recovery_prediction.arms.synthetic_train.auroc
Analytic usefulness,ASSISTments,Markov,Recovery Prediction; Targeted synthetic only,AUPRC,Higher,0.3254021561990846,0.019656056391221692,0.3111057486783396,0.3531961919427636,3,0,rq2.learner_level_outcome_tasks.recovery_prediction.arms.tail_targeted_synthetic.auprc
Analytic usefulness,ASSISTments,Markov,Recovery Prediction; Targeted synthetic only,AUROC,Higher,0.5303162422974073,0.03830689650531062,0.49014649459365184,0.5818800139518661,3,0,rq2.learner_level_outcome_tasks.recovery_prediction.arms.tail_targeted_synthetic.auroc
Analytic usefulness,ASSISTments,Markov,Recovery Prediction; Standard augmentation gain,AUPRC,Higher,-0.01601832888495121,0.042712025769380685,-0.07537952337962128,0.023340189580849213,3,0,rq2.learner_level_outcome_tasks.recovery_prediction.real_plus_synthetic_gain_over_real.auprc
Analytic usefulness,ASSISTments,Markov,Recovery Prediction; Standard augmentation gain,AUROC,Higher,-0.04563422857807242,0.02290947694892106,-0.07690966166724811,-0.022671782350889513,3,0,rq2.learner_level_outcome_tasks.recovery_prediction.real_plus_synthetic_gain_over_real.auroc
Analytic usefulness,ASSISTments,Markov,Recovery Prediction; Standard synthetic utility loss,AUPRC,Lower,0.12013297638614175,0.03389058263636221,0.07828012381104726,0.16128590597118703,3,0,rq2.learner_level_outcome_tasks.recovery_prediction.synthetic_utility_gap.auprc
Analytic usefulness,ASSISTments,Markov,Recovery Prediction; Standard synthetic utility loss,AUROC,Lower,0.1501860248808279,0.031554478978253364,0.11449250087199181,0.1912277642134636,3,0,rq2.learner_level_outcome_tasks.recovery_prediction.synthetic_utility_gap.auroc
Disclosure risk,ASSISTments,Markov,Standard synthetic,Exact-duplicate rate,Lower,0.0,0.0,0.0,0.0,3,0,rq2.privacy_risk.standard.exact_duplicate_rate
Disclosure risk,ASSISTments,Markov,Standard synthetic,Mean nearest-training distance,Higher,0.9532273713630861,0.0009080037785579461,0.9519629287514894,0.9540534868521313,3,0,rq2.privacy_risk.standard.mean_nearest_neighbor_distance
Disclosure risk,ASSISTments,Markov,Standard synthetic,Membership-inference advantage,Lower,0.01194543147208127,0.008779417174978169,0.0,0.0208502538071067,3,0,rq2.privacy_risk.standard.membership_inference_attack_advantage
Disclosure risk,ASSISTments,Markov,Standard synthetic,Near-duplicate rate,Lower,0.0,0.0,0.0,0.0,3,0,rq2.privacy_risk.standard.near_duplicate_rate
Disclosure risk,ASSISTments,Markov,Targeted synthetic,Exact-duplicate rate,Lower,0.0,0.0,0.0,0.0,3,0,rq2.privacy_risk.tail_targeted.exact_duplicate_rate
Disclosure risk,ASSISTments,Markov,Targeted synthetic,Mean nearest-training distance,Higher,0.9517469786410228,0.0008972664354457056,0.9504887069261065,0.9525182229178214,3,0,rq2.privacy_risk.tail_targeted.mean_nearest_neighbor_distance
Disclosure risk,ASSISTments,Markov,Targeted synthetic,Membership-inference advantage,Lower,0.05282868020304569,0.019415659972647402,0.02826015228426404,0.075730964467005,3,0,rq2.privacy_risk.tail_targeted.membership_inference_attack_advantage
Disclosure risk,ASSISTments,Markov,Targeted synthetic,Near-duplicate rate,Lower,0.0,0.0,0.0,0.0,3,0,rq2.privacy_risk.tail_targeted.near_duplicate_rate
Disclosure risk,ASSISTments,Markov,Targeted-minus-standard risk,Exact-duplicate risk change,Lower,0.0,0.0,0.0,0.0,3,0,rq2.privacy_risk.tail_targeted_minus_standard_risk.exact_duplicate_rate_risk_delta
Disclosure risk,ASSISTments,Markov,Targeted-minus-standard risk,Nearest-neighbor exposure risk change,Lower,0.0014803927220633877,0.0015835772986792318,-0.0002710773276510814,0.0035647799260247748,3,0,rq2.privacy_risk.tail_targeted_minus_standard_risk.mean_nearest_exposure_risk_delta
Disclosure risk,ASSISTments,Markov,Targeted-minus-standard risk,Membership-inference risk change,Lower,0.04088324873096442,0.014215317138669432,0.02826015228426404,0.060744923857867894,3,0,rq2.privacy_risk.tail_targeted_minus_standard_risk.membership_inference_attack_advantage_risk_delta
Disclosure risk,ASSISTments,Markov,Targeted-minus-standard risk,Near-duplicate risk change,Lower,0.0,0.0,0.0,0.0,3,0,rq2.privacy_risk.tail_targeted_minus_standard_risk.near_duplicate_rate_risk_delta
Analytic usefulness,ASSISTments,Markov,High Hint Use; Real + standard synthetic,AUPRC,Higher,0.4178586613899153,0.004676110747252422,0.41357174818715103,0.4243628288249607,3,0,rq2.tail_learnability.high_hint_use.arms.real_plus_synthetic.auprc
Analytic usefulness,ASSISTments,Markov,High Hint Use; Real + standard synthetic,AUROC,Higher,0.8513312609812136,0.007511916547968169,0.8449790512231382,0.8618816731990809,3,0,rq2.tail_learnability.high_hint_use.arms.real_plus_synthetic.auroc
Analytic usefulness,ASSISTments,Markov,High Hint Use; Real + targeted synthetic,AUPRC,Higher,0.4100376542563595,0.005790330710912038,0.40203007908937743,0.4155250016032054,3,0,rq2.tail_learnability.high_hint_use.arms.real_plus_tail_targeted_synthetic.auprc
Analytic usefulness,ASSISTments,Markov,High Hint Use; Real + targeted synthetic,AUROC,Higher,0.8518014821822768,0.006257691217427768,0.8447594269495877,0.8599641843492363,3,0,rq2.tail_learnability.high_hint_use.arms.real_plus_tail_targeted_synthetic.auroc
Analytic usefulness,ASSISTments,Markov,High Hint Use; Real only (TRTR),AUPRC,Higher,0.4399197753693036,0.0,0.4399197753693036,0.4399197753693036,3,0,rq2.tail_learnability.high_hint_use.arms.real_train.auprc
Analytic usefulness,ASSISTments,Markov,High Hint Use; Real only (TRTR),AUROC,Higher,0.8696910055412893,0.0,0.8696910055412893,0.8696910055412893,3,0,rq2.tail_learnability.high_hint_use.arms.real_train.auroc
Analytic usefulness,ASSISTments,Markov,High Hint Use; Standard synthetic only (TSTR),AUPRC,Higher,0.3552027171893102,0.016900905729008906,0.3384946811490046,0.37835849424169143,3,0,rq2.tail_learnability.high_hint_use.arms.synthetic_train.auprc
Analytic usefulness,ASSISTments,Markov,High Hint Use; Standard synthetic only (TSTR),AUROC,Higher,0.8224830495111952,0.007295226328130125,0.814772266522503,0.8322746317069875,3,0,rq2.tail_learnability.high_hint_use.arms.synthetic_train.auroc
Analytic usefulness,ASSISTments,Markov,High Hint Use; Targeted synthetic only,AUPRC,Higher,0.37744525606220214,0.007722076679094002,0.3676735090075381,0.3865537380228914,3,0,rq2.tail_learnability.high_hint_use.arms.tail_targeted_synthetic.auprc
Analytic usefulness,ASSISTments,Markov,High Hint Use; Targeted synthetic only,AUROC,Higher,0.8254479772041267,0.0011454155748462445,0.8244188403838356,0.8270458845789972,3,0,rq2.tail_learnability.high_hint_use.arms.tail_targeted_synthetic.auroc
Analytic usefulness,ASSISTments,Markov,High Hint Use; Standard augmentation gain,AUPRC,Higher,-0.02206111397938837,0.004676110747252422,-0.026348027182152567,-0.01555694654434292,3,0,rq2.tail_learnability.high_hint_use.real_plus_synthetic_gain_over_real.auprc
Analytic usefulness,ASSISTments,Markov,High Hint Use; Standard augmentation gain,AUROC,Higher,-0.018359744560075646,0.007511916547968169,-0.024711954318151097,-0.007809332342208375,3,0,rq2.tail_learnability.high_hint_use.real_plus_synthetic_gain_over_real.auroc
Analytic usefulness,ASSISTments,Markov,High Hint Use; Standard synthetic utility loss,AUPRC,Lower,0.0847170581799934,0.016900905729008906,0.061561281127612166,0.101425094220299,3,0,rq2.tail_learnability.high_hint_use.synthetic_utility_gap.auprc
Analytic usefulness,ASSISTments,Markov,High Hint Use; Standard synthetic utility loss,AUROC,Lower,0.04720795603009409,0.007295226328130125,0.03741637383430185,0.0549187390187863,3,0,rq2.tail_learnability.high_hint_use.synthetic_utility_gap.auroc
Analytic usefulness,ASSISTments,Markov,High Hint Use; Targeted-vs-standard TSTR gain,AUPRC,Higher,0.02224253887289192,0.013040163836676376,0.008195243781199957,0.039613840007172274,3,0,rq2.tail_learnability.high_hint_use.tail_targeted_tstr_gain.auprc
Analytic usefulness,ASSISTments,Markov,High Hint Use; Targeted-vs-standard TSTR gain,AUROC,Higher,0.0029649276929314405,0.007427744986379974,-0.007395425057440286,0.009646573861332608,3,0,rq2.tail_learnability.high_hint_use.tail_targeted_tstr_gain.auroc
Analytic usefulness,ASSISTments,Markov,High Hint Use; Targeted augmentation gain,AUPRC,Higher,-0.029882121112944065,0.005790330710912038,-0.037889696279926166,-0.02439477376609822,3,0,rq2.tail_learnability.high_hint_use.targeted_augmentation_gain_over_real.auprc
Analytic usefulness,ASSISTments,Markov,High Hint Use; Targeted augmentation gain,AUROC,Higher,-0.017889523359012467,0.006257691217427767,-0.024931578591701586,-0.009726821192053037,3,0,rq2.tail_learnability.high_hint_use.targeted_augmentation_gain_over_real.auroc
Analytic usefulness,ASSISTments,Markov,Late Correctness Decline; Real + standard synthetic,AUPRC,Higher,0.7504516903809483,0.0005828807848104514,0.7496312311842596,0.7509309130505293,3,0,rq2.tail_learnability.late_failure.arms.real_plus_synthetic.auprc
Analytic usefulness,ASSISTments,Markov,Late Correctness Decline; Real + standard synthetic,AUROC,Higher,0.7374176337201548,0.0012762589984925716,0.7356142456982794,0.7383833533413365,3,0,rq2.tail_learnability.late_failure.arms.real_plus_synthetic.auroc
Analytic usefulness,ASSISTments,Markov,Late Correctness Decline; Real + targeted synthetic,AUPRC,Higher,0.7567552749029446,0.004082311353943681,0.7512097696121858,0.7609185049082369,3,0,rq2.tail_learnability.late_failure.arms.real_plus_tail_targeted_synthetic.auprc
Analytic usefulness,ASSISTments,Markov,Late Correctness Decline; Real + targeted synthetic,AUROC,Higher,0.7389249032946511,0.0027703050372874954,0.7368707482993198,0.7428411364545817,3,0,rq2.tail_learnability.late_failure.arms.real_plus_tail_targeted_synthetic.auroc
Analytic usefulness,ASSISTments,Markov,Late Correctness Decline; Real only (TRTR),AUPRC,Higher,0.7467286352231772,0.0,0.7467286352231772,0.7467286352231772,3,0,rq2.tail_learnability.late_failure.arms.real_train.auprc
Analytic usefulness,ASSISTments,Markov,Late Correctness Decline; Real only (TRTR),AUROC,Higher,0.7450900360144056,1.1102230246251565e-16,0.7450900360144057,0.7450900360144057,3,0,rq2.tail_learnability.late_failure.arms.real_train.auroc
Analytic usefulness,ASSISTments,Markov,Late Correctness Decline; Standard synthetic only (TSTR),AUPRC,Higher,0.747513197222969,0.0032166678197893092,0.742999993737392,0.7502634319444306,3,0,rq2.tail_learnability.late_failure.arms.synthetic_train.auprc
Analytic usefulness,ASSISTments,Markov,Late Correctness Decline; Standard synthetic only (TSTR),AUROC,Higher,0.7226623982926504,0.0007644162878986432,0.7216006402561024,0.7233693477390957,3,0,rq2.tail_learnability.late_failure.arms.synthetic_train.auroc
Analytic usefulness,ASSISTments,Markov,Late Correctness Decline; Targeted synthetic only,AUPRC,Higher,0.7465377488307766,0.005551372973895596,0.7387509226297615,0.7512975429844796,3,0,rq2.tail_learnability.late_failure.arms.tail_targeted_synthetic.auprc
Analytic usefulness,ASSISTments,Markov,Late Correctness Decline; Targeted synthetic only,AUROC,Higher,0.7200426837401627,0.008608710295140723,0.7099639855942377,0.7309963985594237,3,0,rq2.tail_learnability.late_failure.arms.tail_targeted_synthetic.auroc
Analytic usefulness,ASSISTments,Markov,Late Correctness Decline; Standard augmentation gain,AUPRC,Higher,0.003723055157770938,0.0005828807848104514,0.0029025959610823326,0.004202277827352052,3,0,rq2.tail_learnability.late_failure.real_plus_synthetic_gain_over_real.auprc
Analytic usefulness,ASSISTments,Markov,Late Correctness Decline; Standard augmentation gain,AUROC,Higher,-0.007672402294250924,0.0012762589984925716,-0.009475790316126331,-0.006706682673069175,3,0,rq2.tail_learnability.late_failure.real_plus_synthetic_gain_over_real.auroc
Analytic usefulness,ASSISTments,Markov,Late Correctness Decline; Standard synthetic utility loss,AUPRC,Lower,-0.0007845619997918218,0.0032166678197893092,-0.0035347967212533415,0.0037286414857852224,3,0,rq2.tail_learnability.late_failure.synthetic_utility_gap.auprc
Analytic usefulness,ASSISTments,Markov,Late Correctness Decline; Standard synthetic utility loss,AUROC,Lower,0.02242763772175534,0.0007644162878986432,0.02172068827531004,0.023489395758303333,3,0,rq2.tail_learnability.late_failure.synthetic_utility_gap.auroc
Analytic usefulness,ASSISTments,Markov,Late Correctness Decline; Targeted-vs-standard TSTR gain,AUPRC,Higher,-0.0009754483921924351,0.0023347227371909047,-0.004249071107630509,0.0010341110400490239,3,0,rq2.tail_learnability.late_failure.tail_targeted_tstr_gain.auprc
Analytic usefulness,ASSISTments,Markov,Late Correctness Decline; Targeted-vs-standard TSTR gain,AUROC,Higher,-0.002619714552487662,0.007912308548925913,-0.011636654661864698,0.007627050820327996,3,0,rq2.tail_learnability.late_failure.tail_targeted_tstr_gain.auroc
Analytic usefulness,ASSISTments,Markov,Late Correctness Decline; Targeted augmentation gain,AUPRC,Higher,0.010026639679767468,0.004082311353943681,0.004481134389008545,0.014189869685059642,3,0,rq2.tail_learnability.late_failure.targeted_augmentation_gain_over_real.auprc
Analytic usefulness,ASSISTments,Markov,Late Correctness Decline; Targeted augmentation gain,AUROC,Higher,-0.006165132719754533,0.0027703050372874954,-0.008219287715085954,-0.0022488995598239914,3,0,rq2.tail_learnability.late_failure.targeted_augmentation_gain_over_real.auroc
Analytic usefulness,ASSISTments,Markov,Persistent Low Correctness; Real + standard synthetic,AUPRC,Higher,0.1251893566525667,0.0036434175765919486,0.12005444365940299,0.1281259186497951,3,0,rq2.tail_learnability.persistent_failure.arms.real_plus_synthetic.auprc
Analytic usefulness,ASSISTments,Markov,Persistent Low Correctness; Real + standard synthetic,AUROC,Higher,0.7427591951813405,0.02159802548211922,0.7254901960784315,0.7732122260668973,3,0,rq2.tail_learnability.persistent_failure.arms.real_plus_synthetic.auroc
Analytic usefulness,ASSISTments,Markov,Persistent Low Correctness; Real + targeted synthetic,AUPRC,Higher,0.11637385239318625,0.006248443672900718,0.10756624598804385,0.12139743342626648,3,0,rq2.tail_learnability.persistent_failure.arms.real_plus_tail_targeted_synthetic.auprc
Analytic usefulness,ASSISTments,Markov,Persistent Low Correctness; Real + targeted synthetic,AUROC,Higher,0.7760556837113931,0.02529586677951642,0.750480584390619,0.8105055747789311,3,0,rq2.tail_learnability.persistent_failure.arms.real_plus_tail_targeted_synthetic.auroc
Analytic usefulness,ASSISTments,Markov,Persistent Low Correctness; Real only (TRTR),AUPRC,Higher,0.14362446678856103,0.0,0.14362446678856103,0.14362446678856103,3,0,rq2.tail_learnability.persistent_failure.arms.real_train.auprc
Analytic usefulness,ASSISTments,Markov,Persistent Low Correctness; Real only (TRTR),AUROC,Higher,0.8221597462514417,1.1102230246251565e-16,0.8221597462514418,0.8221597462514418,3,0,rq2.tail_learnability.persistent_failure.arms.real_train.auroc
Analytic usefulness,ASSISTments,Markov,Persistent Low Correctness; Standard synthetic only (TSTR),AUPRC,Higher,0.08151076288626836,0.006995084200139915,0.07164787440371591,0.08710506271975232,3,0,rq2.tail_learnability.persistent_failure.arms.synthetic_train.auprc
Analytic usefulness,ASSISTments,Markov,Persistent Low Correctness; Standard synthetic only (TSTR),AUROC,Higher,0.7502803408945278,0.013783005228791181,0.7312812379853902,0.7635524798154556,3,0,rq2.tail_learnability.persistent_failure.arms.synthetic_train.auroc
Analytic usefulness,ASSISTments,Markov,Persistent Low Correctness; Targeted synthetic only,AUPRC,Higher,0.07823093875763236,0.00538763992592981,0.07423217380734709,0.08584702890822749,3,0,rq2.tail_learnability.persistent_failure.arms.tail_targeted_synthetic.auprc
Analytic usefulness,ASSISTments,Markov,Persistent Low Correctness; Targeted synthetic only,AUROC,Higher,0.7583701781366141,0.01642003310158074,0.7444732795078817,0.7814302191464821,3,0,rq2.tail_learnability.persistent_failure.arms.tail_targeted_synthetic.auroc
Analytic usefulness,ASSISTments,Markov,Persistent Low Correctness; Standard augmentation gain,AUPRC,Higher,-0.01843511013599432,0.0036434175765919486,-0.02357002312915804,-0.015498548138765916,3,0,rq2.tail_learnability.persistent_failure.real_plus_synthetic_gain_over_real.auprc
Analytic usefulness,ASSISTments,Markov,Persistent Low Correctness; Standard augmentation gain,AUROC,Higher,-0.07940055107010129,0.02159802548211922,-0.09666955017301038,-0.04894752018454451,3,0,rq2.tail_learnability.persistent_failure.real_plus_synthetic_gain_over_real.auroc
Analytic usefulness,ASSISTments,Markov,Persistent Low Correctness; Standard synthetic utility loss,AUPRC,Lower,0.06211370390229265,0.0069950842001399146,0.056519404068808704,0.07197659238484512,3,0,rq2.tail_learnability.persistent_failure.synthetic_utility_gap.auprc
Analytic usefulness,ASSISTments,Markov,Persistent Low Correctness; Standard synthetic utility loss,AUROC,Lower,0.0718794053569141,0.013783005228791178,0.05860726643598624,0.0908785082660516,3,0,rq2.tail_learnability.persistent_failure.synthetic_utility_gap.auroc
Analytic usefulness,ASSISTments,Markov,Persistent Low Correctness; Targeted-vs-standard TSTR gain,AUPRC,Higher,-0.003279824128636019,0.005792616510923547,-0.0111657379780144,0.0025842994036311823,3,0,rq2.tail_learnability.persistent_failure.tail_targeted_tstr_gain.auprc
Analytic usefulness,ASSISTments,Markov,Persistent Low Correctness; Targeted-vs-standard TSTR gain,AUROC,Higher,0.008089837242086414,0.0301598157391856,-0.01907920030757393,0.0501489811610919,3,0,rq2.tail_learnability.persistent_failure.tail_targeted_tstr_gain.auroc
Analytic usefulness,ASSISTments,Markov,Persistent Low Correctness; Targeted augmentation gain,AUPRC,Higher,-0.027250614395374784,0.006248443672900718,-0.03605822080051718,-0.02222703336229455,3,0,rq2.tail_learnability.persistent_failure.targeted_augmentation_gain_over_real.auprc
Analytic usefulness,ASSISTments,Markov,Persistent Low Correctness; Targeted augmentation gain,AUROC,Higher,-0.046104062540048764,0.02529586677951642,-0.0716791618608228,-0.011654171472510688,3,0,rq2.tail_learnability.persistent_failure.targeted_augmentation_gain_over_real.auroc
Analytic usefulness,ASSISTments,Markov,Rapid Low-Accuracy Responding; Real + standard synthetic,AUPRC,Higher,0.28122389012426663,0.0012578144150154776,0.2797455187489903,0.2828197900066651,3,0,rq2.tail_learnability.rapid_guessing.arms.real_plus_synthetic.auprc
Analytic usefulness,ASSISTments,Markov,Rapid Low-Accuracy Responding; Real + standard synthetic,AUROC,Higher,0.8515403701573914,0.00855489954450254,0.8447942623474538,0.8636109513769088,3,0,rq2.tail_learnability.rapid_guessing.arms.real_plus_synthetic.auroc
Analytic usefulness,ASSISTments,Markov,Rapid Low-Accuracy Responding; Real + targeted synthetic,AUPRC,Higher,0.25908200068962073,0.01011072437595716,0.2448524318967467,0.26741319377005757,3,0,rq2.tail_learnability.rapid_guessing.arms.real_plus_tail_targeted_synthetic.auprc
Analytic usefulness,ASSISTments,Markov,Rapid Low-Accuracy Responding; Real + targeted synthetic,AUROC,Higher,0.8548761527484933,0.011130460491546517,0.841839179605137,0.8690339275445659,3,0,rq2.tail_learnability.rapid_guessing.arms.real_plus_tail_targeted_synthetic.auroc
Analytic usefulness,ASSISTments,Markov,Rapid Low-Accuracy Responding; Real only (TRTR),AUPRC,Higher,0.34086476224871176,0.0,0.34086476224871176,0.34086476224871176,3,0,rq2.tail_learnability.rapid_guessing.arms.real_train.auprc
Analytic usefulness,ASSISTments,Markov,Rapid Low-Accuracy Responding; Real only (TRTR),AUROC,Higher,0.8809900325857773,0.0,0.8809900325857773,0.8809900325857773,3,0,rq2.tail_learnability.rapid_guessing.arms.real_train.auroc
Analytic usefulness,ASSISTments,Markov,Rapid Low-Accuracy Responding; Standard synthetic only (TSTR),AUPRC,Higher,0.21645363224359015,0.018085947534923548,0.19337344605590162,0.23753998122706121,3,0,rq2.tail_learnability.rapid_guessing.arms.synthetic_train.auprc
Analytic usefulness,ASSISTments,Markov,Rapid Low-Accuracy Responding; Standard synthetic only (TSTR),AUROC,Higher,0.8138670585479096,0.01786092244188416,0.797656699252444,0.8387483227908761,3,0,rq2.tail_learnability.rapid_guessing.arms.synthetic_train.auroc
Analytic usefulness,ASSISTments,Markov,Rapid Low-Accuracy Responding; Targeted synthetic only,AUPRC,Higher,0.21971414174770457,0.013651576674431704,0.2026992583651225,0.23612212937928867,3,0,rq2.tail_learnability.rapid_guessing.arms.tail_targeted_synthetic.auprc
Analytic usefulness,ASSISTments,Markov,Rapid Low-Accuracy Responding; Targeted synthetic only,AUROC,Higher,0.81589035844355,0.006231623422794301,0.8109865184333269,0.8246837262794711,3,0,rq2.tail_learnability.rapid_guessing.arms.tail_targeted_synthetic.auroc
Analytic usefulness,ASSISTments,Markov,Rapid Low-Accuracy Responding; Standard augmentation gain,AUPRC,Higher,-0.05964087212444513,0.0012578144150154776,-0.061119243499721476,-0.05804497224204669,3,0,rq2.tail_learnability.rapid_guessing.real_plus_synthetic_gain_over_real.auprc
Analytic usefulness,ASSISTments,Markov,Rapid Low-Accuracy Responding; Standard augmentation gain,AUROC,Higher,-0.029449662428385943,0.00855489954450254,-0.036195770238323544,-0.017379081208868552,3,0,rq2.tail_learnability.rapid_guessing.real_plus_synthetic_gain_over_real.auroc
Analytic usefulness,ASSISTments,Markov,Rapid Low-Accuracy Responding; Standard synthetic utility loss,AUPRC,Lower,0.12441113000512159,0.018085947534923548,0.10332478102165055,0.14749131619281014,3,0,rq2.tail_learnability.rapid_guessing.synthetic_utility_gap.auprc
Analytic usefulness,ASSISTments,Markov,Rapid Low-Accuracy Responding; Standard synthetic utility loss,AUROC,Lower,0.06712297403786771,0.01786092244188416,0.04224170979490127,0.08333333333333337,3,0,rq2.tail_learnability.rapid_guessing.synthetic_utility_gap.auroc
Analytic usefulness,ASSISTments,Markov,Rapid Low-Accuracy Responding; Targeted-vs-standard TSTR gain,AUPRC,Higher,0.0032605095041144116,0.01774163064711451,-0.015748211082685176,0.026947591442800956,3,0,rq2.tail_learnability.rapid_guessing.tail_targeted_tstr_gain.auprc
Analytic usefulness,ASSISTments,Markov,Rapid Low-Accuracy Responding; Targeted-vs-standard TSTR gain,AUROC,Higher,0.002023299895640318,0.020498753445511934,-0.02674749217302419,0.019487572679062204,3,0,rq2.tail_learnability.rapid_guessing.tail_targeted_tstr_gain.auroc
Analytic usefulness,ASSISTments,Markov,Rapid Low-Accuracy Responding; Targeted augmentation gain,AUPRC,Higher,-0.08178276155909102,0.010110724375957161,-0.09601233035196508,-0.0734515684786542,3,0,rq2.tail_learnability.rapid_guessing.targeted_augmentation_gain_over_real.auprc
Analytic usefulness,ASSISTments,Markov,Rapid Low-Accuracy Responding; Targeted augmentation gain,AUROC,Higher,-0.026113879837284155,0.011130460491546517,-0.03915085298064036,-0.011956105041211473,3,0,rq2.tail_learnability.rapid_guessing.targeted_augmentation_gain_over_real.auroc
Analytic usefulness,ASSISTments,Markov,Rare Skill Path; Real + standard synthetic,AUPRC,Higher,0.8973296827448717,0.007177183984880419,0.8871952776298325,0.9028850754829941,3,0,rq2.tail_learnability.rare_skill_path.arms.real_plus_synthetic.auprc
Analytic usefulness,ASSISTments,Markov,Rare Skill Path; Real + standard synthetic,AUROC,Higher,0.7141731397050545,0.01492451957147492,0.6936845660249916,0.7288078351908138,3,0,rq2.tail_learnability.rare_skill_path.arms.real_plus_synthetic.auroc
Analytic usefulness,ASSISTments,Markov,Rare Skill Path; Real + targeted synthetic,AUPRC,Higher,0.8880824980336745,0.0035642889194792368,0.8846982767542576,0.8930098085128426,3,0,rq2.tail_learnability.rare_skill_path.arms.real_plus_tail_targeted_synthetic.auprc
Analytic usefulness,ASSISTments,Markov,Rare Skill Path; Real + targeted synthetic,AUROC,Higher,0.7092761454463582,0.0045480223469736005,0.7040414274456828,0.7151300236406619,3,0,rq2.tail_learnability.rare_skill_path.arms.real_plus_tail_targeted_synthetic.auroc
Analytic usefulness,ASSISTments,Markov,Rare Skill Path; Real only (TRTR),AUPRC,Higher,0.9009482365279129,0.0,0.9009482365279129,0.9009482365279129,3,0,rq2.tail_learnability.rare_skill_path.arms.real_train.auprc
Analytic usefulness,ASSISTments,Markov,Rare Skill Path; Real only (TRTR),AUROC,Higher,0.7239108409321174,1.1102230246251565e-16,0.7239108409321175,0.7239108409321175,3,0,rq2.tail_learnability.rare_skill_path.arms.real_train.auroc
Analytic usefulness,ASSISTments,Markov,Rare Skill Path; Standard synthetic only (TSTR),AUPRC,Higher,0.8785510388978274,0.007760966171653371,0.8708592115884524,0.8891774937077905,3,0,rq2.tail_learnability.rare_skill_path.arms.synthetic_train.auprc
Analytic usefulness,ASSISTments,Markov,Rare Skill Path; Standard synthetic only (TSTR),AUROC,Higher,0.6843033509700177,0.016269612755620444,0.6643026004728132,0.7041540020263424,3,0,rq2.tail_learnability.rare_skill_path.arms.synthetic_train.auroc
Analytic usefulness,ASSISTments,Markov,Rare Skill Path; Targeted synthetic only,AUPRC,Higher,0.8783862316846361,0.006313400964418393,0.8715296178977373,0.8867671826334624,3,0,rq2.tail_learnability.rare_skill_path.arms.tail_targeted_synthetic.auprc
Analytic usefulness,ASSISTments,Markov,Rare Skill Path; Targeted synthetic only,AUROC,Higher,0.7068745543922849,0.009059436998555236,0.6994821569289653,0.7196330068670495,3,0,rq2.tail_learnability.rare_skill_path.arms.tail_targeted_synthetic.auroc
Analytic usefulness,ASSISTments,Markov,Rare Skill Path; Standard augmentation gain,AUPRC,Higher,-0.0036185537830412118,0.007177183984880419,-0.01375295889808037,0.0019368389550812326,3,0,rq2.tail_learnability.rare_skill_path.real_plus_synthetic_gain_over_real.auprc
Analytic usefulness,ASSISTments,Markov,Rare Skill Path; Standard augmentation gain,AUROC,Higher,-0.009737701227063003,0.014924519571474922,-0.030226274907125927,0.0048969942586962745,3,0,rq2.tail_learnability.rare_skill_path.real_plus_synthetic_gain_over_real.auroc
Analytic usefulness,ASSISTments,Markov,Rare Skill Path; Standard synthetic utility loss,AUPRC,Lower,0.02239719763008548,0.007760966171653371,0.01177074282012236,0.03008902493946053,3,0,rq2.tail_learnability.rare_skill_path.synthetic_utility_gap.auprc
Analytic usefulness,ASSISTments,Markov,Rare Skill Path; Standard synthetic utility loss,AUROC,Lower,0.03960748996209995,0.016269612755620444,0.019756838905775176,0.05960824045930435,3,0,rq2.tail_learnability.rare_skill_path.synthetic_utility_gap.auroc
Analytic usefulness,ASSISTments,Markov,Rare Skill Path; Targeted-vs-standard TSTR gain,AUPRC,Higher,-0.0001648072131913425,0.012539775887501499,-0.017647875810053226,0.0111507712362231,3,0,rq2.tail_learnability.rare_skill_path.tail_targeted_tstr_gain.auprc
Analytic usefulness,ASSISTments,Markov,Rare Skill Path; Targeted-vs-standard TSTR gain,AUROC,Higher,0.02257120342226726,0.01928149865226314,-0.004671845097377059,0.03720589890802661,3,0,rq2.tail_learnability.rare_skill_path.tail_targeted_tstr_gain.auroc
Analytic usefulness,ASSISTments,Markov,Rare Skill Path; Targeted augmentation gain,AUPRC,Higher,-0.012865738494238443,0.0035642889194792368,-0.016249959773655287,-0.007938428015070276,3,0,rq2.tail_learnability.rare_skill_path.targeted_augmentation_gain_over_real.auprc
Analytic usefulness,ASSISTments,Markov,Rare Skill Path; Targeted augmentation gain,AUROC,Higher,-0.014634695485759353,0.0045480223469736005,-0.019869413486434784,-0.008780817291455634,3,0,rq2.tail_learnability.rare_skill_path.targeted_augmentation_gain_over_real.auroc
Analytic usefulness,ASSISTments,Markov,Recovery; Real + standard synthetic,AUPRC,Higher,0.753397331909945,0.0032108653234488188,0.7488933222116694,0.7561492434167387,3,0,rq2.tail_learnability.recovery.arms.real_plus_synthetic.auprc
Analytic usefulness,ASSISTments,Markov,Recovery; Real + standard synthetic,AUROC,Higher,0.7322305451518935,0.004434547998999833,0.7288181439866833,0.7384935497295048,3,0,rq2.tail_learnability.recovery.arms.real_plus_synthetic.auroc
Analytic usefulness,ASSISTments,Markov,Recovery; Real + targeted synthetic,AUPRC,Higher,0.7436802159258993,0.004354829582612481,0.740546506657606,0.7498385529684577,3,0,rq2.tail_learnability.recovery.arms.real_plus_tail_targeted_synthetic.auprc
Analytic usefulness,ASSISTments,Markov,Recovery; Real + targeted synthetic,AUROC,Higher,0.7229435427937302,0.006489224402661465,0.7142114024136498,0.7297544735746984,3,0,rq2.tail_learnability.recovery.arms.real_plus_tail_targeted_synthetic.auroc
Analytic usefulness,ASSISTments,Markov,Recovery; Real only (TRTR),AUPRC,Higher,0.7444827844984067,1.1102230246251565e-16,0.7444827844984065,0.7444827844984065,3,0,rq2.tail_learnability.recovery.arms.real_train.auprc
Analytic usefulness,ASSISTments,Markov,Recovery; Real only (TRTR),AUROC,Higher,0.7328547648772367,0.0,0.7328547648772367,0.7328547648772367,3,0,rq2.tail_learnability.recovery.arms.real_train.auroc
Analytic usefulness,ASSISTments,Markov,Recovery; Standard synthetic only (TSTR),AUPRC,Higher,0.7533773029176761,0.009587096606437173,0.7455913503100426,0.7668829187396222,3,0,rq2.tail_learnability.recovery.arms.synthetic_train.auprc
Analytic usefulness,ASSISTments,Markov,Recovery; Standard synthetic only (TSTR),AUROC,Higher,0.726876127063393,0.00858999549908035,0.7168747399084479,0.7378485226799835,3,0,rq2.tail_learnability.recovery.arms.synthetic_train.auroc
Analytic usefulness,ASSISTments,Markov,Recovery; Targeted synthetic only,AUPRC,Higher,0.7310267680014814,0.007188206041225691,0.7245567674456072,0.74105218643605,3,0,rq2.tail_learnability.recovery.arms.tail_targeted_synthetic.auprc
Analytic usefulness,ASSISTments,Markov,Recovery; Targeted synthetic only,AUROC,Higher,0.705992509363296,0.00907687570410274,0.6985226799833544,0.718768206408656,3,0,rq2.tail_learnability.recovery.arms.tail_targeted_synthetic.auroc
Analytic usefulness,ASSISTments,Markov,Recovery; Standard augmentation gain,AUPRC,Higher,0.00891454741153841,0.0032108653234488188,0.00441053771326283,0.011666458918332179,3,0,rq2.tail_learnability.recovery.real_plus_synthetic_gain_over_real.auprc
Analytic usefulness,ASSISTments,Markov,Recovery; Standard augmentation gain,AUROC,Higher,-0.0006242197253431744,0.004434547998999833,-0.004036620890553344,0.005638784852268097,3,0,rq2.tail_learnability.recovery.real_plus_synthetic_gain_over_real.auroc
Analytic usefulness,ASSISTments,Markov,Recovery; Standard synthetic utility loss,AUPRC,Lower,-0.008894518419269545,0.009587096606437173,-0.022400134241215675,-0.0011085658116360975,3,0,rq2.tail_learnability.recovery.synthetic_utility_gap.auprc
Analytic usefulness,ASSISTments,Markov,Recovery; Standard synthetic utility loss,AUROC,Lower,0.005978637813843631,0.00858999549908035,-0.004993757802746801,0.01598002496878881,3,0,rq2.tail_learnability.recovery.synthetic_utility_gap.auroc
Analytic usefulness,ASSISTments,Markov,Recovery; Targeted-vs-standard TSTR gain,AUPRC,Higher,-0.022350534916194726,0.0024851198180627122,-0.025830732303572246,-0.020186289580576444,3,0,rq2.tail_learnability.recovery.tail_targeted_tstr_gain.auprc
Analytic usefulness,ASSISTments,Markov,Recovery; Targeted-vs-standard TSTR gain,AUROC,Higher,-0.02088361770009702,0.004744627581016066,-0.0273824386183934,-0.016188098210570212,3,0,rq2.tail_learnability.recovery.tail_targeted_tstr_gain.auroc
Analytic usefulness,ASSISTments,Markov,Recovery; Targeted augmentation gain,AUPRC,Higher,-0.0008025685725072673,0.004354829582612481,-0.003936277840800528,0.005355768470051148,3,0,rq2.tail_learnability.recovery.targeted_augmentation_gain_over_real.auprc
Analytic usefulness,ASSISTments,Markov,Recovery; Targeted augmentation gain,AUROC,Higher,-0.009911222083506513,0.006489224402661465,-0.018643362463586888,-0.003100291302538305,3,0,rq2.tail_learnability.recovery.targeted_augmentation_gain_over_real.auroc
Analytic usefulness,ASSISTments,Markov,High Hint Use,Rare-group prevalence-error reduction,Higher,0.013317779721979199,0.004288275493363036,0.007290755322251388,0.016914552347623214,3,0,rq2.tail_targeting_fidelity_gain.high_hint_use.prevalence_error_reduction
Analytic usefulness,ASSISTments,Markov,High Hint Use,Rare-group trajectory-shape-error reduction,Higher,-0.005549300118410189,0.00337096635139291,-0.008105385177924085,-0.0007862980351243595,3,0,rq2.tail_targeting_fidelity_gain.high_hint_use.primary_signal_curve_mae_reduction
Analytic usefulness,ASSISTments,Markov,Late Correctness Decline,Rare-group prevalence-error reduction,Higher,-0.015067560999319532,0.0036914236504418264,-0.019539224263633716,-0.010498687664041995,3,0,rq2.tail_targeting_fidelity_gain.late_failure.prevalence_error_reduction
Analytic usefulness,ASSISTments,Markov,Late Correctness Decline,Rare-group trajectory-shape-error reduction,Higher,-0.004782838161341803,0.010263393481661722,-0.013873626373626359,0.009561741926231056,3,0,rq2.tail_targeting_fidelity_gain.late_failure.primary_signal_curve_mae_reduction
Analytic usefulness,ASSISTments,Markov,Persistent Low Correctness,Rare-group prevalence-error reduction,Higher,0.01458151064450277,0.0013257686105750818,0.013123359580052492,0.016331291921843103,3,0,rq2.tail_targeting_fidelity_gain.persistent_failure.prevalence_error_reduction
Analytic usefulness,ASSISTments,Markov,Persistent Low Correctness,Rare-group trajectory-shape-error reduction,Higher,-0.004429613596280249,0.005559964726631385,-0.009989578322911634,0.001130351130351136,2,1,rq2.tail_targeting_fidelity_gain.persistent_failure.primary_signal_curve_mae_reduction
Analytic usefulness,ASSISTments,Markov,Rapid Low-Accuracy Responding,Rare-group prevalence-error reduction,Higher,-0.0015553611354136316,0.004817541243652714,-0.005249343832021001,0.005249343832020994,3,0,rq2.tail_targeting_fidelity_gain.rapid_guessing.prevalence_error_reduction
Analytic usefulness,ASSISTments,Markov,Rapid Low-Accuracy Responding,Rare-group trajectory-shape-error reduction,Higher,0.0429504800956722,0.011034503942258706,0.028495411530988154,0.055270033670033525,3,0,rq2.tail_targeting_fidelity_gain.rapid_guessing.primary_signal_curve_mae_reduction
Analytic usefulness,ASSISTments,Markov,Rare Skill Path,Rare-group prevalence-error reduction,Higher,0.006610284825507926,0.002288053328655549,0.004082822980460778,0.00962379702537183,3,0,rq2.tail_targeting_fidelity_gain.rare_skill_path.prevalence_error_reduction
Analytic usefulness,ASSISTments,Markov,Rare Skill Path,Rare-group trajectory-shape-error reduction,Higher,-0.007999011401861558,0.028163473199806728,-0.03410269607535457,0.031105087437239637,3,0,rq2.tail_targeting_fidelity_gain.rare_skill_path.primary_signal_curve_mae_reduction
Analytic usefulness,ASSISTments,Markov,Recovery,Rare-group prevalence-error reduction,Higher,-0.006707494896471276,0.005669939368685791,-0.01458151064450277,-0.0014581510644502763,3,0,rq2.tail_targeting_fidelity_gain.recovery.prevalence_error_reduction
Analytic usefulness,ASSISTments,Markov,Recovery,Rare-group trajectory-shape-error reduction,Higher,-0.007915028139690276,0.013613395092594854,-0.018257238869098913,0.011318999995263729,3,0,rq2.tail_targeting_fidelity_gain.recovery.primary_signal_curve_mae_reduction
Population composition,ASSISTments,SeqVAE,All eligible learners/events,Average feature-distribution divergence,Lower,0.0002533177834623226,1.749813100273568e-05,0.0002348885326089485,0.0002768344687973203,3,0,rq1.average_fidelity.modeled_value_marginal_js_mean
Population composition,ASSISTments,SeqVAE,All eligible learners/events,Behavior-rate error,Lower,0.0012035891900871547,0.0008461437071451022,1.1321622124582653e-05,0.0018881101592275185,3,0,rq1.average_fidelity.primary_signal_rate_error
Population composition,ASSISTments,SeqVAE,All eligible learners/events,Event-type frequency divergence,Lower,0.0012583529372957622,5.01601094105562e-05,0.001189642475247443,0.0013079793558293568,3,0,rq1.average_fidelity.skill_frequency_js
Learning process,ASSISTments,SeqVAE,All eligible learners/events,Feature-dependence error,Lower,0.09928856770272637,1.2528967614559344e-05,0.09927185183862268,0.09930201458945283,3,0,rq1.cross_signal_dependence.prespecified_signal_nmi_mae
Population composition,ASSISTments,SeqVAE,All eligible learners/events,Real-versus-synthetic detectability AUROC,0.5 best,0.8500292977777778,0.0007660139045438557,0.8493312961111111,0.8510957672222222,3,0,rq1.detectability.detectability_auc
Learner-pathway representation,ASSISTments,SeqVAE,All eligible learners/events,Subgroup hint-use error,Lower,0.05154963047892991,0.0015173658788314658,0.04966003237098135,0.05337514688721878,3,0,rq1.subgroup_fidelity.future_hint_rate_mae
Learner-pathway representation,ASSISTments,SeqVAE,All eligible learners/events,Subgroup behavior error,Lower,0.06606851988472079,0.0014349534570429886,0.06439065958909511,0.06789599732886882,3,0,rq1.subgroup_fidelity.future_primary_signal_rate_mae
Learner-pathway representation,ASSISTments,SeqVAE,All eligible learners/events,Subgroup-size error,Lower,0.09067139783100019,0.005998624934364601,0.08555512306930768,0.09908982966493685,3,0,rq1.subgroup_fidelity.learner_share_mae
Learner-pathway representation,ASSISTments,SeqVAE,High Hint Use,Rare-group prevalence error,Lower,0.03898123845630407,0.0026550987233882896,0.035287255759696705,0.04141149023038787,3,0,rq1.tail_fidelity.high_hint_use.prevalence_error
Learner-pathway representation,ASSISTments,SeqVAE,High Hint Use,Rare-group trajectory-shape error,Lower,0.5031300322061192,0.0,0.5031300322061192,0.5031300322061192,1,2,rq1.tail_fidelity.high_hint_use.primary_signal_curve_mae
Learner-pathway representation,ASSISTments,SeqVAE,Late Correctness Decline,Rare-group prevalence error,Lower,0.008457276173811609,0.00695442777195292,0.0005832604257801112,0.017497812773403325,3,0,rq1.tail_fidelity.late_failure.prevalence_error
Learner-pathway representation,ASSISTments,SeqVAE,Late Correctness Decline,Rare-group trajectory-shape error,Lower,0.072971521249883,0.016288786250164847,0.05119325119325119,0.09036196778132269,3,0,rq1.tail_fidelity.late_failure.primary_signal_curve_mae
Learner-pathway representation,ASSISTments,SeqVAE,Persistent Low Correctness,Rare-group prevalence error,Lower,0.023719257315057838,0.0009014891120341892,0.022455526392534265,0.024496937882764653,3,0,rq1.tail_fidelity.persistent_failure.prevalence_error
Learner-pathway representation,ASSISTments,SeqVAE,Rapid Low-Accuracy Responding,Rare-group prevalence error,Lower,0.024594147953728007,0.0005992431226760949,0.02391367745698454,0.02537182852143482,3,0,rq1.tail_fidelity.rapid_guessing.prevalence_error
Learner-pathway representation,ASSISTments,SeqVAE,Rare Skill Path,Rare-group prevalence error,Lower,0.9365218236609313,0.007274535601776887,0.9268008165645961,0.9442986293379995,3,0,rq1.tail_fidelity.rare_skill_path.prevalence_error
Learner-pathway representation,ASSISTments,SeqVAE,Rare Skill Path,Rare-group trajectory-shape error,Lower,0.05319671030228793,0.004226344242664463,0.04845373752740704,0.05871798008367923,3,0,rq1.tail_fidelity.rare_skill_path.primary_signal_curve_mae
Learner-pathway representation,ASSISTments,SeqVAE,Recovery,Rare-group prevalence error,Lower,0.010304267522115291,0.009250803735487754,0.0005832604257801147,0.02274715660542432,3,0,rq1.tail_fidelity.recovery.prevalence_error
Learner-pathway representation,ASSISTments,SeqVAE,Recovery,Rare-group trajectory-shape error,Lower,0.06933876304213067,0.015981847250668223,0.05106372252470257,0.08999350227420405,3,0,rq1.tail_fidelity.recovery.primary_signal_curve_mae
Learning process,ASSISTments,SeqVAE,All eligible learners/events,Behavior--hint lag error,Lower,0.4437002831694438,0.002564690964316976,0.4418781750183043,0.4473272903056972,3,0,rq1.temporal_fidelity.correct_hint_cross_correlation_mae
Learning process,ASSISTments,SeqVAE,All eligible learners/events,Behavior-persistence error,Lower,0.20170429556995337,0.0008923786033236117,0.20061331423933051,0.20279917604194034,3,0,rq1.temporal_fidelity.correctness_autocorrelation_mae
Learning process,ASSISTments,SeqVAE,All eligible learners/events,Trajectory-shape error,Lower,0.02720787464983032,0.0029020712990264234,0.02466277178166785,0.03126877062499731,3,0,rq1.temporal_fidelity.correctness_curve_mae
Learning process,ASSISTments,SeqVAE,All eligible learners/events,Behavior-transition divergence,Lower,0.01002134520057,0.00023665330827232753,0.009690676669268483,0.010231411158336402,3,0,rq1.temporal_fidelity.correctness_transition_js
Learning process,ASSISTments,SeqVAE,All eligible learners/events,Three-event sequence divergence,Lower,0.8634501610282177,0.003203880032731222,0.8590535325559626,0.8665969026226168,3,0,rq1.temporal_fidelity.skill_trigram_js
Analytic usefulness,ASSISTments,SeqVAE,Real + standard synthetic,AUPRC,Higher,0.8186805308701887,0.00027404753295844677,0.8183589556065508,0.8190286553319239,3,0,rq2.downstream_utility.arms.real_plus_synthetic.auprc
Analytic usefulness,ASSISTments,SeqVAE,Real + standard synthetic,AUROC,Higher,0.7327437331691226,0.0005744126916755047,0.731993142102919,0.7333880727488754,3,0,rq2.downstream_utility.arms.real_plus_synthetic.auroc
Analytic usefulness,ASSISTments,SeqVAE,Real + targeted synthetic,AUPRC,Higher,0.818587445821051,0.00037900352090161236,0.8180631600823707,0.8189460710796965,3,0,rq2.downstream_utility.arms.real_plus_tail_targeted_synthetic.auprc
Analytic usefulness,ASSISTments,SeqVAE,Real + targeted synthetic,AUROC,Higher,0.7325706433484709,0.0005423176800185049,0.7318270878398835,0.7331052295894229,3,0,rq2.downstream_utility.arms.real_plus_tail_targeted_synthetic.auroc
Analytic usefulness,ASSISTments,SeqVAE,Real only (TRTR),AUPRC,Higher,0.8232109318442457,0.0,0.8232109318442457,0.8232109318442457,3,0,rq2.downstream_utility.arms.real_train.auprc
Analytic usefulness,ASSISTments,SeqVAE,Real only (TRTR),AUROC,Higher,0.7383865356219795,1.1102230246251565e-16,0.7383865356219796,0.7383865356219796,3,0,rq2.downstream_utility.arms.real_train.auroc
Analytic usefulness,ASSISTments,SeqVAE,Standard synthetic only (TSTR),AUPRC,Higher,0.6453420865532313,0.005553838774213513,0.6374925606306237,0.6495043253820854,3,0,rq2.downstream_utility.arms.synthetic_train.auprc
Analytic usefulness,ASSISTments,SeqVAE,Standard synthetic only (TSTR),AUROC,Higher,0.5055841479917985,0.014773258390019863,0.4848196107167419,0.5179662263707843,3,0,rq2.downstream_utility.arms.synthetic_train.auroc
Analytic usefulness,ASSISTments,SeqVAE,Targeted synthetic only,AUPRC,Higher,0.6594336475471959,0.013692542450717611,0.6400696521515624,0.6691887197649795,3,0,rq2.downstream_utility.arms.tail_targeted_synthetic.auprc
Analytic usefulness,ASSISTments,SeqVAE,Targeted synthetic only,AUROC,Higher,0.5175720715849198,0.02196814260195905,0.48696587954084236,0.53749519904525,3,0,rq2.downstream_utility.arms.tail_targeted_synthetic.auroc
Analytic usefulness,ASSISTments,SeqVAE,Standard augmentation gain,AUPRC,Higher,-0.004530400974056954,0.00027404753295844677,-0.004851976237694844,-0.004182276512321725,3,0,rq2.downstream_utility.real_plus_synthetic_gain_over_real.auprc
Analytic usefulness,ASSISTments,SeqVAE,Standard augmentation gain,AUROC,Higher,-0.00564280245285705,0.0005744126916755047,-0.006393393519060653,-0.004998462873104237,3,0,rq2.downstream_utility.real_plus_synthetic_gain_over_real.auroc
Analytic usefulness,ASSISTments,SeqVAE,Standard synthetic utility loss,AUPRC,Lower,0.17786884529101432,0.005553838774213513,0.1737066064621603,0.185718371213622,3,0,rq2.downstream_utility.synthetic_utility_gap.auprc
Analytic usefulness,ASSISTments,SeqVAE,Standard synthetic utility loss,AUROC,Lower,0.23280238763018116,0.014773258390019863,0.22042030925119538,0.25356692490523774,3,0,rq2.downstream_utility.synthetic_utility_gap.auroc
Analytic usefulness,ASSISTments,SeqVAE,Targeted-vs-standard TSTR gain,AUPRC,Higher,0.014091560993964617,0.008145906823966667,0.002577091520938768,0.020159346117994525,3,0,rq2.downstream_utility.tail_targeted_tstr_gain.auprc
Analytic usefulness,ASSISTments,SeqVAE,Targeted-vs-standard TSTR gain,AUROC,Higher,0.011987923593121305,0.008811580398904785,0.0021462688241004613,0.02352859215738079,3,0,rq2.downstream_utility.tail_targeted_tstr_gain.auroc
Analytic usefulness,ASSISTments,SeqVAE,Targeted augmentation gain,AUPRC,Higher,-0.004623486023194697,0.00037900352090161236,-0.005147771761874975,-0.004264860764549128,3,0,rq2.downstream_utility.targeted_augmentation_gain_over_real.auprc
Analytic usefulness,ASSISTments,SeqVAE,Targeted augmentation gain,AUROC,Higher,-0.00581589227350876,0.0005423176800185049,-0.006559447782096162,-0.005281306032556721,3,0,rq2.downstream_utility.targeted_augmentation_gain_over_real.auroc
Analytic usefulness,ASSISTments,SeqVAE,Persistent Low-Correctness Prediction; Real + standard synthetic,AUPRC,Higher,0.19638550359974116,0.00911769762907172,0.1841937876703002,0.20611731564896707,3,0,rq2.learner_level_outcome_tasks.persistent_failure_prediction.arms.real_plus_synthetic.auprc
Analytic usefulness,ASSISTments,SeqVAE,Persistent Low-Correctness Prediction; Real + standard synthetic,AUROC,Higher,0.7731104651162791,0.014185232375926806,0.7627906976744186,0.7931686046511629,3,0,rq2.learner_level_outcome_tasks.persistent_failure_prediction.arms.real_plus_synthetic.auroc
Analytic usefulness,ASSISTments,SeqVAE,Persistent Low-Correctness Prediction; Real only (TRTR),AUPRC,Higher,0.13454822619524834,0.0,0.13454822619524834,0.13454822619524834,3,0,rq2.learner_level_outcome_tasks.persistent_failure_prediction.arms.real_train.auprc
Analytic usefulness,ASSISTments,SeqVAE,Persistent Low-Correctness Prediction; Real only (TRTR),AUROC,Higher,0.7011143410852713,1.1102230246251565e-16,0.7011143410852714,0.7011143410852714,3,0,rq2.learner_level_outcome_tasks.persistent_failure_prediction.arms.real_train.auroc
Analytic usefulness,ASSISTments,SeqVAE,Persistent Low-Correctness Prediction; Standard synthetic only (TSTR),AUPRC,Higher,0.06810266527544878,0.013468644540386328,0.05463402073506245,0.0815713098158351,2,1,rq2.learner_level_outcome_tasks.persistent_failure_prediction.arms.synthetic_train.auprc
Analytic usefulness,ASSISTments,SeqVAE,Persistent Low-Correctness Prediction; Standard synthetic only (TSTR),AUROC,Higher,0.5538154069767443,0.1434229651162791,0.4103924418604651,0.6972383720930233,2,1,rq2.learner_level_outcome_tasks.persistent_failure_prediction.arms.synthetic_train.auroc
Analytic usefulness,ASSISTments,SeqVAE,Persistent Low-Correctness Prediction; Targeted synthetic only,AUPRC,Higher,0.06302665818742968,0.022522297508121267,0.03164602304385809,0.08344165892912411,3,0,rq2.learner_level_outcome_tasks.persistent_failure_prediction.arms.tail_targeted_synthetic.auprc
Analytic usefulness,ASSISTments,SeqVAE,Persistent Low-Correctness Prediction; Targeted synthetic only,AUROC,Higher,0.4810804263565891,0.07801704302098153,0.3708575581395348,0.5404554263565892,3,0,rq2.learner_level_outcome_tasks.persistent_failure_prediction.arms.tail_targeted_synthetic.auroc
Analytic usefulness,ASSISTments,SeqVAE,Persistent Low-Correctness Prediction; Standard augmentation gain,AUPRC,Higher,0.061837277404492824,0.00911769762907172,0.049645561475051864,0.07156908945371873,3,0,rq2.learner_level_outcome_tasks.persistent_failure_prediction.real_plus_synthetic_gain_over_real.auprc
Analytic usefulness,ASSISTments,SeqVAE,Persistent Low-Correctness Prediction; Standard augmentation gain,AUROC,Higher,0.07199612403100775,0.014185232375926806,0.061676356589147274,0.09205426356589153,3,0,rq2.learner_level_outcome_tasks.persistent_failure_prediction.real_plus_synthetic_gain_over_real.auroc
Analytic usefulness,ASSISTments,SeqVAE,Persistent Low-Correctness Prediction; Standard synthetic utility loss,AUPRC,Lower,0.06644556091979956,0.013468644540386328,0.052976916379413236,0.07991420546018589,2,1,rq2.learner_level_outcome_tasks.persistent_failure_prediction.synthetic_utility_gap.auprc
Analytic usefulness,ASSISTments,SeqVAE,Persistent Low-Correctness Prediction; Standard synthetic utility loss,AUROC,Lower,0.14729893410852718,0.1434229651162791,0.003875968992248069,0.2907218992248063,2,1,rq2.learner_level_outcome_tasks.persistent_failure_prediction.synthetic_utility_gap.auroc
Analytic usefulness,ASSISTments,SeqVAE,Recovery Prediction; Real + standard synthetic,AUPRC,Higher,0.381636241073875,0.030598342876630633,0.34196730246735907,0.41644299686143893,3,0,rq2.learner_level_outcome_tasks.recovery_prediction.arms.real_plus_synthetic.auprc
Analytic usefulness,ASSISTments,SeqVAE,Recovery Prediction; Real + standard synthetic,AUROC,Higher,0.6363794907568887,0.018375658995635643,0.61056853854203,0.6519009417509591,3,0,rq2.learner_level_outcome_tasks.recovery_prediction.arms.real_plus_synthetic.auroc
Analytic usefulness,ASSISTments,SeqVAE,Recovery Prediction; Real only (TRTR),AUPRC,Higher,0.4386682829026786,0.0,0.4386682829026786,0.4386682829026786,3,0,rq2.learner_level_outcome_tasks.recovery_prediction.arms.real_train.auprc
Analytic usefulness,ASSISTments,SeqVAE,Recovery Prediction; Real only (TRTR),AUROC,Higher,0.6897453784443671,1.1102230246251565e-16,0.689745378444367,0.689745378444367,3,0,rq2.learner_level_outcome_tasks.recovery_prediction.arms.real_train.auroc
Analytic usefulness,ASSISTments,SeqVAE,Recovery Prediction; Standard synthetic only (TSTR),AUPRC,Higher,0.3079521279733724,0.03555099664945666,0.26156841109137874,0.34794348492809907,3,0,rq2.learner_level_outcome_tasks.recovery_prediction.arms.synthetic_train.auprc
Analytic usefulness,ASSISTments,SeqVAE,Recovery Prediction; Standard synthetic only (TSTR),AUROC,Higher,0.5099407045692362,0.047585556052474595,0.4737530519707011,0.5771712591559122,3,0,rq2.learner_level_outcome_tasks.recovery_prediction.arms.synthetic_train.auroc
Analytic usefulness,ASSISTments,SeqVAE,Recovery Prediction; Targeted synthetic only,AUPRC,Higher,0.29841419105479217,0.022705994513792075,0.28081311864867137,0.3304740257835262,3,0,rq2.learner_level_outcome_tasks.recovery_prediction.arms.tail_targeted_synthetic.auprc
Analytic usefulness,ASSISTments,SeqVAE,Recovery Prediction; Targeted synthetic only,AUROC,Higher,0.5012207882804325,0.04867687111188331,0.46067317753749565,0.569672131147541,3,0,rq2.learner_level_outcome_tasks.recovery_prediction.arms.tail_targeted_synthetic.auroc
Analytic usefulness,ASSISTments,SeqVAE,Recovery Prediction; Standard augmentation gain,AUPRC,Higher,-0.057032041828803594,0.030598342876630633,-0.09670098043531955,-0.02222528604123969,3,0,rq2.learner_level_outcome_tasks.recovery_prediction.real_plus_synthetic_gain_over_real.auprc
Analytic usefulness,ASSISTments,SeqVAE,Recovery Prediction; Standard augmentation gain,AUROC,Higher,-0.0533658876874783,0.018375658995635643,-0.07917683990233704,-0.03784443669340787,3,0,rq2.learner_level_outcome_tasks.recovery_prediction.real_plus_synthetic_gain_over_real.auroc
Analytic usefulness,ASSISTments,SeqVAE,Recovery Prediction; Standard synthetic utility loss,AUPRC,Lower,0.13071615492930624,0.03555099664945666,0.09072479797457955,0.17709987181129988,3,0,rq2.learner_level_outcome_tasks.recovery_prediction.synthetic_utility_gap.auprc
Analytic usefulness,ASSISTments,SeqVAE,Recovery Prediction; Standard synthetic utility loss,AUROC,Lower,0.1798046738751308,0.047585556052474595,0.11257411928845484,0.2159923264736659,3,0,rq2.learner_level_outcome_tasks.recovery_prediction.synthetic_utility_gap.auroc
Disclosure risk,ASSISTments,SeqVAE,Standard synthetic,Exact-duplicate rate,Lower,0.0,0.0,0.0,0.0,3,0,rq2.privacy_risk.standard.exact_duplicate_rate
Disclosure risk,ASSISTments,SeqVAE,Standard synthetic,Mean nearest-training distance,Higher,0.965734963048928,0.0015341024627731098,0.9641178259080272,0.9677960714990107,3,0,rq2.privacy_risk.standard.mean_nearest_neighbor_distance
Disclosure risk,ASSISTments,SeqVAE,Standard synthetic,Membership-inference advantage,Lower,0.023471235194585455,0.009516881083087493,0.010341370558375695,0.032597715736040644,3,0,rq2.privacy_risk.standard.membership_inference_attack_advantage
Disclosure risk,ASSISTments,SeqVAE,Standard synthetic,Near-duplicate rate,Lower,0.0,0.0,0.0,0.0,3,0,rq2.privacy_risk.standard.near_duplicate_rate
Disclosure risk,ASSISTments,SeqVAE,Targeted synthetic,Exact-duplicate rate,Lower,0.0,0.0,0.0,0.0,3,0,rq2.privacy_risk.tail_targeted.exact_duplicate_rate
Disclosure risk,ASSISTments,SeqVAE,Targeted synthetic,Mean nearest-training distance,Higher,0.9677480446097357,0.0020419548431296003,0.9655889322103345,0.9704883369736522,3,0,rq2.privacy_risk.tail_targeted.mean_nearest_neighbor_distance
Disclosure risk,ASSISTments,SeqVAE,Targeted synthetic,Membership-inference advantage,Lower,0.041224196277495816,0.025277931180358038,0.006446700507614311,0.06577918781725889,3,0,rq2.privacy_risk.tail_targeted.membership_inference_attack_advantage
Disclosure risk,ASSISTments,SeqVAE,Targeted synthetic,Near-duplicate rate,Lower,0.0,0.0,0.0,0.0,3,0,rq2.privacy_risk.tail_targeted.near_duplicate_rate
Disclosure risk,ASSISTments,SeqVAE,Targeted-minus-standard risk,Exact-duplicate risk change,Lower,0.0,0.0,0.0,0.0,3,0,rq2.privacy_risk.tail_targeted_minus_standard_risk.exact_duplicate_rate_risk_delta
Disclosure risk,ASSISTments,SeqVAE,Targeted-minus-standard risk,Nearest-neighbor exposure risk change,Lower,-0.0020130815608075947,0.0005078891561274962,-0.0026922654746415198,-0.0014711063023072901,3,0,rq2.privacy_risk.tail_targeted_minus_standard_risk.mean_nearest_exposure_risk_delta
Disclosure risk,ASSISTments,SeqVAE,Targeted-minus-standard risk,Membership-inference risk change,Lower,0.017752961082910357,0.027612368764554873,-0.02102791878172572,0.041105329949238545,3,0,rq2.privacy_risk.tail_targeted_minus_standard_risk.membership_inference_attack_advantage_risk_delta
Disclosure risk,ASSISTments,SeqVAE,Targeted-minus-standard risk,Near-duplicate risk change,Lower,0.0,0.0,0.0,0.0,3,0,rq2.privacy_risk.tail_targeted_minus_standard_risk.near_duplicate_rate_risk_delta
Analytic usefulness,ASSISTments,SeqVAE,High Hint Use; Real + standard synthetic,AUPRC,Higher,0.4170110259272308,0.008330662281538302,0.4057060440858996,0.4255354395921474,3,0,rq2.tail_learnability.high_hint_use.arms.real_plus_synthetic.auprc
Analytic usefulness,ASSISTments,SeqVAE,High Hint Use; Real + standard synthetic,AUROC,Higher,0.8591279226922556,0.001000513440983141,0.857818624138397,0.8602471617786187,3,0,rq2.tail_learnability.high_hint_use.arms.real_plus_synthetic.auroc
Analytic usefulness,ASSISTments,SeqVAE,High Hint Use; Real + targeted synthetic,AUPRC,Higher,0.3914261771323615,0.005414091814179907,0.3841748112373372,0.39718067541966096,3,0,rq2.tail_learnability.high_hint_use.arms.real_plus_tail_targeted_synthetic.auprc
Analytic usefulness,ASSISTments,SeqVAE,High Hint Use; Real + targeted synthetic,AUROC,Higher,0.8493602739108889,0.005242496317580324,0.8422717596972564,0.8547861197459115,3,0,rq2.tail_learnability.high_hint_use.arms.real_plus_tail_targeted_synthetic.auroc
Analytic usefulness,ASSISTments,SeqVAE,High Hint Use; Real only (TRTR),AUPRC,Higher,0.4399197753693036,0.0,0.4399197753693036,0.4399197753693036,3,0,rq2.tail_learnability.high_hint_use.arms.real_train.auprc
Analytic usefulness,ASSISTments,SeqVAE,High Hint Use; Real only (TRTR),AUROC,Higher,0.8696910055412893,0.0,0.8696910055412893,0.8696910055412893,3,0,rq2.tail_learnability.high_hint_use.arms.real_train.auroc
Analytic usefulness,ASSISTments,SeqVAE,High Hint Use; Standard synthetic only (TSTR),AUPRC,Higher,0.1086269723835784,0.008676424970256141,0.09645629365994912,0.11606377759822648,3,0,rq2.tail_learnability.high_hint_use.arms.synthetic_train.auprc
Analytic usefulness,ASSISTments,SeqVAE,High Hint Use; Standard synthetic only (TSTR),AUROC,Higher,0.5343979479208902,0.023673614818709828,0.5063184214082985,0.5642274293823489,3,0,rq2.tail_learnability.high_hint_use.arms.synthetic_train.auroc
Analytic usefulness,ASSISTments,SeqVAE,High Hint Use; Targeted synthetic only,AUPRC,Higher,0.10421071094711894,0.018416623488918024,0.08065148921183213,0.12560699143160697,3,0,rq2.tail_learnability.high_hint_use.arms.tail_targeted_synthetic.auprc
Analytic usefulness,ASSISTments,SeqVAE,High Hint Use; Targeted synthetic only,AUROC,Higher,0.48716324278055595,0.06005858444525596,0.4215392282740911,0.5666728611974591,3,0,rq2.tail_learnability.high_hint_use.arms.tail_targeted_synthetic.auroc
Analytic usefulness,ASSISTments,SeqVAE,High Hint Use; Standard augmentation gain,AUPRC,Higher,-0.022908749442072773,0.008330662281538302,-0.03421373128340399,-0.014384335777156199,3,0,rq2.tail_learnability.high_hint_use.real_plus_synthetic_gain_over_real.auprc
Analytic usefulness,ASSISTments,SeqVAE,High Hint Use; Standard augmentation gain,AUROC,Higher,-0.010563082849033623,0.001000513440983141,-0.011872381402892263,-0.0094438437626706,3,0,rq2.tail_learnability.high_hint_use.real_plus_synthetic_gain_over_real.auroc
Analytic usefulness,ASSISTments,SeqVAE,High Hint Use; Standard synthetic utility loss,AUPRC,Lower,0.3312928029857252,0.00867642497025615,0.3238559977710771,0.3434634817093545,3,0,rq2.tail_learnability.high_hint_use.synthetic_utility_gap.auprc
Analytic usefulness,ASSISTments,SeqVAE,High Hint Use; Standard synthetic utility loss,AUROC,Lower,0.335293057620399,0.02367361481870983,0.3054635761589404,0.3633725841329908,3,0,rq2.tail_learnability.high_hint_use.synthetic_utility_gap.auroc
Analytic usefulness,ASSISTments,SeqVAE,High Hint Use; Targeted-vs-standard TSTR gain,AUPRC,Higher,-0.004416261436459438,0.025528112804578267,-0.03270935668072744,0.029150697771657852,3,0,rq2.tail_learnability.high_hint_use.tail_targeted_tstr_gain.auprc
Analytic usefulness,ASSISTments,SeqVAE,High Hint Use; Targeted-vs-standard TSTR gain,AUROC,Higher,-0.04723470514033429,0.07652086486725836,-0.11110876469793213,0.06035443978916055,3,0,rq2.tail_learnability.high_hint_use.tail_targeted_tstr_gain.auroc
Analytic usefulness,ASSISTments,SeqVAE,High Hint Use; Targeted augmentation gain,AUPRC,Higher,-0.048493598236942104,0.005414091814179907,-0.05574496413196639,-0.042739099949642645,3,0,rq2.tail_learnability.high_hint_use.targeted_augmentation_gain_over_real.auprc
Analytic usefulness,ASSISTments,SeqVAE,High Hint Use; Targeted augmentation gain,AUROC,Higher,-0.020330731630400483,0.005242496317580324,-0.02741924584403288,-0.014904885795377854,3,0,rq2.tail_learnability.high_hint_use.targeted_augmentation_gain_over_real.auroc
Analytic usefulness,ASSISTments,SeqVAE,Late Correctness Decline; Real + standard synthetic,AUPRC,Higher,0.7488401819867626,0.0027112489337088206,0.746704312751622,0.7526658064216603,3,0,rq2.tail_learnability.late_failure.arms.real_plus_synthetic.auprc
Analytic usefulness,ASSISTments,SeqVAE,Late Correctness Decline; Real + standard synthetic,AUROC,Higher,0.7420034680538882,0.002418550418857631,0.7385834333733494,0.7437535014005601,3,0,rq2.tail_learnability.late_failure.arms.real_plus_synthetic.auroc
Analytic usefulness,ASSISTments,SeqVAE,Late Correctness Decline; Real + targeted synthetic,AUPRC,Higher,0.7548389511498504,0.001212542835810623,0.7535875096054748,0.7564799604223039,3,0,rq2.tail_learnability.late_failure.arms.real_plus_tail_targeted_synthetic.auprc
Analytic usefulness,ASSISTments,SeqVAE,Late Correctness Decline; Real + targeted synthetic,AUROC,Higher,0.7448846205148727,0.0004233551431212925,0.7445538215286115,0.7454821928771509,3,0,rq2.tail_learnability.late_failure.arms.real_plus_tail_targeted_synthetic.auroc
Analytic usefulness,ASSISTments,SeqVAE,Late Correctness Decline; Real only (TRTR),AUPRC,Higher,0.7467286352231772,0.0,0.7467286352231772,0.7467286352231772,3,0,rq2.tail_learnability.late_failure.arms.real_train.auprc
Analytic usefulness,ASSISTments,SeqVAE,Late Correctness Decline; Real only (TRTR),AUROC,Higher,0.7450900360144056,1.1102230246251565e-16,0.7450900360144057,0.7450900360144057,3,0,rq2.tail_learnability.late_failure.arms.real_train.auroc
Analytic usefulness,ASSISTments,SeqVAE,Late Correctness Decline; Standard synthetic only (TSTR),AUPRC,Higher,0.5607683071489818,0.014347664073118258,0.5458337518379854,0.5801310667106352,3,0,rq2.tail_learnability.late_failure.arms.synthetic_train.auprc
Analytic usefulness,ASSISTments,SeqVAE,Late Correctness Decline; Standard synthetic only (TSTR),AUROC,Higher,0.5326797385620915,0.0011186619144826376,0.5313485394157663,0.5340856342537015,3,0,rq2.tail_learnability.late_failure.arms.synthetic_train.auroc
Analytic usefulness,ASSISTments,SeqVAE,Late Correctness Decline; Targeted synthetic only,AUPRC,Higher,0.5402024678845073,0.04463234746723033,0.4776173504581334,0.5785941088058826,3,0,rq2.tail_learnability.late_failure.arms.tail_targeted_synthetic.auprc
Analytic usefulness,ASSISTments,SeqVAE,Late Correctness Decline; Targeted synthetic only,AUROC,Higher,0.5149899959983993,0.04675495531933909,0.4492356942777111,0.5538935574229692,3,0,rq2.tail_learnability.late_failure.arms.tail_targeted_synthetic.auroc
Analytic usefulness,ASSISTments,SeqVAE,Late Correctness Decline; Standard augmentation gain,AUPRC,Higher,0.002111546763585418,0.002711248933708821,-2.432247155526035e-05,0.005937171198483027,3,0,rq2.tail_learnability.late_failure.real_plus_synthetic_gain_over_real.auprc
Analytic usefulness,ASSISTments,SeqVAE,Late Correctness Decline; Standard augmentation gain,AUROC,Higher,-0.0030865679605174647,0.002418550418857631,-0.006506602641056292,-0.0013365346138456413,3,0,rq2.tail_learnability.late_failure.real_plus_synthetic_gain_over_real.auroc
Analytic usefulness,ASSISTments,SeqVAE,Late Correctness Decline; Standard synthetic utility loss,AUPRC,Lower,0.18596032807419538,0.014347664073118258,0.16659756851254204,0.2008948833851918,3,0,rq2.tail_learnability.late_failure.synthetic_utility_gap.auprc
Analytic usefulness,ASSISTments,SeqVAE,Late Correctness Decline; Standard synthetic utility loss,AUROC,Lower,0.2124102974523142,0.0011186619144826376,0.21100440176070423,0.2137414965986394,3,0,rq2.tail_learnability.late_failure.synthetic_utility_gap.auroc
Analytic usefulness,ASSISTments,SeqVAE,Late Correctness Decline; Targeted-vs-standard TSTR gain,AUPRC,Higher,-0.020565839264474545,0.041933788085996446,-0.0787227524401915,0.018562192551520473,3,0,rq2.tail_learnability.late_failure.tail_targeted_tstr_gain.auprc
Analytic usefulness,ASSISTments,SeqVAE,Late Correctness Decline; Targeted-vs-standard TSTR gain,AUROC,Higher,-0.01768974256369214,0.04588783737411264,-0.08211284513805522,0.0212885154061625,3,0,rq2.tail_learnability.late_failure.tail_targeted_tstr_gain.auroc
Analytic usefulness,ASSISTments,SeqVAE,Late Correctness Decline; Targeted augmentation gain,AUPRC,Higher,0.008110315926673328,0.001212542835810623,0.006858874382297597,0.009751325199126692,3,0,rq2.tail_learnability.late_failure.targeted_augmentation_gain_over_real.auprc
Analytic usefulness,ASSISTments,SeqVAE,Late Correctness Decline; Targeted augmentation gain,AUROC,Higher,-0.00020541549953304963,0.00042335514312129253,-0.0005362144857942175,0.00039215686274518546,3,0,rq2.tail_learnability.late_failure.targeted_augmentation_gain_over_real.auroc
Analytic usefulness,ASSISTments,SeqVAE,Persistent Low Correctness; Real + standard synthetic,AUPRC,Higher,0.12124109526695147,0.007261836884904418,0.11540476819946678,0.1314773444236861,3,0,rq2.tail_learnability.persistent_failure.arms.real_plus_synthetic.auprc
Analytic usefulness,ASSISTments,SeqVAE,Persistent Low Correctness; Real + standard synthetic,AUROC,Higher,0.7884067025503012,0.0048558184889497345,0.7830642060745867,0.794814494425221,3,0,rq2.tail_learnability.persistent_failure.arms.real_plus_synthetic.auroc
Analytic usefulness,ASSISTments,SeqVAE,Persistent Low Correctness; Real + targeted synthetic,AUPRC,Higher,0.10842929820049592,0.005625281368606736,0.10277746032183718,0.1161037460052658,3,0,rq2.tail_learnability.persistent_failure.arms.real_plus_tail_targeted_synthetic.auprc
Analytic usefulness,ASSISTments,SeqVAE,Persistent Low Correctness; Real + targeted synthetic,AUROC,Higher,0.7557910419069588,0.017836447945901092,0.7341407151095732,0.7778258362168398,3,0,rq2.tail_learnability.persistent_failure.arms.real_plus_tail_targeted_synthetic.auroc
Analytic usefulness,ASSISTments,SeqVAE,Persistent Low Correctness; Real only (TRTR),AUPRC,Higher,0.14362446678856103,0.0,0.14362446678856103,0.14362446678856103,3,0,rq2.tail_learnability.persistent_failure.arms.real_train.auprc
Analytic usefulness,ASSISTments,SeqVAE,Persistent Low Correctness; Real only (TRTR),AUROC,Higher,0.8221597462514417,1.1102230246251565e-16,0.8221597462514418,0.8221597462514418,3,0,rq2.tail_learnability.persistent_failure.arms.real_train.auroc
Analytic usefulness,ASSISTments,SeqVAE,Persistent Low Correctness; Standard synthetic only (TSTR),AUPRC,Higher,0.036055522172505454,0.007057905148855702,0.02704643317709607,0.0442813936163358,3,0,rq2.tail_learnability.persistent_failure.arms.synthetic_train.auprc
Analytic usefulness,ASSISTments,SeqVAE,Persistent Low Correctness; Standard synthetic only (TSTR),AUROC,Higher,0.5409778290401127,0.05444569503963447,0.4639801999231065,0.579632833525567,3,0,rq2.tail_learnability.persistent_failure.arms.synthetic_train.auroc
Analytic usefulness,ASSISTments,SeqVAE,Persistent Low Correctness; Targeted synthetic only,AUPRC,Higher,0.030228989297419517,0.0059110651427392415,0.023706397391904326,0.038018296160956935,3,0,rq2.tail_learnability.persistent_failure.arms.tail_targeted_synthetic.auprc
Analytic usefulness,ASSISTments,SeqVAE,Persistent Low Correctness; Targeted synthetic only,AUROC,Higher,0.5015218505702935,0.05441537007770146,0.4248366013071896,0.5454392541330257,3,0,rq2.tail_learnability.persistent_failure.arms.tail_targeted_synthetic.auroc
Analytic usefulness,ASSISTments,SeqVAE,Persistent Low Correctness; Standard augmentation gain,AUPRC,Higher,-0.022383371521609564,0.007261836884904418,-0.028219698589094247,-0.012147122364874918,3,0,rq2.tail_learnability.persistent_failure.real_plus_synthetic_gain_over_real.auprc
Analytic usefulness,ASSISTments,SeqVAE,Persistent Low Correctness; Standard augmentation gain,AUROC,Higher,-0.03375304370114066,0.0048558184889497345,-0.039095540176855126,-0.02734525182622083,3,0,rq2.tail_learnability.persistent_failure.real_plus_synthetic_gain_over_real.auroc
Analytic usefulness,ASSISTments,SeqVAE,Persistent Low Correctness; Standard synthetic utility loss,AUPRC,Lower,0.10756894461605558,0.007057905148855698,0.09934307317222524,0.11657803361146496,3,0,rq2.tail_learnability.persistent_failure.synthetic_utility_gap.auprc
Analytic usefulness,ASSISTments,SeqVAE,Persistent Low Correctness; Standard synthetic utility loss,AUROC,Lower,0.28118191721132907,0.05444569503963448,0.2425269127258748,0.3581795463283353,3,0,rq2.tail_learnability.persistent_failure.synthetic_utility_gap.auroc
Analytic usefulness,ASSISTments,SeqVAE,Persistent Low Correctness; Targeted-vs-standard TSTR gain,AUPRC,Higher,-0.005826532875085934,0.012960266173897173,-0.02057499622443147,0.010971862983860867,3,0,rq2.tail_learnability.persistent_failure.tail_targeted_tstr_gain.auprc
Analytic usefulness,ASSISTments,SeqVAE,Persistent Low Correctness; Targeted-vs-standard TSTR gain,AUROC,Higher,-0.03945597846981932,0.09641320023597713,-0.15448385236447515,0.08145905420991922,3,0,rq2.tail_learnability.persistent_failure.tail_targeted_tstr_gain.auroc
Analytic usefulness,ASSISTments,SeqVAE,Persistent Low Correctness; Targeted augmentation gain,AUPRC,Higher,-0.035195168588065116,0.0056252813686067365,-0.040847006466723845,-0.027520720783295233,3,0,rq2.tail_learnability.persistent_failure.targeted_augmentation_gain_over_real.auprc
Analytic usefulness,ASSISTments,SeqVAE,Persistent Low Correctness; Targeted augmentation gain,AUROC,Higher,-0.06636870434448298,0.017836447945901092,-0.0880190311418686,-0.044333910034602075,3,0,rq2.tail_learnability.persistent_failure.targeted_augmentation_gain_over_real.auroc
Analytic usefulness,ASSISTments,SeqVAE,Rapid Low-Accuracy Responding; Real + standard synthetic,AUPRC,Higher,0.29591203421045414,0.005306536939640044,0.2913576938018064,0.303354713975244,3,0,rq2.tail_learnability.rapid_guessing.arms.real_plus_synthetic.auprc
Analytic usefulness,ASSISTments,SeqVAE,Rapid Low-Accuracy Responding; Real + standard synthetic,AUROC,Higher,0.8593433859391305,0.0012729445203016525,0.8580841479777649,0.861087150980768,3,0,rq2.tail_learnability.rapid_guessing.arms.real_plus_synthetic.auroc
Analytic usefulness,ASSISTments,SeqVAE,Rapid Low-Accuracy Responding; Real + targeted synthetic,AUPRC,Higher,0.28284320889167763,0.00798353323266002,0.27206655588610595,0.2911475286752526,3,0,rq2.tail_learnability.rapid_guessing.arms.real_plus_tail_targeted_synthetic.auprc
Analytic usefulness,ASSISTments,SeqVAE,Rapid Low-Accuracy Responding; Real + targeted synthetic,AUROC,Higher,0.8447942623474538,0.008845244492770651,0.8328301705961281,0.8539390454284072,3,0,rq2.tail_learnability.rapid_guessing.arms.real_plus_tail_targeted_synthetic.auroc
Analytic usefulness,ASSISTments,SeqVAE,Rapid Low-Accuracy Responding; Real only (TRTR),AUPRC,Higher,0.34086476224871176,0.0,0.34086476224871176,0.34086476224871176,3,0,rq2.tail_learnability.rapid_guessing.arms.real_train.auprc
Analytic usefulness,ASSISTments,SeqVAE,Rapid Low-Accuracy Responding; Real only (TRTR),AUROC,Higher,0.8809900325857773,0.0,0.8809900325857773,0.8809900325857773,3,0,rq2.tail_learnability.rapid_guessing.arms.real_train.auroc
Analytic usefulness,ASSISTments,SeqVAE,Rapid Low-Accuracy Responding; Standard synthetic only (TSTR),AUPRC,Higher,0.08698142371124691,0.005992103158112651,0.07879577816915334,0.09297276055403458,3,0,rq2.tail_learnability.rapid_guessing.arms.synthetic_train.auprc
Analytic usefulness,ASSISTments,SeqVAE,Rapid Low-Accuracy Responding; Standard synthetic only (TSTR),AUROC,Higher,0.5215800907290269,0.03352037807495433,0.47898696568909327,0.5608986646220689,3,0,rq2.tail_learnability.rapid_guessing.arms.synthetic_train.auroc
Analytic usefulness,ASSISTments,SeqVAE,Rapid Low-Accuracy Responding; Targeted synthetic only,AUPRC,Higher,0.07432380218678654,0.012887843517590057,0.06230252575190667,0.09219873349138441,3,0,rq2.tail_learnability.rapid_guessing.arms.tail_targeted_synthetic.auprc
Analytic usefulness,ASSISTments,SeqVAE,Rapid Low-Accuracy Responding; Targeted synthetic only,AUROC,Higher,0.45412966157647006,0.07382609125047039,0.3798798798798799,0.5548207782250335,3,0,rq2.tail_learnability.rapid_guessing.arms.tail_targeted_synthetic.auroc
Analytic usefulness,ASSISTments,SeqVAE,Rapid Low-Accuracy Responding; Standard augmentation gain,AUPRC,Higher,-0.044952728038257596,0.005306536939640044,-0.049507068446905333,-0.037510048273467766,3,0,rq2.tail_learnability.rapid_guessing.real_plus_synthetic_gain_over_real.auprc
Analytic usefulness,ASSISTments,SeqVAE,Rapid Low-Accuracy Responding; Standard augmentation gain,AUROC,Higher,-0.021646646646646766,0.0012729445203016525,-0.02290588460801246,-0.019902881605009304,3,0,rq2.tail_learnability.rapid_guessing.real_plus_synthetic_gain_over_real.auroc
Analytic usefulness,ASSISTments,SeqVAE,Rapid Low-Accuracy Responding; Standard synthetic utility loss,AUPRC,Lower,0.25388333853746486,0.005992103158112653,0.24789200169467718,0.2620689840795584,3,0,rq2.tail_learnability.rapid_guessing.synthetic_utility_gap.auprc
Analytic usefulness,ASSISTments,SeqVAE,Rapid Low-Accuracy Responding; Standard synthetic utility loss,AUROC,Lower,0.35940994185675046,0.03352037807495433,0.3200913679637084,0.4020030668966841,3,0,rq2.tail_learnability.rapid_guessing.synthetic_utility_gap.auroc
Analytic usefulness,ASSISTments,SeqVAE,Rapid Low-Accuracy Responding; Targeted-vs-standard TSTR gain,AUPRC,Higher,-0.012657621524460367,0.018871297608462175,-0.03067023480212791,0.01340295532223107,3,0,rq2.tail_learnability.rapid_guessing.tail_targeted_tstr_gain.auprc
Analytic usefulness,ASSISTments,SeqVAE,Rapid Low-Accuracy Responding; Targeted-vs-standard TSTR gain,AUROC,Higher,-0.06745042915255679,0.10694418979732916,-0.18101878474218902,0.07583381253594024,3,0,rq2.tail_learnability.rapid_guessing.tail_targeted_tstr_gain.auroc
Analytic usefulness,ASSISTments,SeqVAE,Rapid Low-Accuracy Responding; Targeted augmentation gain,AUPRC,Higher,-0.05802155335703411,0.00798353323266002,-0.06879820636260581,-0.04971723357345914,3,0,rq2.tail_learnability.rapid_guessing.targeted_augmentation_gain_over_real.auprc
Analytic usefulness,ASSISTments,SeqVAE,Rapid Low-Accuracy Responding; Targeted augmentation gain,AUROC,Higher,-0.03619577023832351,0.008845244492770651,-0.04815986198964928,-0.0270509871573702,3,0,rq2.tail_learnability.rapid_guessing.targeted_augmentation_gain_over_real.auroc
Analytic usefulness,ASSISTments,SeqVAE,Rare Skill Path; Real + standard synthetic,AUPRC,Higher,0.8804507033644051,0.006061861978581163,0.8754758315198091,0.8889843979289079,3,0,rq2.tail_learnability.rare_skill_path.arms.real_plus_synthetic.auprc
Analytic usefulness,ASSISTments,SeqVAE,Rare Skill Path; Real + standard synthetic,AUROC,Higher,0.7038538031445833,0.003235526536378444,0.7001576044129235,0.7080378250591016,3,0,rq2.tail_learnability.rare_skill_path.arms.real_plus_synthetic.auroc
Analytic usefulness,ASSISTments,SeqVAE,Rare Skill Path; Real + targeted synthetic,AUPRC,Higher,0.8953141273945192,0.0004616272816898402,0.894695796262309,0.8958046753715831,3,0,rq2.tail_learnability.rare_skill_path.arms.real_plus_tail_targeted_synthetic.auprc
Analytic usefulness,ASSISTments,SeqVAE,Rare Skill Path; Real + targeted synthetic,AUROC,Higher,0.7309467522233479,0.006381267704594038,0.7222222222222222,0.7373072160306202,3,0,rq2.tail_learnability.rare_skill_path.arms.real_plus_tail_targeted_synthetic.auroc
Analytic usefulness,ASSISTments,SeqVAE,Rare Skill Path; Real only (TRTR),AUPRC,Higher,0.9009482365279129,0.0,0.9009482365279129,0.9009482365279129,3,0,rq2.tail_learnability.rare_skill_path.arms.real_train.auprc
Analytic usefulness,ASSISTments,SeqVAE,Rare Skill Path; Real only (TRTR),AUROC,Higher,0.7239108409321174,1.1102230246251565e-16,0.7239108409321175,0.7239108409321175,3,0,rq2.tail_learnability.rare_skill_path.arms.real_train.auroc
Analytic usefulness,ASSISTments,SeqVAE,Rare Skill Path; Standard synthetic only (TSTR),AUPRC,Higher,0.7866345926081326,0.03482436077355939,0.7486870123406733,0.8327945928273832,3,0,rq2.tail_learnability.rare_skill_path.arms.synthetic_train.auprc
Analytic usefulness,ASSISTments,SeqVAE,Rare Skill Path; Standard synthetic only (TSTR),AUROC,Higher,0.4845772824496229,0.05718727756223459,0.42260497579646517,0.5605651243949117,3,0,rq2.tail_learnability.rare_skill_path.arms.synthetic_train.auroc
Analytic usefulness,ASSISTments,SeqVAE,Rare Skill Path; Targeted synthetic only,AUPRC,Higher,0.8085203693624187,0.01684248039727701,0.7963603981272394,0.8323374642024465,3,0,rq2.tail_learnability.rare_skill_path.arms.tail_targeted_synthetic.auprc
Analytic usefulness,ASSISTments,SeqVAE,Rare Skill Path; Targeted synthetic only,AUROC,Higher,0.5412961086719953,0.048000229711374034,0.5005628729032985,0.6086907576269278,3,0,rq2.tail_learnability.rare_skill_path.arms.tail_targeted_synthetic.auroc
Analytic usefulness,ASSISTments,SeqVAE,Rare Skill Path; Standard augmentation gain,AUPRC,Higher,-0.020497533163507775,0.006061861978581163,-0.02547240500810377,-0.011963838599004961,3,0,rq2.tail_learnability.rare_skill_path.real_plus_synthetic_gain_over_real.auprc
Analytic usefulness,ASSISTments,SeqVAE,Rare Skill Path; Standard augmentation gain,AUROC,Higher,-0.020057037787534277,0.003235526536378444,-0.023753236519194032,-0.015873015873015928,3,0,rq2.tail_learnability.rare_skill_path.real_plus_synthetic_gain_over_real.auroc
Analytic usefulness,ASSISTments,SeqVAE,Rare Skill Path; Standard synthetic utility loss,AUPRC,Lower,0.11431364391978027,0.03482436077355939,0.06815364370052968,0.15226122418723964,3,0,rq2.tail_learnability.rare_skill_path.synthetic_utility_gap.auprc
Analytic usefulness,ASSISTments,SeqVAE,Rare Skill Path; Standard synthetic utility loss,AUROC,Lower,0.23933355848249463,0.05718727756223459,0.16334571653720587,0.3013058651356524,3,0,rq2.tail_learnability.rare_skill_path.synthetic_utility_gap.auroc
Analytic usefulness,ASSISTments,SeqVAE,Rare Skill Path; Targeted-vs-standard TSTR gain,AUPRC,Higher,0.021885776754286084,0.0488988004609507,-0.035931347069812936,0.08365045186177322,3,0,rq2.tail_learnability.rare_skill_path.tail_targeted_tstr_gain.auprc
Analytic usefulness,ASSISTments,SeqVAE,Rare Skill Path; Targeted-vs-standard TSTR gain,AUROC,Higher,0.05671882622237232,0.10086217892704294,-0.0600022514916132,0.18608578183046265,3,0,rq2.tail_learnability.rare_skill_path.tail_targeted_tstr_gain.auroc
Analytic usefulness,ASSISTments,SeqVAE,Rare Skill Path; Targeted augmentation gain,AUPRC,Higher,-0.005634109133393646,0.0004616272816898402,-0.006252440265603898,-0.005143561156329746,3,0,rq2.tail_learnability.rare_skill_path.targeted_augmentation_gain_over_real.auprc
Analytic usefulness,ASSISTments,SeqVAE,Rare Skill Path; Targeted augmentation gain,AUROC,Higher,0.007035911291230416,0.006381267704594038,-0.0016886187098953398,0.013396375098502666,3,0,rq2.tail_learnability.rare_skill_path.targeted_augmentation_gain_over_real.auroc
Analytic usefulness,ASSISTments,SeqVAE,Recovery; Real + standard synthetic,AUPRC,Higher,0.7538149027454312,0.005639760849770879,0.7467223642171754,0.7605206461086487,3,0,rq2.tail_learnability.recovery.arms.real_plus_synthetic.auprc
Analytic usefulness,ASSISTments,SeqVAE,Recovery; Real + standard synthetic,AUROC,Higher,0.7352753502566237,0.003863083321527024,0.7311277569704536,0.7404286308780691,3,0,rq2.tail_learnability.recovery.arms.real_plus_synthetic.auroc
Analytic usefulness,ASSISTments,SeqVAE,Recovery; Real + targeted synthetic,AUPRC,Higher,0.7379347448148273,0.008814914212949908,0.7263599540814226,0.7477311591988101,3,0,rq2.tail_learnability.recovery.arms.real_plus_tail_targeted_synthetic.auprc
Analytic usefulness,ASSISTments,SeqVAE,Recovery; Real + targeted synthetic,AUROC,Higher,0.7245873214038009,0.0064396193889121895,0.7167707032875573,0.7325426550145651,3,0,rq2.tail_learnability.recovery.arms.real_plus_tail_targeted_synthetic.auroc
Analytic usefulness,ASSISTments,SeqVAE,Recovery; Real only (TRTR),AUPRC,Higher,0.7444827844984067,1.1102230246251565e-16,0.7444827844984065,0.7444827844984065,3,0,rq2.tail_learnability.recovery.arms.real_train.auprc
Analytic usefulness,ASSISTments,SeqVAE,Recovery; Real only (TRTR),AUROC,Higher,0.7328547648772367,0.0,0.7328547648772367,0.7328547648772367,3,0,rq2.tail_learnability.recovery.arms.real_train.auroc
Analytic usefulness,ASSISTments,SeqVAE,Recovery; Standard synthetic only (TSTR),AUPRC,Higher,0.5885730790809776,0.08665782091948526,0.5228770132861753,0.7110167987835153,3,0,rq2.tail_learnability.recovery.arms.synthetic_train.auprc
Analytic usefulness,ASSISTments,SeqVAE,Recovery; Standard synthetic only (TSTR),AUROC,Higher,0.5290123456790123,0.09334090537398522,0.4598626716604245,0.6609654598418644,3,0,rq2.tail_learnability.recovery.arms.synthetic_train.auroc
Analytic usefulness,ASSISTments,SeqVAE,Recovery; Targeted synthetic only,AUPRC,Higher,0.5214858659711524,0.025179382282898517,0.4858785690935253,0.5395932330691058,3,0,rq2.tail_learnability.recovery.arms.tail_targeted_synthetic.auprc
Analytic usefulness,ASSISTments,SeqVAE,Recovery; Targeted synthetic only,AUROC,Higher,0.42598834789846024,0.0430546963262487,0.3676446109030379,0.4702455264253017,3,0,rq2.tail_learnability.recovery.arms.tail_targeted_synthetic.auroc
Analytic usefulness,ASSISTments,SeqVAE,Recovery; Standard augmentation gain,AUPRC,Higher,0.009332118247024734,0.005639760849770879,0.0022395797187688693,0.01603786161024212,3,0,rq2.tail_learnability.recovery.real_plus_synthetic_gain_over_real.auprc
Analytic usefulness,ASSISTments,SeqVAE,Recovery; Standard augmentation gain,AUROC,Higher,0.0024205853793870524,0.003863083321527024,-0.0017270079067830402,0.00757386600083243,3,0,rq2.tail_learnability.recovery.real_plus_synthetic_gain_over_real.auroc
Analytic usefulness,ASSISTments,SeqVAE,Recovery; Standard synthetic utility loss,AUPRC,Lower,0.15590970541742896,0.08665782091948526,0.03346598571489123,0.22160577121223124,3,0,rq2.tail_learnability.recovery.synthetic_utility_gap.auprc
Analytic usefulness,ASSISTments,SeqVAE,Recovery; Standard synthetic utility loss,AUROC,Lower,0.2038424191982243,0.09334090537398522,0.07188930503537228,0.27299209321681217,3,0,rq2.tail_learnability.recovery.synthetic_utility_gap.auroc
Analytic usefulness,ASSISTments,SeqVAE,Recovery; Targeted-vs-standard TSTR gain,AUPRC,Higher,-0.06708721310982518,0.07642383403992824,-0.17203100303268914,0.007767807895863621,3,0,rq2.tail_learnability.recovery.tail_targeted_tstr_gain.auprc
Analytic usefulness,ASSISTments,SeqVAE,Recovery; Targeted-vs-standard TSTR gain,AUROC,Higher,-0.10302399778055212,0.09214349189609869,-0.22089055347482323,0.004036620890553455,3,0,rq2.tail_learnability.recovery.tail_targeted_tstr_gain.auroc
Analytic usefulness,ASSISTments,SeqVAE,Recovery; Targeted augmentation gain,AUPRC,Higher,-0.006548039683579199,0.008814914212949908,-0.018122830416983926,0.0032483747004035113,3,0,rq2.tail_learnability.recovery.targeted_augmentation_gain_over_real.auprc
Analytic usefulness,ASSISTments,SeqVAE,Recovery; Targeted augmentation gain,AUROC,Higher,-0.00826744347343585,0.006439619388912189,-0.016084061589679344,-0.0003121098626716057,3,0,rq2.tail_learnability.recovery.targeted_augmentation_gain_over_real.auroc
Analytic usefulness,ASSISTments,SeqVAE,High Hint Use,Rare-group prevalence-error reduction,Higher,0.002041411490230391,0.0016668055020396867,0.0005832604257801147,0.004374453193350836,3,0,rq2.tail_targeting_fidelity_gain.high_hint_use.prevalence_error_reduction
Analytic usefulness,ASSISTments,SeqVAE,High Hint Use,Rare-group trajectory-shape-error reduction,Higher,0.04112077294685995,0.0,0.04112077294685995,0.04112077294685995,1,2,rq2.tail_targeting_fidelity_gain.high_hint_use.primary_signal_curve_mae_reduction
Analytic usefulness,ASSISTments,SeqVAE,Late Correctness Decline,Rare-group prevalence-error reduction,Higher,0.0038884028385340725,0.004817541243652713,-0.0029163021289005525,0.007582385535141439,3,0,rq2.tail_targeting_fidelity_gain.late_failure.prevalence_error_reduction
Analytic usefulness,ASSISTments,SeqVAE,Late Correctness Decline,Rare-group trajectory-shape-error reduction,Higher,0.01431814817364043,0.019731601798326243,-0.01340721007387674,0.030916251730040284,3,0,rq2.tail_targeting_fidelity_gain.late_failure.primary_signal_curve_mae_reduction
Analytic usefulness,ASSISTments,SeqVAE,Persistent Low Correctness,Rare-group prevalence-error reduction,Higher,9.721007096335245e-05,0.00013747580075562402,0.0,0.00029163021289005733,3,0,rq2.tail_targeting_fidelity_gain.persistent_failure.prevalence_error_reduction
Analytic usefulness,ASSISTments,SeqVAE,Rapid Low-Accuracy Responding,Rare-group prevalence-error reduction,Higher,9.721007096335128e-05,0.0009913520975197406,-0.0008748906386701685,0.0014581510644502763,3,0,rq2.tail_targeting_fidelity_gain.rapid_guessing.prevalence_error_reduction
Analytic usefulness,ASSISTments,SeqVAE,Rare Skill Path,Rare-group prevalence-error reduction,Higher,-0.0045688733352775195,0.001353979612830201,-0.0064158646835812405,-0.0032079323417906203,3,0,rq2.tail_targeting_fidelity_gain.rare_skill_path.prevalence_error_reduction
Analytic usefulness,ASSISTments,SeqVAE,Rare Skill Path,Rare-group trajectory-shape-error reduction,Higher,-0.028237604866701543,0.0038051371262822534,-0.033259181354107485,-0.02405157633857183,3,0,rq2.tail_targeting_fidelity_gain.rare_skill_path.primary_signal_curve_mae_reduction
Analytic usefulness,ASSISTments,SeqVAE,Recovery,Rare-group prevalence-error reduction,Higher,0.0022358316321570934,0.003737218389567624,-0.002916302128900549,0.0058326042578011085,3,0,rq2.tail_targeting_fidelity_gain.recovery.prevalence_error_reduction
Analytic usefulness,ASSISTments,SeqVAE,Recovery,Rare-group trajectory-shape-error reduction,Higher,-0.012645640740033394,0.014152749608886437,-0.032648007781455,-0.002028448458880963,3,0,rq2.tail_targeting_fidelity_gain.recovery.primary_signal_curve_mae_reduction
Population composition,ASSISTments,TimeGAN,All eligible learners/events,Average feature-distribution divergence,Lower,0.1906935963073689,0.09230540428113558,0.06020866171509298,0.2592060594128211,3,0,rq1.average_fidelity.modeled_value_marginal_js_mean
Population composition,ASSISTments,TimeGAN,All eligible learners/events,Behavior-rate error,Lower,0.3035522932126888,0.07449886778439335,0.1981986634610844,0.35699165340266725,3,0,rq1.average_fidelity.primary_signal_rate_error
Population composition,ASSISTments,TimeGAN,All eligible learners/events,Event-type frequency divergence,Lower,0.41012359910752494,0.1875176051484922,0.14497773782887485,0.5468837180684899,3,0,rq1.average_fidelity.skill_frequency_js
Learning process,ASSISTments,TimeGAN,All eligible learners/events,Feature-dependence error,Lower,0.10289613813212635,0.012320680888142359,0.09377538720822877,0.12031371753814171,3,0,rq1.cross_signal_dependence.prespecified_signal_nmi_mae
Population composition,ASSISTments,TimeGAN,All eligible learners/events,Real-versus-synthetic detectability AUROC,0.5 best,0.9672056240740741,0.02135607322376925,0.9370059183333331,0.9826312455555556,3,0,rq1.detectability.detectability_auc
Learner-pathway representation,ASSISTments,TimeGAN,All eligible learners/events,Subgroup hint-use error,Lower,0.1347601727763766,0.0357462953453521,0.08420739776732489,0.16013221872986372,3,0,rq1.subgroup_fidelity.future_hint_rate_mae
Learner-pathway representation,ASSISTments,TimeGAN,All eligible learners/events,Subgroup behavior error,Lower,0.29303031962449444,0.06534193291104155,0.20062385350732717,0.33960241529869023,3,0,rq1.subgroup_fidelity.future_primary_signal_rate_mae
Learner-pathway representation,ASSISTments,TimeGAN,All eligible learners/events,Subgroup-size error,Lower,0.3320222623698491,0.0705367457235496,0.23253841590401234,0.3881180793046166,3,0,rq1.subgroup_fidelity.learner_share_mae
Learner-pathway representation,ASSISTments,TimeGAN,High Hint Use,Rare-group prevalence error,Lower,0.04180033051424128,0.0002749516015112448,0.04141149023038787,0.04199475065616798,3,0,rq1.tail_fidelity.high_hint_use.prevalence_error
Learner-pathway representation,ASSISTments,TimeGAN,Late Correctness Decline,Rare-group prevalence error,Lower,0.023719257315057845,0.00398679822191307,0.018081073199183437,0.026538349372995044,3,0,rq1.tail_fidelity.late_failure.prevalence_error
Learner-pathway representation,ASSISTments,TimeGAN,Late Correctness Decline,Rare-group trajectory-shape error,Lower,0.08988253126184166,0.0,0.08988253126184166,0.08988253126184166,1,2,rq1.tail_fidelity.late_failure.primary_signal_curve_mae
Learner-pathway representation,ASSISTments,TimeGAN,Persistent Low Correctness,Rare-group prevalence error,Lower,0.024496937882764653,0.0,0.024496937882764653,0.024496937882764653,3,0,rq1.tail_fidelity.persistent_failure.prevalence_error
Learner-pathway representation,ASSISTments,TimeGAN,Rapid Low-Accuracy Responding,Rare-group prevalence error,Lower,0.025663458734324875,0.0,0.025663458734324875,0.025663458734324875,3,0,rq1.tail_fidelity.rapid_guessing.prevalence_error
Learner-pathway representation,ASSISTments,TimeGAN,Rare Skill Path,Rare-group prevalence error,Lower,0.15786915524448333,0.16226617661206907,0.03849518810148731,0.3872849227179936,3,0,rq1.tail_fidelity.rare_skill_path.prevalence_error
Learner-pathway representation,ASSISTments,TimeGAN,Rare Skill Path,Rare-group trajectory-shape error,Lower,0.17426653938499806,0.1345158957447424,0.03975064364025568,0.30878243512974046,2,1,rq1.tail_fidelity.rare_skill_path.primary_signal_curve_mae
Learner-pathway representation,ASSISTments,TimeGAN,Recovery,Rare-group prevalence error,Lower,0.0296490716438223,0.005086604627958055,0.022455526392534265,0.033245844269466314,3,0,rq1.tail_fidelity.recovery.prevalence_error
Learner-pathway representation,ASSISTments,TimeGAN,Recovery,Rare-group trajectory-shape error,Lower,0.08039881987250408,0.0,0.08039881987250408,0.08039881987250408,1,2,rq1.tail_fidelity.recovery.primary_signal_curve_mae
Learning process,ASSISTments,TimeGAN,All eligible learners/events,Behavior--hint lag error,Lower,0.35065725472035986,0.1339880355597571,0.16116972622845016,0.44561992365993636,3,0,rq1.temporal_fidelity.correct_hint_cross_correlation_mae
Learning process,ASSISTments,TimeGAN,All eligible learners/events,Behavior-persistence error,Lower,0.18807600908261815,0.01924073384152284,0.16101816695087098,0.20409764804680455,3,0,rq1.temporal_fidelity.correctness_autocorrelation_mae
Learning process,ASSISTments,TimeGAN,All eligible learners/events,Trajectory-shape error,Lower,0.330703637962378,0.07596505973641061,0.22329164320019407,0.38615118265579923,3,0,rq1.temporal_fidelity.correctness_curve_mae
Learning process,ASSISTments,TimeGAN,All eligible learners/events,Behavior-transition divergence,Lower,0.23656817929638854,0.12114203948373142,0.0653122402130821,0.32627574341814897,3,0,rq1.temporal_fidelity.correctness_transition_js
Learning process,ASSISTments,TimeGAN,All eligible learners/events,Three-event sequence divergence,Lower,0.7653415826823782,0.0024990414722289556,0.7619818543538477,0.7679711739594146,3,0,rq1.temporal_fidelity.skill_trigram_js
Analytic usefulness,ASSISTments,TimeGAN,Real + standard synthetic,AUPRC,Higher,0.8145898008451901,0.009350482993934185,0.8013758575523444,0.8216338941221369,3,0,rq2.downstream_utility.arms.real_plus_synthetic.auprc
Analytic usefulness,ASSISTments,TimeGAN,Real + standard synthetic,AUROC,Higher,0.7334649297199851,0.006232390621956721,0.724663009790826,0.7382642531712016,3,0,rq2.downstream_utility.arms.real_plus_synthetic.auroc
Analytic usefulness,ASSISTments,TimeGAN,Real + targeted synthetic,AUPRC,Higher,0.8176378776581888,0.004838945242626269,0.8107994696980102,0.8212811776429891,3,0,rq2.downstream_utility.arms.real_plus_tail_targeted_synthetic.auprc
Analytic usefulness,ASSISTments,TimeGAN,Real + targeted synthetic,AUROC,Higher,0.735845272741356,0.002649362087931807,0.732102882736343,0.7378732063710092,3,0,rq2.downstream_utility.arms.real_plus_tail_targeted_synthetic.auroc
Analytic usefulness,ASSISTments,TimeGAN,Real only (TRTR),AUPRC,Higher,0.8232109318442457,0.0,0.8232109318442457,0.8232109318442457,3,0,rq2.downstream_utility.arms.real_train.auprc
Analytic usefulness,ASSISTments,TimeGAN,Real only (TRTR),AUROC,Higher,0.7383865356219795,1.1102230246251565e-16,0.7383865356219796,0.7383865356219796,3,0,rq2.downstream_utility.arms.real_train.auroc
Analytic usefulness,ASSISTments,TimeGAN,Standard synthetic only (TSTR),AUPRC,Higher,0.6629775971894712,0.03809700758582921,0.6219290787394155,0.713723327759946,3,0,rq2.downstream_utility.arms.synthetic_train.auprc
Analytic usefulness,ASSISTments,TimeGAN,Standard synthetic only (TSTR),AUROC,Higher,0.5259211946146346,0.0671391078082506,0.45196508916798905,0.6144682355605833,3,0,rq2.downstream_utility.arms.synthetic_train.auroc
Analytic usefulness,ASSISTments,TimeGAN,Targeted synthetic only,AUPRC,Higher,0.6612368536671024,0.029308165999306943,0.6351550017543902,0.7021750132133131,3,0,rq2.downstream_utility.arms.tail_targeted_synthetic.auprc
Analytic usefulness,ASSISTments,TimeGAN,Targeted synthetic only,AUROC,Higher,0.5209507209706278,0.05666661015751476,0.470731018791279,0.6001451650131826,3,0,rq2.downstream_utility.arms.tail_targeted_synthetic.auroc
Analytic usefulness,ASSISTments,TimeGAN,Standard augmentation gain,AUPRC,Higher,-0.008621130999055518,0.009350482993934185,-0.021835074291901235,-0.0015770377221087095,3,0,rq2.downstream_utility.real_plus_synthetic_gain_over_real.auprc
Analytic usefulness,ASSISTments,TimeGAN,Standard augmentation gain,AUROC,Higher,-0.004921605901994604,0.006232390621956721,-0.01372352583115366,-0.0001222824507780551,3,0,rq2.downstream_utility.real_plus_synthetic_gain_over_real.auroc
Analytic usefulness,ASSISTments,TimeGAN,Standard synthetic utility loss,AUPRC,Lower,0.1602333346547745,0.03809700758582921,0.1094876040842997,0.20128185310483016,3,0,rq2.downstream_utility.synthetic_utility_gap.auprc
Analytic usefulness,ASSISTments,TimeGAN,Standard synthetic utility loss,AUROC,Lower,0.21246534100734496,0.06713910780825058,0.12391830006139637,0.2864214464539906,3,0,rq2.downstream_utility.synthetic_utility_gap.auroc
Analytic usefulness,ASSISTments,TimeGAN,Targeted-vs-standard TSTR gain,AUPRC,Higher,-0.0017407435223687484,0.01871431518008033,-0.018125383314661847,0.024451467294188456,3,0,rq2.downstream_utility.tail_targeted_tstr_gain.auprc
Analytic usefulness,ASSISTments,TimeGAN,Targeted-vs-standard TSTR gain,AUROC,Higher,-0.004970473644006916,0.03356686438440988,-0.04059924032405271,0.04001088993943264,3,0,rq2.downstream_utility.tail_targeted_tstr_gain.auroc
Analytic usefulness,ASSISTments,TimeGAN,Targeted augmentation gain,AUPRC,Higher,-0.00557305418605684,0.004838945242626269,-0.012411462146235452,-0.0019297542012565172,3,0,rq2.downstream_utility.targeted_augmentation_gain_over_real.auprc
Analytic usefulness,ASSISTments,TimeGAN,Targeted augmentation gain,AUROC,Higher,-0.002541262880623618,0.002649362087931807,-0.0062836528856365925,-0.0005133292509704734,3,0,rq2.downstream_utility.targeted_augmentation_gain_over_real.auroc
Analytic usefulness,ASSISTments,TimeGAN,Persistent Low-Correctness Prediction; Real + standard synthetic,AUPRC,Higher,0.13494479897032827,0.01535248936019659,0.1204685524125843,0.1561963839390176,3,0,rq2.learner_level_outcome_tasks.persistent_failure_prediction.arms.real_plus_synthetic.auprc
Analytic usefulness,ASSISTments,TimeGAN,Persistent Low-Correctness Prediction; Real + standard synthetic,AUROC,Higher,0.7280038759689923,0.0011307216449750574,0.7264534883720931,0.7291182170542636,3,0,rq2.learner_level_outcome_tasks.persistent_failure_prediction.arms.real_plus_synthetic.auroc
Analytic usefulness,ASSISTments,TimeGAN,Persistent Low-Correctness Prediction; Real only (TRTR),AUPRC,Higher,0.13454822619524834,0.0,0.13454822619524834,0.13454822619524834,3,0,rq2.learner_level_outcome_tasks.persistent_failure_prediction.arms.real_train.auprc
Analytic usefulness,ASSISTments,TimeGAN,Persistent Low-Correctness Prediction; Real only (TRTR),AUROC,Higher,0.7011143410852713,1.1102230246251565e-16,0.7011143410852714,0.7011143410852714,3,0,rq2.learner_level_outcome_tasks.persistent_failure_prediction.arms.real_train.auroc
Analytic usefulness,ASSISTments,TimeGAN,Persistent Low-Correctness Prediction; Standard augmentation gain,AUPRC,Higher,0.0003965727750799286,0.01535248936019659,-0.014079673782664032,0.02164815774376927,3,0,rq2.learner_level_outcome_tasks.persistent_failure_prediction.real_plus_synthetic_gain_over_real.auprc
Analytic usefulness,ASSISTments,TimeGAN,Persistent Low-Correctness Prediction; Standard augmentation gain,AUROC,Higher,0.026889534883720922,0.0011307216449750574,0.02533914728682174,0.02800387596899223,3,0,rq2.learner_level_outcome_tasks.persistent_failure_prediction.real_plus_synthetic_gain_over_real.auroc
Analytic usefulness,ASSISTments,TimeGAN,Recovery Prediction; Real + standard synthetic,AUPRC,Higher,0.43044003468709224,0.011636500221054497,0.41398353825591944,0.4386682829026786,3,0,rq2.learner_level_outcome_tasks.recovery_prediction.arms.real_plus_synthetic.auprc
Analytic usefulness,ASSISTments,TimeGAN,Recovery Prediction; Real + standard synthetic,AUROC,Higher,0.6759097779327986,0.01956649388703622,0.6482385769096617,0.689745378444367,3,0,rq2.learner_level_outcome_tasks.recovery_prediction.arms.real_plus_synthetic.auroc
Analytic usefulness,ASSISTments,TimeGAN,Recovery Prediction; Real only (TRTR),AUPRC,Higher,0.4386682829026786,0.0,0.4386682829026786,0.4386682829026786,3,0,rq2.learner_level_outcome_tasks.recovery_prediction.arms.real_train.auprc
Analytic usefulness,ASSISTments,TimeGAN,Recovery Prediction; Real only (TRTR),AUROC,Higher,0.6897453784443671,1.1102230246251565e-16,0.689745378444367,0.689745378444367,3,0,rq2.learner_level_outcome_tasks.recovery_prediction.arms.real_train.auroc
Analytic usefulness,ASSISTments,TimeGAN,Recovery Prediction; Standard synthetic only (TSTR),AUPRC,Higher,0.37377006234215243,0.0,0.37377006234215243,0.37377006234215243,1,2,rq2.learner_level_outcome_tasks.recovery_prediction.arms.synthetic_train.auprc
Analytic usefulness,ASSISTments,TimeGAN,Recovery Prediction; Standard synthetic only (TSTR),AUROC,Higher,0.5786536449250087,0.0,0.5786536449250087,0.5786536449250087,1,2,rq2.learner_level_outcome_tasks.recovery_prediction.arms.synthetic_train.auroc
Analytic usefulness,ASSISTments,TimeGAN,Recovery Prediction; Targeted synthetic only,AUPRC,Higher,0.2592734727077683,0.0,0.2592734727077683,0.2592734727077683,1,2,rq2.learner_level_outcome_tasks.recovery_prediction.arms.tail_targeted_synthetic.auprc
Analytic usefulness,ASSISTments,TimeGAN,Recovery Prediction; Targeted synthetic only,AUROC,Higher,0.46485873735612143,0.0,0.46485873735612143,0.46485873735612143,1,2,rq2.learner_level_outcome_tasks.recovery_prediction.arms.tail_targeted_synthetic.auroc
Analytic usefulness,ASSISTments,TimeGAN,Recovery Prediction; Standard augmentation gain,AUPRC,Higher,-0.008228248215586395,0.011636500221054495,-0.024684744646759182,0.0,3,0,rq2.learner_level_outcome_tasks.recovery_prediction.real_plus_synthetic_gain_over_real.auprc
Analytic usefulness,ASSISTments,TimeGAN,Recovery Prediction; Standard augmentation gain,AUROC,Higher,-0.013835600511568439,0.01956649388703622,-0.04150680153470532,0.0,3,0,rq2.learner_level_outcome_tasks.recovery_prediction.real_plus_synthetic_gain_over_real.auroc
Analytic usefulness,ASSISTments,TimeGAN,Recovery Prediction; Standard synthetic utility loss,AUPRC,Lower,0.06489822056052619,0.0,0.06489822056052619,0.06489822056052619,1,2,rq2.learner_level_outcome_tasks.recovery_prediction.synthetic_utility_gap.auprc
Analytic usefulness,ASSISTments,TimeGAN,Recovery Prediction; Standard synthetic utility loss,AUROC,Lower,0.1110917335193583,0.0,0.1110917335193583,0.1110917335193583,1,2,rq2.learner_level_outcome_tasks.recovery_prediction.synthetic_utility_gap.auroc
Disclosure risk,ASSISTments,TimeGAN,Standard synthetic,Exact-duplicate rate,Lower,0.0,0.0,0.0,0.0,3,0,rq2.privacy_risk.standard.exact_duplicate_rate
Disclosure risk,ASSISTments,TimeGAN,Standard synthetic,Mean nearest-training distance,Higher,0.8614402008241883,0.04121210269664355,0.8278283687055484,0.9194812920285141,3,0,rq2.privacy_risk.standard.mean_nearest_neighbor_distance
Disclosure risk,ASSISTments,TimeGAN,Standard synthetic,Membership-inference advantage,Lower,0.0011150592216582211,0.0009118267327972192,0.0,0.002233502538071086,3,0,rq2.privacy_risk.standard.membership_inference_attack_advantage
Disclosure risk,ASSISTments,TimeGAN,Standard synthetic,Near-duplicate rate,Lower,0.0,0.0,0.0,0.0,3,0,rq2.privacy_risk.standard.near_duplicate_rate
Disclosure risk,ASSISTments,TimeGAN,Targeted synthetic,Exact-duplicate rate,Lower,0.0,0.0,0.0,0.0,3,0,rq2.privacy_risk.tail_targeted.exact_duplicate_rate
Disclosure risk,ASSISTments,TimeGAN,Targeted synthetic,Mean nearest-training distance,Higher,0.8676433698504473,0.029439891963518715,0.8399361509125848,0.9084096784088882,3,0,rq2.privacy_risk.tail_targeted.mean_nearest_neighbor_distance
Disclosure risk,ASSISTments,TimeGAN,Targeted synthetic,Membership-inference advantage,Lower,0.022094331641285974,0.017318050526995234,0.0,0.04229314720812183,3,0,rq2.privacy_risk.tail_targeted.membership_inference_attack_advantage
Disclosure risk,ASSISTments,TimeGAN,Targeted synthetic,Near-duplicate rate,Lower,0.0,0.0,0.0,0.0,3,0,rq2.privacy_risk.tail_targeted.near_duplicate_rate
Disclosure risk,ASSISTments,TimeGAN,Targeted-minus-standard risk,Exact-duplicate risk change,Lower,0.0,0.0,0.0,0.0,3,0,rq2.privacy_risk.tail_targeted_minus_standard_risk.exact_duplicate_rate_risk_delta
Disclosure risk,ASSISTments,TimeGAN,Targeted-minus-standard risk,Nearest-neighbor exposure risk change,Lower,-0.0062031690262590216,0.012417237024159115,-0.017573338491366663,0.011071613619625942,3,0,rq2.privacy_risk.tail_targeted_minus_standard_risk.mean_nearest_exposure_risk_delta
Disclosure risk,ASSISTments,TimeGAN,Targeted-minus-standard risk,Membership-inference risk change,Lower,0.020979272419627753,0.01694239389157514,-0.0011116751269035774,0.04005964467005074,3,0,rq2.privacy_risk.tail_targeted_minus_standard_risk.membership_inference_attack_advantage_risk_delta
Disclosure risk,ASSISTments,TimeGAN,Targeted-minus-standard risk,Near-duplicate risk change,Lower,0.0,0.0,0.0,0.0,3,0,rq2.privacy_risk.tail_targeted_minus_standard_risk.near_duplicate_rate_risk_delta
Analytic usefulness,ASSISTments,TimeGAN,High Hint Use; Real + standard synthetic,AUPRC,Higher,0.43016045550936594,0.006798024967136241,0.4205467512231965,0.43501455809453904,3,0,rq2.tail_learnability.high_hint_use.arms.real_plus_synthetic.auprc
Analytic usefulness,ASSISTments,TimeGAN,High Hint Use; Real + standard synthetic,AUROC,Higher,0.8583437514078479,0.006351678360629669,0.8494053250439249,0.8635837613190972,3,0,rq2.tail_learnability.high_hint_use.arms.real_plus_synthetic.auroc
Analytic usefulness,ASSISTments,TimeGAN,High Hint Use; Real + targeted synthetic,AUPRC,Higher,0.43272537420554874,0.006258013382034179,0.42453472172187007,0.4397239755210393,3,0,rq2.tail_learnability.high_hint_use.arms.real_plus_tail_targeted_synthetic.auprc
Analytic usefulness,ASSISTments,TimeGAN,High Hint Use; Real + targeted synthetic,AUROC,Higher,0.8577989142676938,0.007252317205262265,0.8475427422624678,0.8629755710231113,3,0,rq2.tail_learnability.high_hint_use.arms.real_plus_tail_targeted_synthetic.auroc
Analytic usefulness,ASSISTments,TimeGAN,High Hint Use; Real only (TRTR),AUPRC,Higher,0.4399197753693036,0.0,0.4399197753693036,0.4399197753693036,3,0,rq2.tail_learnability.high_hint_use.arms.real_train.auprc
Analytic usefulness,ASSISTments,TimeGAN,High Hint Use; Real only (TRTR),AUROC,Higher,0.8696910055412893,0.0,0.8696910055412893,0.8696910055412893,3,0,rq2.tail_learnability.high_hint_use.arms.real_train.auroc
Analytic usefulness,ASSISTments,TimeGAN,High Hint Use; Standard synthetic only (TSTR),AUPRC,Higher,0.15496370710112742,0.06713240075575527,0.09239954287873674,0.24808778839744206,3,0,rq2.tail_learnability.high_hint_use.arms.synthetic_train.auprc
Analytic usefulness,ASSISTments,TimeGAN,High Hint Use; Standard synthetic only (TSTR),AUROC,Higher,0.5438417916835608,0.10260424198458433,0.44990454791188,0.6865877145560211,3,0,rq2.tail_learnability.high_hint_use.arms.synthetic_train.auroc
Analytic usefulness,ASSISTments,TimeGAN,High Hint Use; Targeted synthetic only,AUPRC,Higher,0.12497430162112393,0.04868791674755983,0.08989231221785088,0.193825240490119,3,0,rq2.tail_learnability.high_hint_use.arms.tail_targeted_synthetic.auprc
Analytic usefulness,ASSISTments,TimeGAN,High Hint Use; Targeted synthetic only,AUROC,Higher,0.4969111816912195,0.06910855798854004,0.43796881335315585,0.5938978240302744,3,0,rq2.tail_learnability.high_hint_use.arms.tail_targeted_synthetic.auroc
Analytic usefulness,ASSISTments,TimeGAN,High Hint Use; Standard augmentation gain,AUPRC,Higher,-0.009759319859937684,0.006798024967136241,-0.019373024146107087,-0.004905217274764562,3,0,rq2.tail_learnability.high_hint_use.real_plus_synthetic_gain_over_real.auprc
Analytic usefulness,ASSISTments,TimeGAN,High Hint Use; Standard augmentation gain,AUROC,Higher,-0.011347254133441398,0.006351678360629669,-0.020285680497364456,-0.00610724422219211,3,0,rq2.tail_learnability.high_hint_use.real_plus_synthetic_gain_over_real.auroc
Analytic usefulness,ASSISTments,TimeGAN,High Hint Use; Standard synthetic utility loss,AUPRC,Lower,0.28495606826817615,0.06713240075575527,0.19183198697186155,0.34752023249056685,3,0,rq2.tail_learnability.high_hint_use.synthetic_utility_gap.auprc
Analytic usefulness,ASSISTments,TimeGAN,High Hint Use; Standard synthetic utility loss,AUROC,Lower,0.32584921385772847,0.10260424198458433,0.18310329098526823,0.4197864576294093,3,0,rq2.tail_learnability.high_hint_use.synthetic_utility_gap.auroc
Analytic usefulness,ASSISTments,TimeGAN,High Hint Use; Targeted-vs-standard TSTR gain,AUPRC,Higher,-0.029989405480003502,0.021899763882528296,-0.054262547907323044,-0.001194190723334862,3,0,rq2.tail_learnability.high_hint_use.tail_targeted_tstr_gain.auprc
Analytic usefulness,ASSISTments,TimeGAN,High Hint Use; Targeted-vs-standard TSTR gain,AUROC,Higher,-0.04693060999234133,0.04211344790079916,-0.09268989052574672,0.008962359778348361,3,0,rq2.tail_learnability.high_hint_use.tail_targeted_tstr_gain.auroc
Analytic usefulness,ASSISTments,TimeGAN,High Hint Use; Targeted augmentation gain,AUPRC,Higher,-0.00719440116375486,0.006258013382034179,-0.015385053647433533,-0.00019579984826428865,3,0,rq2.tail_learnability.high_hint_use.targeted_augmentation_gain_over_real.auprc
Analytic usefulness,ASSISTments,TimeGAN,High Hint Use; Targeted augmentation gain,AUROC,Higher,-0.011892091273595437,0.007252317205262265,-0.022148263278821467,-0.006715434518178021,3,0,rq2.tail_learnability.high_hint_use.targeted_augmentation_gain_over_real.auroc
Analytic usefulness,ASSISTments,TimeGAN,Late Correctness Decline; Real + standard synthetic,AUPRC,Higher,0.7269111909094242,0.014500352397887767,0.7064712520643723,0.738561895982689,3,0,rq2.tail_learnability.late_failure.arms.real_plus_synthetic.auprc
Analytic usefulness,ASSISTments,TimeGAN,Late Correctness Decline; Real + standard synthetic,AUROC,Higher,0.7343737494997998,0.010126528305378475,0.7200560224089635,0.7418007202881153,3,0,rq2.tail_learnability.late_failure.arms.real_plus_synthetic.auroc
Analytic usefulness,ASSISTments,TimeGAN,Late Correctness Decline; Real + targeted synthetic,AUPRC,Higher,0.723933703222217,0.011775124116593594,0.7079235441743764,0.7359056993559129,3,0,rq2.tail_learnability.late_failure.arms.real_plus_tail_targeted_synthetic.auprc
Analytic usefulness,ASSISTments,TimeGAN,Late Correctness Decline; Real + targeted synthetic,AUROC,Higher,0.7354888622115513,0.006353904530148551,0.7266506602641056,0.7413125250100041,3,0,rq2.tail_learnability.late_failure.arms.real_plus_tail_targeted_synthetic.auroc
Analytic usefulness,ASSISTments,TimeGAN,Late Correctness Decline; Real only (TRTR),AUPRC,Higher,0.7467286352231772,0.0,0.7467286352231772,0.7467286352231772,3,0,rq2.tail_learnability.late_failure.arms.real_train.auprc
Analytic usefulness,ASSISTments,TimeGAN,Late Correctness Decline; Real only (TRTR),AUROC,Higher,0.7450900360144056,1.1102230246251565e-16,0.7450900360144057,0.7450900360144057,3,0,rq2.tail_learnability.late_failure.arms.real_train.auroc
Analytic usefulness,ASSISTments,TimeGAN,Late Correctness Decline; Standard synthetic only (TSTR),AUPRC,Higher,0.5569449347384529,0.04907539803350207,0.4875458723552953,0.5922922648756512,3,0,rq2.tail_learnability.late_failure.arms.synthetic_train.auprc
Analytic usefulness,ASSISTments,TimeGAN,Late Correctness Decline; Standard synthetic only (TSTR),AUROC,Higher,0.5803174603174602,0.054787990664773065,0.5032733093237295,0.6259623849539816,3,0,rq2.tail_learnability.late_failure.arms.synthetic_train.auroc
Analytic usefulness,ASSISTments,TimeGAN,Late Correctness Decline; Targeted synthetic only,AUPRC,Higher,0.5160310287613951,0.022898385062154237,0.4951271574173084,0.5479020022223877,3,0,rq2.tail_learnability.late_failure.arms.tail_targeted_synthetic.auprc
Analytic usefulness,ASSISTments,TimeGAN,Late Correctness Decline; Targeted synthetic only,AUROC,Higher,0.5376817393624117,0.027322238656967986,0.5015526210484194,0.5676110444177671,3,0,rq2.tail_learnability.late_failure.arms.tail_targeted_synthetic.auroc
Analytic usefulness,ASSISTments,TimeGAN,Late Correctness Decline; Standard augmentation gain,AUPRC,Higher,-0.019817444313752874,0.014500352397887765,-0.040257383158804894,-0.008166739240488274,3,0,rq2.tail_learnability.late_failure.real_plus_synthetic_gain_over_real.auprc
Analytic usefulness,ASSISTments,TimeGAN,Late Correctness Decline; Standard augmentation gain,AUROC,Higher,-0.010716286514605803,0.010126528305378475,-0.025034013605442218,-0.0032893157262904316,3,0,rq2.tail_learnability.late_failure.real_plus_synthetic_gain_over_real.auroc
Analytic usefulness,ASSISTments,TimeGAN,Late Correctness Decline; Standard synthetic utility loss,AUPRC,Lower,0.1897837004847244,0.04907539803350207,0.154436370347526,0.25918276286788194,3,0,rq2.tail_learnability.late_failure.synthetic_utility_gap.auprc
Analytic usefulness,ASSISTments,TimeGAN,Late Correctness Decline; Standard synthetic utility loss,AUROC,Lower,0.1647725756969454,0.054787990664773065,0.11912765106042411,0.24181672669067622,3,0,rq2.tail_learnability.late_failure.synthetic_utility_gap.auroc
Analytic usefulness,ASSISTments,TimeGAN,Late Correctness Decline; Targeted-vs-standard TSTR gain,AUPRC,Higher,-0.040913905977057664,0.07175540229454191,-0.09716510745834284,0.060356129867092434,3,0,rq2.tail_learnability.late_failure.tail_targeted_tstr_gain.auprc
Analytic usefulness,ASSISTments,TimeGAN,Late Correctness Decline; Targeted-vs-standard TSTR gain,AUROC,Higher,-0.042635720955048674,0.0790892424629097,-0.12440976390556224,0.06433773509403762,3,0,rq2.tail_learnability.late_failure.tail_targeted_tstr_gain.auroc
Analytic usefulness,ASSISTments,TimeGAN,Late Correctness Decline; Targeted augmentation gain,AUPRC,Higher,-0.022794932000960316,0.011775124116593594,-0.03880509104880081,-0.01082293586726435,3,0,rq2.tail_learnability.late_failure.targeted_augmentation_gain_over_real.auprc
Analytic usefulness,ASSISTments,TimeGAN,Late Correctness Decline; Targeted augmentation gain,AUROC,Higher,-0.009601173802854376,0.006353904530148551,-0.01843937575030008,-0.0037775110044016014,3,0,rq2.tail_learnability.late_failure.targeted_augmentation_gain_over_real.auroc
Analytic usefulness,ASSISTments,TimeGAN,Persistent Low Correctness; Real + standard synthetic,AUPRC,Higher,0.15411832718486693,0.021221448992983644,0.13131276010790896,0.1824165073971884,3,0,rq2.tail_learnability.persistent_failure.arms.real_plus_synthetic.auprc
Analytic usefulness,ASSISTments,TimeGAN,Persistent Low Correctness; Real + standard synthetic,AUROC,Higher,0.7799644367550943,0.02312767961779148,0.749543444828912,0.8055795847750865,3,0,rq2.tail_learnability.persistent_failure.arms.real_plus_synthetic.auroc
Analytic usefulness,ASSISTments,TimeGAN,Persistent Low Correctness; Real + targeted synthetic,AUPRC,Higher,0.14394130908652372,0.003224813420387368,0.13964572861078495,0.14741579585216597,3,0,rq2.tail_learnability.persistent_failure.arms.real_plus_tail_targeted_synthetic.auprc
Analytic usefulness,ASSISTments,TimeGAN,Persistent Low Correctness; Real + targeted synthetic,AUROC,Higher,0.7861639753940791,0.026922943504915416,0.7485101883890811,0.8098808150711265,3,0,rq2.tail_learnability.persistent_failure.arms.real_plus_tail_targeted_synthetic.auroc
Analytic usefulness,ASSISTments,TimeGAN,Persistent Low Correctness; Real only (TRTR),AUPRC,Higher,0.14362446678856103,0.0,0.14362446678856103,0.14362446678856103,3,0,rq2.tail_learnability.persistent_failure.arms.real_train.auprc
Analytic usefulness,ASSISTments,TimeGAN,Persistent Low Correctness; Real only (TRTR),AUROC,Higher,0.8221597462514417,1.1102230246251565e-16,0.8221597462514418,0.8221597462514418,3,0,rq2.tail_learnability.persistent_failure.arms.real_train.auroc
Analytic usefulness,ASSISTments,TimeGAN,Persistent Low Correctness; Standard synthetic only (TSTR),AUPRC,Higher,0.08333259515768256,0.06698838007860065,0.029797846309119486,0.17778813396558102,3,0,rq2.tail_learnability.persistent_failure.arms.synthetic_train.auprc
Analytic usefulness,ASSISTments,TimeGAN,Persistent Low Correctness; Standard synthetic only (TSTR),AUROC,Higher,0.5594723183391003,0.11984776654607636,0.4573241061130334,0.7276768550557478,3,0,rq2.tail_learnability.persistent_failure.arms.synthetic_train.auroc
Analytic usefulness,ASSISTments,TimeGAN,Persistent Low Correctness; Targeted synthetic only,AUPRC,Higher,0.06308008762217783,0.05760251114733181,0.02210634666616104,0.1445418574422077,3,0,rq2.tail_learnability.persistent_failure.arms.tail_targeted_synthetic.auprc
Analytic usefulness,ASSISTments,TimeGAN,Persistent Low Correctness; Targeted synthetic only,AUROC,Higher,0.45932654107394594,0.10799200056238566,0.3585399846212995,0.6090926566705113,3,0,rq2.tail_learnability.persistent_failure.arms.tail_targeted_synthetic.auroc
Analytic usefulness,ASSISTments,TimeGAN,Persistent Low Correctness; Standard augmentation gain,AUPRC,Higher,0.010493860396305899,0.021221448992983644,-0.012311706680652068,0.03879204060862737,3,0,rq2.tail_learnability.persistent_failure.real_plus_synthetic_gain_over_real.auprc
Analytic usefulness,ASSISTments,TimeGAN,Persistent Low Correctness; Standard augmentation gain,AUROC,Higher,-0.04219530949634761,0.023127679617791476,-0.07261630142252984,-0.016580161476355326,3,0,rq2.tail_learnability.persistent_failure.real_plus_synthetic_gain_over_real.auroc
Analytic usefulness,ASSISTments,TimeGAN,Persistent Low Correctness; Standard synthetic utility loss,AUPRC,Lower,0.06029187163087848,0.06698838007860065,-0.03416366717701999,0.11382662047944155,3,0,rq2.tail_learnability.persistent_failure.synthetic_utility_gap.auprc
Analytic usefulness,ASSISTments,TimeGAN,Persistent Low Correctness; Standard synthetic utility loss,AUROC,Lower,0.2626874279123415,0.11984776654607636,0.09448289119569409,0.3648356401384084,3,0,rq2.tail_learnability.persistent_failure.synthetic_utility_gap.auroc
Analytic usefulness,ASSISTments,TimeGAN,Persistent Low Correctness; Targeted-vs-standard TSTR gain,AUPRC,Higher,-0.02025250753550473,0.010631051040441238,-0.03324627652337331,-0.007205787550954766,3,0,rq2.tail_learnability.persistent_failure.tail_targeted_tstr_gain.auprc
Analytic usefulness,ASSISTments,TimeGAN,Persistent Low Correctness; Targeted-vs-standard TSTR gain,AUROC,Higher,-0.10014577726515443,0.03817970689650979,-0.13487600922722032,-0.04697712418300648,3,0,rq2.tail_learnability.persistent_failure.tail_targeted_tstr_gain.auroc
Analytic usefulness,ASSISTments,TimeGAN,Persistent Low Correctness; Targeted augmentation gain,AUPRC,Higher,0.0003168422979627124,0.003224813420387368,-0.003978738177776081,0.003791329063604937,3,0,rq2.tail_learnability.persistent_failure.targeted_augmentation_gain_over_real.auprc
Analytic usefulness,ASSISTments,TimeGAN,Persistent Low Correctness; Targeted augmentation gain,AUROC,Higher,-0.03599577085736264,0.026922943504915413,-0.07364955786236071,-0.012278931180315311,3,0,rq2.tail_learnability.persistent_failure.targeted_augmentation_gain_over_real.auroc
Analytic usefulness,ASSISTments,TimeGAN,Rapid Low-Accuracy Responding; Real + standard synthetic,AUPRC,Higher,0.317086046227953,0.0102825236781236,0.3026130287984747,0.32554495612531253,3,0,rq2.tail_learnability.rapid_guessing.arms.real_plus_synthetic.auprc
Analytic usefulness,ASSISTments,TimeGAN,Rapid Low-Accuracy Responding; Real + standard synthetic,AUROC,Higher,0.8621706813196175,0.015159612223148466,0.8408328541307265,0.8746405980448534,3,0,rq2.tail_learnability.rapid_guessing.arms.real_plus_synthetic.auroc
Analytic usefulness,ASSISTments,TimeGAN,Rapid Low-Accuracy Responding; Real + targeted synthetic,AUPRC,Higher,0.31607998919882935,0.007252572387099106,0.3064897595767559,0.32402475973583,3,0,rq2.tail_learnability.rapid_guessing.arms.real_plus_tail_targeted_synthetic.auprc
Analytic usefulness,ASSISTments,TimeGAN,Rapid Low-Accuracy Responding; Real + targeted synthetic,AUROC,Higher,0.8652482269503547,0.009868525443556922,0.8512954443805507,0.872492173024088,3,0,rq2.tail_learnability.rapid_guessing.arms.real_plus_tail_targeted_synthetic.auroc
Analytic usefulness,ASSISTments,TimeGAN,Rapid Low-Accuracy Responding; Real only (TRTR),AUPRC,Higher,0.34086476224871176,0.0,0.34086476224871176,0.34086476224871176,3,0,rq2.tail_learnability.rapid_guessing.arms.real_train.auprc
Analytic usefulness,ASSISTments,TimeGAN,Rapid Low-Accuracy Responding; Real only (TRTR),AUROC,Higher,0.8809900325857773,0.0,0.8809900325857773,0.8809900325857773,3,0,rq2.tail_learnability.rapid_guessing.arms.real_train.auroc
Analytic usefulness,ASSISTments,TimeGAN,Rapid Low-Accuracy Responding; Standard synthetic only (TSTR),AUPRC,Higher,0.12962567029886005,0.06273675820221025,0.0724389270905191,0.21696517833344905,3,0,rq2.tail_learnability.rapid_guessing.arms.synthetic_train.auprc
Analytic usefulness,ASSISTments,TimeGAN,Rapid Low-Accuracy Responding; Standard synthetic only (TSTR),AUROC,Higher,0.5301285327881072,0.13214233161522482,0.40314516644303877,0.7123586352309756,3,0,rq2.tail_learnability.rapid_guessing.arms.synthetic_train.auroc
Analytic usefulness,ASSISTments,TimeGAN,Rapid Low-Accuracy Responding; Targeted synthetic only,AUPRC,Higher,0.10168883773999314,0.039662738262616425,0.06319601434608924,0.1562683234626723,3,0,rq2.tail_learnability.rapid_guessing.arms.tail_targeted_synthetic.auprc
Analytic usefulness,ASSISTments,TimeGAN,Rapid Low-Accuracy Responding; Targeted synthetic only,AUROC,Higher,0.4676910953506698,0.12306893881652495,0.3013146124848253,0.5951297041722573,3,0,rq2.tail_learnability.rapid_guessing.arms.tail_targeted_synthetic.auroc
Analytic usefulness,ASSISTments,TimeGAN,Rapid Low-Accuracy Responding; Standard augmentation gain,AUPRC,Higher,-0.02377871602075878,0.0102825236781236,-0.03825173345023708,-0.015319806123399227,3,0,rq2.tail_learnability.rapid_guessing.real_plus_synthetic_gain_over_real.auprc
Analytic usefulness,ASSISTments,TimeGAN,Rapid Low-Accuracy Responding; Standard augmentation gain,AUROC,Higher,-0.018819351266159856,0.015159612223148466,-0.040157178455050846,-0.006349434540923959,3,0,rq2.tail_learnability.rapid_guessing.real_plus_synthetic_gain_over_real.auroc
Analytic usefulness,ASSISTments,TimeGAN,Rapid Low-Accuracy Responding; Standard synthetic utility loss,AUPRC,Lower,0.2112390919498517,0.06273675820221024,0.1238995839152627,0.2684258351581926,3,0,rq2.tail_learnability.rapid_guessing.synthetic_utility_gap.auprc
Analytic usefulness,ASSISTments,TimeGAN,Rapid Low-Accuracy Responding; Standard synthetic utility loss,AUROC,Lower,0.35086149979767006,0.13214233161522482,0.1686313973548017,0.4778448661427386,3,0,rq2.tail_learnability.rapid_guessing.synthetic_utility_gap.auroc
Analytic usefulness,ASSISTments,TimeGAN,Rapid Low-Accuracy Responding; Targeted-vs-standard TSTR gain,AUPRC,Higher,-0.027936832558866923,0.030724541152503268,-0.06069685487077675,0.013163248320698762,3,0,rq2.tail_learnability.rapid_guessing.tail_targeted_tstr_gain.auprc
Analytic usefulness,ASSISTments,TimeGAN,Rapid Low-Accuracy Responding; Targeted-vs-standard TSTR gain,AUROC,Higher,-0.06243743743743744,0.11955721977685405,-0.17356718420548206,0.10348380295188808,3,0,rq2.tail_learnability.rapid_guessing.tail_targeted_tstr_gain.auroc
Analytic usefulness,ASSISTments,TimeGAN,Rapid Low-Accuracy Responding; Targeted augmentation gain,AUPRC,Higher,-0.02478477304988243,0.007252572387099106,-0.03437500267195587,-0.016840002512881758,3,0,rq2.tail_learnability.rapid_guessing.targeted_augmentation_gain_over_real.auprc
Analytic usefulness,ASSISTments,TimeGAN,Rapid Low-Accuracy Responding; Targeted augmentation gain,AUROC,Higher,-0.015741805635422674,0.009868525443556922,-0.029694588205226635,-0.008497859561689358,3,0,rq2.tail_learnability.rapid_guessing.targeted_augmentation_gain_over_real.auroc
Analytic usefulness,ASSISTments,TimeGAN,Rare Skill Path; Real + standard synthetic,AUPRC,Higher,0.8878211074636942,0.016930638975375518,0.863971356085826,0.9015795107859513,3,0,rq2.tail_learnability.rare_skill_path.arms.real_plus_synthetic.auprc
Analytic usefulness,ASSISTments,TimeGAN,Rare Skill Path; Real + standard synthetic,AUROC,Higher,0.7093887200270178,0.003180107371794599,0.7056737588652482,0.7134414049307667,3,0,rq2.tail_learnability.rare_skill_path.arms.real_plus_synthetic.auroc
Analytic usefulness,ASSISTments,TimeGAN,Rare Skill Path; Real + targeted synthetic,AUPRC,Higher,0.8950328825799665,0.01364197284202854,0.8760495060228434,0.9075042848383956,3,0,rq2.tail_learnability.rare_skill_path.arms.real_plus_tail_targeted_synthetic.auprc
Analytic usefulness,ASSISTments,TimeGAN,Rare Skill Path; Real + targeted synthetic,AUROC,Higher,0.7158805208450598,0.010095094092971484,0.7047731622199707,0.7292018462231229,3,0,rq2.tail_learnability.rare_skill_path.arms.real_plus_tail_targeted_synthetic.auroc
Analytic usefulness,ASSISTments,TimeGAN,Rare Skill Path; Real only (TRTR),AUPRC,Higher,0.9009482365279129,0.0,0.9009482365279129,0.9009482365279129,3,0,rq2.tail_learnability.rare_skill_path.arms.real_train.auprc
Analytic usefulness,ASSISTments,TimeGAN,Rare Skill Path; Real only (TRTR),AUROC,Higher,0.7239108409321174,1.1102230246251565e-16,0.7239108409321175,0.7239108409321175,3,0,rq2.tail_learnability.rare_skill_path.arms.real_train.auroc
Analytic usefulness,ASSISTments,TimeGAN,Rare Skill Path; Standard synthetic only (TSTR),AUPRC,Higher,0.810282350034842,0.04795967693809269,0.7508671472151802,0.8683196385843709,3,0,rq2.tail_learnability.rare_skill_path.arms.synthetic_train.auprc
Analytic usefulness,ASSISTments,TimeGAN,Rare Skill Path; Standard synthetic only (TSTR),AUROC,Higher,0.5167548500881834,0.12081198826244778,0.3668242710795902,0.6626702690532479,3,0,rq2.tail_learnability.rare_skill_path.arms.synthetic_train.auroc
Analytic usefulness,ASSISTments,TimeGAN,Rare Skill Path; Targeted synthetic only,AUPRC,Higher,0.8048602729094109,0.034500712530457694,0.7768657127273082,0.8534650261503745,3,0,rq2.tail_learnability.rare_skill_path.arms.tail_targeted_synthetic.auprc
Analytic usefulness,ASSISTments,TimeGAN,Rare Skill Path; Targeted synthetic only,AUROC,Higher,0.5161356898945552,0.08977990824873837,0.43847799166948104,0.6419565462118654,3,0,rq2.tail_learnability.rare_skill_path.arms.tail_targeted_synthetic.auroc
Analytic usefulness,ASSISTments,TimeGAN,Rare Skill Path; Standard augmentation gain,AUPRC,Higher,-0.013127129064218609,0.016930638975375518,-0.03697688044208691,0.000631274258038439,3,0,rq2.tail_learnability.rare_skill_path.real_plus_synthetic_gain_over_real.auprc
Analytic usefulness,ASSISTments,TimeGAN,Rare Skill Path; Standard augmentation gain,AUROC,Higher,-0.01452212090509967,0.003180107371794599,-0.01823708206686936,-0.010469436001350862,3,0,rq2.tail_learnability.rare_skill_path.real_plus_synthetic_gain_over_real.auroc
Analytic usefulness,ASSISTments,TimeGAN,Rare Skill Path; Standard synthetic utility loss,AUPRC,Lower,0.0906658864930709,0.04795967693809269,0.032628597943542004,0.15008108931273267,3,0,rq2.tail_learnability.rare_skill_path.synthetic_utility_gap.auprc
Analytic usefulness,ASSISTments,TimeGAN,Rare Skill Path; Standard synthetic utility loss,AUROC,Lower,0.20715599084393407,0.12081198826244777,0.061240571878869665,0.35708656985252735,3,0,rq2.tail_learnability.rare_skill_path.synthetic_utility_gap.auroc
Analytic usefulness,ASSISTments,TimeGAN,Rare Skill Path; Targeted-vs-standard TSTR gain,AUPRC,Higher,-0.0054220771254310796,0.028621342621258577,-0.034794551577666644,0.033382932635369844,3,0,rq2.tail_learnability.rare_skill_path.tail_targeted_tstr_gain.auprc
Analytic usefulness,ASSISTments,TimeGAN,Rare Skill Path; Targeted-vs-standard TSTR gain,AUROC,Higher,-0.0006191601936283245,0.07622522588954138,-0.08229201846223128,0.10114826072272881,3,0,rq2.tail_learnability.rare_skill_path.tail_targeted_tstr_gain.auroc
Analytic usefulness,ASSISTments,TimeGAN,Rare Skill Path; Targeted augmentation gain,AUPRC,Higher,-0.005915353947946437,0.013641972842028538,-0.024898730505069522,0.006556048310482732,3,0,rq2.tail_learnability.rare_skill_path.targeted_augmentation_gain_over_real.auprc
Analytic usefulness,ASSISTments,TimeGAN,Rare Skill Path; Targeted augmentation gain,AUROC,Higher,-0.008030320087057693,0.010095094092971484,-0.01913767871214689,0.005291005291005346,3,0,rq2.tail_learnability.rare_skill_path.targeted_augmentation_gain_over_real.auroc
Analytic usefulness,ASSISTments,TimeGAN,Recovery; Real + standard synthetic,AUPRC,Higher,0.7339511427424803,0.0032643685186789346,0.7296438423511419,0.7375433773961133,3,0,rq2.tail_learnability.recovery.arms.real_plus_synthetic.auprc
Analytic usefulness,ASSISTments,TimeGAN,Recovery; Real + standard synthetic,AUROC,Higher,0.7230545151893466,0.0021066495221605955,0.721057012068248,0.7259675405742821,3,0,rq2.tail_learnability.recovery.arms.real_plus_synthetic.auroc
Analytic usefulness,ASSISTments,TimeGAN,Recovery; Real + targeted synthetic,AUPRC,Higher,0.7329552542967482,0.006662606559535129,0.7236790439901235,0.7390249428430884,3,0,rq2.tail_learnability.recovery.arms.real_plus_tail_targeted_synthetic.auprc
Analytic usefulness,ASSISTments,TimeGAN,Recovery; Real + targeted synthetic,AUROC,Higher,0.7242682757664033,0.004558191994233193,0.7185393258426966,0.7296920516021641,3,0,rq2.tail_learnability.recovery.arms.real_plus_tail_targeted_synthetic.auroc
Analytic usefulness,ASSISTments,TimeGAN,Recovery; Real only (TRTR),AUPRC,Higher,0.7444827844984067,1.1102230246251565e-16,0.7444827844984065,0.7444827844984065,3,0,rq2.tail_learnability.recovery.arms.real_train.auprc
Analytic usefulness,ASSISTments,TimeGAN,Recovery; Real only (TRTR),AUROC,Higher,0.7328547648772367,0.0,0.7328547648772367,0.7328547648772367,3,0,rq2.tail_learnability.recovery.arms.real_train.auroc
Analytic usefulness,ASSISTments,TimeGAN,Recovery; Standard synthetic only (TSTR),AUPRC,Higher,0.591294708938959,0.031838942353239134,0.5590612242661228,0.6346388129662176,3,0,rq2.tail_learnability.recovery.arms.synthetic_train.auprc
Analytic usefulness,ASSISTments,TimeGAN,Recovery; Standard synthetic only (TSTR),AUROC,Higher,0.5224441670134554,0.056807130838344516,0.47598834789846023,0.602434456928839,3,0,rq2.tail_learnability.recovery.arms.synthetic_train.auroc
Analytic usefulness,ASSISTments,TimeGAN,Recovery; Targeted synthetic only,AUPRC,Higher,0.615485308978231,0.06188900378362926,0.5283609007015229,0.6662846600558301,3,0,rq2.tail_learnability.recovery.arms.tail_targeted_synthetic.auprc
Analytic usefulness,ASSISTments,TimeGAN,Recovery; Targeted synthetic only,AUROC,Higher,0.560708836177001,0.0721476722910594,0.4586766541822722,0.6117977528089887,3,0,rq2.tail_learnability.recovery.arms.tail_targeted_synthetic.auroc
Analytic usefulness,ASSISTments,TimeGAN,Recovery; Standard augmentation gain,AUPRC,Higher,-0.01053164175592621,0.0032643685186789346,-0.014838942147264667,-0.006939407102293238,3,0,rq2.tail_learnability.recovery.real_plus_synthetic_gain_over_real.auprc
Analytic usefulness,ASSISTments,TimeGAN,Recovery; Standard augmentation gain,AUROC,Higher,-0.009800249687890025,0.0021066495221605955,-0.011797752808988649,-0.00688722430295452,3,0,rq2.tail_learnability.recovery.real_plus_synthetic_gain_over_real.auroc
Analytic usefulness,ASSISTments,TimeGAN,Recovery; Standard synthetic utility loss,AUPRC,Lower,0.15318807555944766,0.031838942353239134,0.10984397153218894,0.18542156023228373,3,0,rq2.tail_learnability.recovery.synthetic_utility_gap.auprc
Analytic usefulness,ASSISTments,TimeGAN,Recovery; Standard synthetic utility loss,AUROC,Lower,0.21041059786378127,0.056807130838344516,0.13042030794839765,0.25686641697877644,3,0,rq2.tail_learnability.recovery.synthetic_utility_gap.auroc
Analytic usefulness,ASSISTments,TimeGAN,Recovery; Targeted-vs-standard TSTR gain,AUPRC,Higher,0.024190600039272054,0.047941370274380224,-0.03070032356459995,0.08610057047129382,3,0,rq2.tail_learnability.recovery.tail_targeted_tstr_gain.auprc
Analytic usefulness,ASSISTments,TimeGAN,Recovery; Targeted-vs-standard TSTR gain,AUROC,Higher,0.038264669163545595,0.07074321516025557,-0.030233042030794743,0.1356637536412818,3,0,rq2.tail_learnability.recovery.tail_targeted_tstr_gain.auroc
Analytic usefulness,ASSISTments,TimeGAN,Recovery; Targeted augmentation gain,AUPRC,Higher,-0.011527530201658346,0.006662606559535129,-0.020803740508283042,-0.005457841655318152,3,0,rq2.tail_learnability.recovery.targeted_augmentation_gain_over_real.auprc
Analytic usefulness,ASSISTments,TimeGAN,Recovery; Targeted augmentation gain,AUROC,Higher,-0.008586489110833484,0.004558191994233193,-0.014315439034540023,-0.0031627132750725595,3,0,rq2.tail_learnability.recovery.targeted_augmentation_gain_over_real.auroc
Analytic usefulness,ASSISTments,TimeGAN,High Hint Use,Rare-group prevalence-error reduction,Higher,-9.721007096335128e-05,0.0001374758007556224,-0.00029163021289005386,0.0,3,0,rq2.tail_targeting_fidelity_gain.high_hint_use.prevalence_error_reduction
Analytic usefulness,ASSISTments,TimeGAN,Late Correctness Decline,Rare-group prevalence-error reduction,Higher,-0.0023330417031204435,0.0032994192181349555,-0.006999125109361331,0.0,3,0,rq2.tail_targeting_fidelity_gain.late_failure.prevalence_error_reduction
Analytic usefulness,ASSISTments,TimeGAN,Persistent Low Correctness,Rare-group prevalence-error reduction,Higher,0.0,0.0,0.0,0.0,3,0,rq2.tail_targeting_fidelity_gain.persistent_failure.prevalence_error_reduction
Analytic usefulness,ASSISTments,TimeGAN,Rapid Low-Accuracy Responding,Rare-group prevalence-error reduction,Higher,0.0,0.0,0.0,0.0,3,0,rq2.tail_targeting_fidelity_gain.rapid_guessing.prevalence_error_reduction
Analytic usefulness,ASSISTments,TimeGAN,Rare Skill Path,Rare-group prevalence-error reduction,Higher,0.06172839506172839,0.09040358902016694,-0.004082822980460775,0.189559638378536,3,0,rq2.tail_targeting_fidelity_gain.rare_skill_path.prevalence_error_reduction
Analytic usefulness,ASSISTments,TimeGAN,Rare Skill Path,Rare-group trajectory-shape-error reduction,Higher,-0.03804646773685287,0.03804646773685287,-0.07609293547370574,0.0,2,1,rq2.tail_targeting_fidelity_gain.rare_skill_path.primary_signal_curve_mae_reduction
Analytic usefulness,ASSISTments,TimeGAN,Recovery,Rare-group prevalence-error reduction,Higher,-0.002819092057937201,0.003986798221913069,-0.008457276173811604,0.0,3,0,rq2.tail_targeting_fidelity_gain.recovery.prevalence_error_reduction
Population composition,EdNet,Markov,All eligible learners/events,Average feature-distribution divergence,Lower,0.015236235302674312,3.8809066991344954e-05,0.015182124929764342,0.015271244493074857,3,0,rq1.average_fidelity.modeled_value_marginal_js_mean
Population composition,EdNet,Markov,All eligible learners/events,Behavior-rate error,Lower,0.01632777777777783,0.0013396436323621108,0.014433333333333409,0.017291666666666705,3,0,rq1.average_fidelity.primary_signal_rate_error
Population composition,EdNet,Markov,All eligible learners/events,Event-type frequency divergence,Lower,0.013079084774106435,0.0007760461792230377,0.012189930850597677,0.01408082013673237,3,0,rq1.average_fidelity.skill_frequency_js
Learning process,EdNet,Markov,All eligible learners/events,Feature-dependence error,Lower,0.0028649350892328614,0.00010016331143902538,0.0027525236427229996,0.002995785192435764,3,0,rq1.cross_signal_dependence.prespecified_signal_nmi_mae
Population composition,EdNet,Markov,All eligible learners/events,Real-versus-synthetic detectability AUROC,0.5 best,0.5794124842592593,0.000911726236385914,0.578358783888889,0.5805828822222222,3,0,rq1.detectability.detectability_auc
Learner-pathway representation,EdNet,Markov,All eligible learners/events,Subgroup behavior error,Lower,0.019411103593528403,0.001540502854276702,0.017274155117167123,0.020846745331748056,3,0,rq1.subgroup_fidelity.future_primary_signal_rate_mae
Learner-pathway representation,EdNet,Markov,All eligible learners/events,Subgroup-size error,Lower,0.07551406768556508,0.009192385349698406,0.0681764526363673,0.08847639320220362,3,0,rq1.subgroup_fidelity.learner_share_mae
Learner-pathway representation,EdNet,Markov,Late Correctness Decline,Rare-group prevalence error,Lower,0.0553896750183911,0.0014312895762292781,0.05361547449045827,0.05712060236271582,3,0,rq1.tail_fidelity.late_failure.prevalence_error
Learner-pathway representation,EdNet,Markov,Late Correctness Decline,Rare-group trajectory-shape error,Lower,0.07051378959383776,0.011345603984312617,0.06140935835700469,0.08650786229681925,3,0,rq1.tail_fidelity.late_failure.primary_signal_curve_mae
Learner-pathway representation,EdNet,Markov,Persistent Low Correctness,Rare-group prevalence error,Lower,0.04413864728028041,0.0010111490281317175,0.043359729975334285,0.04556666233934831,3,0,rq1.tail_fidelity.persistent_failure.prevalence_error
Learner-pathway representation,EdNet,Markov,Persistent Low Correctness,Rare-group trajectory-shape error,Lower,0.03425745305002798,0.012708850179766418,0.016491894421049737,0.04549841053587648,3,0,rq1.tail_fidelity.persistent_failure.primary_signal_curve_mae
Learner-pathway representation,EdNet,Markov,Rapid Low-Accuracy Responding,Rare-group prevalence error,Lower,0.035310917824224325,0.0010222001653916418,0.03388290276515643,0.03621965467999481,3,0,rq1.tail_fidelity.rapid_guessing.prevalence_error
Learner-pathway representation,EdNet,Markov,Rapid Low-Accuracy Responding,Rare-group trajectory-shape error,Lower,0.07185825722130172,0.015904423473921632,0.05525002399462512,0.09329823965585564,3,0,rq1.tail_fidelity.rapid_guessing.primary_signal_curve_mae
Learner-pathway representation,EdNet,Markov,Rare Skill Path,Rare-group prevalence error,Lower,0.032541434073304766,0.006001102885753505,0.028041022978060492,0.04102297806049591,3,0,rq1.tail_fidelity.rare_skill_path.prevalence_error
Learner-pathway representation,EdNet,Markov,Rare Skill Path,Rare-group trajectory-shape error,Lower,0.2190957881928531,0.01334610187619095,0.20027387120651366,0.22972298418503848,3,0,rq1.tail_fidelity.rare_skill_path.primary_signal_curve_mae
Learner-pathway representation,EdNet,Markov,Recovery,Rare-group prevalence error,Lower,0.022155870007356443,0.0007445000014749774,0.021290406335194082,0.02310788004673504,3,0,rq1.tail_fidelity.recovery.prevalence_error
Learner-pathway representation,EdNet,Markov,Recovery,Rare-group trajectory-shape error,Lower,0.04222759921025768,0.0025663450942192034,0.038631048578762206,0.04444754783586934,3,0,rq1.tail_fidelity.recovery.primary_signal_curve_mae
Learning process,EdNet,Markov,All eligible learners/events,Behavior-persistence error,Lower,0.02296202042280407,0.0013781297724557518,0.021766603927323592,0.024892806708898887,3,0,rq1.temporal_fidelity.correctness_autocorrelation_mae
Learning process,EdNet,Markov,All eligible learners/events,Trajectory-shape error,Lower,0.1550303805761981,0.0049140918135728694,0.1488558131366352,0.16087963555380486,3,0,rq1.temporal_fidelity.correctness_curve_mae
Learning process,EdNet,Markov,All eligible learners/events,Behavior-transition divergence,Lower,0.00045291808289799827,6.88177184200832e-05,0.00035769332652489227,0.0005179374103600775,3,0,rq1.temporal_fidelity.correctness_transition_js
Learning process,EdNet,Markov,All eligible learners/events,Response/inactivity-gap distribution divergence,Lower,0.0035803834548681092,8.331047761921025e-05,0.0034633983912198416,0.003650993110283241,3,0,rq1.temporal_fidelity.inter_event_time_js
Learning process,EdNet,Markov,All eligible learners/events,Three-event sequence divergence,Lower,0.44377633411633727,0.0012398442963983622,0.44279250920685786,0.44552518222161097,3,0,rq1.temporal_fidelity.skill_trigram_js
Analytic usefulness,EdNet,Markov,Real + standard synthetic,AUPRC,Higher,0.7663577093606913,0.000283837568975408,0.7661027354727603,0.7667536863150815,3,0,rq2.downstream_utility.arms.real_plus_synthetic.auprc
Analytic usefulness,EdNet,Markov,Real + standard synthetic,AUROC,Higher,0.6684088645200889,0.0003277139592153711,0.6681577637897343,0.6688717662984964,3,0,rq2.downstream_utility.arms.real_plus_synthetic.auroc
Analytic usefulness,EdNet,Markov,Real + targeted synthetic,AUPRC,Higher,0.760729464782998,0.0004968230144843557,0.760224513589032,0.761405045426472,3,0,rq2.downstream_utility.arms.real_plus_tail_targeted_synthetic.auprc
Analytic usefulness,EdNet,Markov,Real + targeted synthetic,AUROC,Higher,0.6609200126573795,0.00021524188737243776,0.660643870371163,0.6611690012627821,3,0,rq2.downstream_utility.arms.real_plus_tail_targeted_synthetic.auroc
Analytic usefulness,EdNet,Markov,Real only (TRTR),AUPRC,Higher,0.7687385589902873,0.0,0.7687385589902873,0.7687385589902873,3,0,rq2.downstream_utility.arms.real_train.auprc
Analytic usefulness,EdNet,Markov,Real only (TRTR),AUROC,Higher,0.6721514547821162,0.0,0.6721514547821162,0.6721514547821162,3,0,rq2.downstream_utility.arms.real_train.auroc
Analytic usefulness,EdNet,Markov,Standard synthetic only (TSTR),AUPRC,Higher,0.7379521648253912,0.0012026391406022045,0.7362519442495469,0.7388403388607562,3,0,rq2.downstream_utility.arms.synthetic_train.auprc
Analytic usefulness,EdNet,Markov,Standard synthetic only (TSTR),AUROC,Higher,0.6359217250462773,0.0017005658907207628,0.6335168050946439,0.6371366967246599,3,0,rq2.downstream_utility.arms.synthetic_train.auroc
Analytic usefulness,EdNet,Markov,Targeted synthetic only,AUPRC,Higher,0.7313490300707787,0.0016270165281517604,0.7293628481217596,0.7333481454601816,3,0,rq2.downstream_utility.arms.tail_targeted_synthetic.auprc
Analytic usefulness,EdNet,Markov,Targeted synthetic only,AUROC,Higher,0.6245458147562584,0.0011124021145260796,0.6229863905344882,0.6255052621419799,3,0,rq2.downstream_utility.arms.tail_targeted_synthetic.auroc
Analytic usefulness,EdNet,Markov,Standard augmentation gain,AUPRC,Higher,-0.002380849629595986,0.000283837568975408,-0.002635823517527003,-0.001984872675205862,3,0,rq2.downstream_utility.real_plus_synthetic_gain_over_real.auprc
Analytic usefulness,EdNet,Markov,Standard augmentation gain,AUROC,Higher,-0.00374259026202739,0.0003277139592153711,-0.003993690992381893,-0.0032796884836198137,3,0,rq2.downstream_utility.real_plus_synthetic_gain_over_real.auroc
Analytic usefulness,EdNet,Markov,Standard synthetic utility loss,AUPRC,Lower,0.030786394164896147,0.0012026391406022045,0.02989822012953114,0.03248661474074044,3,0,rq2.downstream_utility.synthetic_utility_gap.auprc
Analytic usefulness,EdNet,Markov,Standard synthetic utility loss,AUROC,Lower,0.036229729735838934,0.0017005658907207628,0.03501475805745635,0.03863464968747232,3,0,rq2.downstream_utility.synthetic_utility_gap.auroc
Analytic usefulness,EdNet,Markov,Targeted-vs-standard TSTR gain,AUPRC,Higher,-0.006603134754612494,0.0020427100181327914,-0.009477490738996619,-0.004915847619151981,3,0,rq2.downstream_utility.tail_targeted_tstr_gain.auprc
Analytic usefulness,EdNet,Markov,Targeted-vs-standard TSTR gain,AUROC,Higher,-0.011375910290018906,0.0023561088320321667,-0.014125282785039883,-0.008371013502336822,3,0,rq2.downstream_utility.tail_targeted_tstr_gain.auroc
Analytic usefulness,EdNet,Markov,Targeted augmentation gain,AUPRC,Higher,-0.008009094207289383,0.0004968230144843557,-0.008514045401255332,-0.007333513563815286,3,0,rq2.downstream_utility.targeted_augmentation_gain_over_real.auprc
Analytic usefulness,EdNet,Markov,Targeted augmentation gain,AUROC,Higher,-0.011231442124736738,0.00021524188737243776,-0.011507584410953231,-0.010982453519334134,3,0,rq2.downstream_utility.targeted_augmentation_gain_over_real.auroc
Analytic usefulness,EdNet,Markov,Persistent Low-Correctness Prediction; Real + standard synthetic,AUPRC,Higher,0.11304927892306992,0.0014287878455344375,0.11137427882605525,0.11486551952329208,3,0,rq2.learner_level_outcome_tasks.persistent_failure_prediction.arms.real_plus_synthetic.auprc
Analytic usefulness,EdNet,Markov,Persistent Low-Correctness Prediction; Real + standard synthetic,AUROC,Higher,0.5595570748748618,0.005668332439123435,0.5518576581676718,0.5653391977123116,3,0,rq2.learner_level_outcome_tasks.persistent_failure_prediction.arms.real_plus_synthetic.auroc
Analytic usefulness,EdNet,Markov,Persistent Low-Correctness Prediction; Real only (TRTR),AUPRC,Higher,0.1309541241815329,0.0,0.1309541241815329,0.1309541241815329,3,0,rq2.learner_level_outcome_tasks.persistent_failure_prediction.arms.real_train.auprc
Analytic usefulness,EdNet,Markov,Persistent Low-Correctness Prediction; Real only (TRTR),AUROC,Higher,0.585850008346579,0.0,0.585850008346579,0.585850008346579,3,0,rq2.learner_level_outcome_tasks.persistent_failure_prediction.arms.real_train.auroc
Analytic usefulness,EdNet,Markov,Persistent Low-Correctness Prediction; Standard synthetic only (TSTR),AUPRC,Higher,0.08774536076469512,0.004351271570405117,0.08184794800506878,0.09221582220892277,3,0,rq2.learner_level_outcome_tasks.persistent_failure_prediction.arms.synthetic_train.auprc
Analytic usefulness,EdNet,Markov,Persistent Low-Correctness Prediction; Standard synthetic only (TSTR),AUROC,Higher,0.4889081223100427,0.013882086166448001,0.4694243037864437,0.5007366763196668,3,0,rq2.learner_level_outcome_tasks.persistent_failure_prediction.arms.synthetic_train.auroc
Analytic usefulness,EdNet,Markov,Persistent Low-Correctness Prediction; Targeted synthetic only,AUPRC,Higher,0.09428600194800889,0.005513888852840068,0.08903365213922862,0.10190357660966805,3,0,rq2.learner_level_outcome_tasks.persistent_failure_prediction.arms.tail_targeted_synthetic.auprc
Analytic usefulness,EdNet,Markov,Persistent Low-Correctness Prediction; Targeted synthetic only,AUROC,Higher,0.4945354100589583,0.016632574421155975,0.47222766564330354,0.5121497158534195,3,0,rq2.learner_level_outcome_tasks.persistent_failure_prediction.arms.tail_targeted_synthetic.auroc
Analytic usefulness,EdNet,Markov,Persistent Low-Correctness Prediction; Standard augmentation gain,AUPRC,Higher,-0.017904845258463,0.0014287878455344375,-0.01957984535547766,-0.01608860465824083,3,0,rq2.learner_level_outcome_tasks.persistent_failure_prediction.real_plus_synthetic_gain_over_real.auprc
Analytic usefulness,EdNet,Markov,Persistent Low-Correctness Prediction; Standard augmentation gain,AUROC,Higher,-0.026292933471717166,0.005668332439123435,-0.033992350178907116,-0.020510810634267407,3,0,rq2.learner_level_outcome_tasks.persistent_failure_prediction.real_plus_synthetic_gain_over_real.auroc
Analytic usefulness,EdNet,Markov,Persistent Low-Correctness Prediction; Standard synthetic utility loss,AUPRC,Lower,0.0432087634168378,0.004351271570405117,0.038738301972610134,0.04910617617646412,3,0,rq2.learner_level_outcome_tasks.persistent_failure_prediction.synthetic_utility_gap.auprc
Analytic usefulness,EdNet,Markov,Persistent Low-Correctness Prediction; Standard synthetic utility loss,AUROC,Lower,0.09694188603653621,0.013882086166448001,0.08511333202691218,0.11642570456013529,3,0,rq2.learner_level_outcome_tasks.persistent_failure_prediction.synthetic_utility_gap.auroc
Analytic usefulness,EdNet,Markov,Recovery Prediction; Real + standard synthetic,AUPRC,Higher,0.21298712781507131,0.011612883982741783,0.19774298754336866,0.22590077164193567,3,0,rq2.learner_level_outcome_tasks.recovery_prediction.arms.real_plus_synthetic.auprc
Analytic usefulness,EdNet,Markov,Recovery Prediction; Real + standard synthetic,AUROC,Higher,0.4764130668385988,0.01505960036809467,0.4553744128212214,0.4897992078843142,3,0,rq2.learner_level_outcome_tasks.recovery_prediction.arms.real_plus_synthetic.auroc
Analytic usefulness,EdNet,Markov,Recovery Prediction; Real only (TRTR),AUPRC,Higher,0.21941810939829257,0.0,0.21941810939829257,0.21941810939829257,3,0,rq2.learner_level_outcome_tasks.recovery_prediction.arms.real_train.auprc
Analytic usefulness,EdNet,Markov,Recovery Prediction; Real only (TRTR),AUROC,Higher,0.4910196186791931,0.0,0.4910196186791931,0.4910196186791931,3,0,rq2.learner_level_outcome_tasks.recovery_prediction.arms.real_train.auroc
Analytic usefulness,EdNet,Markov,Recovery Prediction; Standard synthetic only (TSTR),AUPRC,Higher,0.22390851447852148,0.005182900015063578,0.21695845935499583,0.2294000313618988,3,0,rq2.learner_level_outcome_tasks.recovery_prediction.arms.synthetic_train.auprc
Analytic usefulness,EdNet,Markov,Recovery Prediction; Standard synthetic only (TSTR),AUROC,Higher,0.5052116913819041,0.01943967048356255,0.4810030395136779,0.5285990605139541,3,0,rq2.learner_level_outcome_tasks.recovery_prediction.arms.synthetic_train.auroc
Analytic usefulness,EdNet,Markov,Recovery Prediction; Targeted synthetic only,AUPRC,Higher,0.2142165812306374,0.012505111875585019,0.19712553623780882,0.22669769393960915,3,0,rq2.learner_level_outcome_tasks.recovery_prediction.arms.tail_targeted_synthetic.auprc
Analytic usefulness,EdNet,Markov,Recovery Prediction; Targeted synthetic only,AUROC,Higher,0.49236283810751896,0.01987365141618193,0.4668877222068712,0.5153817813392282,3,0,rq2.learner_level_outcome_tasks.recovery_prediction.arms.tail_targeted_synthetic.auroc
Analytic usefulness,EdNet,Markov,Recovery Prediction; Standard augmentation gain,AUPRC,Higher,-0.006430981583221279,0.011612883982741783,-0.0216751218549239,0.006482662243643106,3,0,rq2.learner_level_outcome_tasks.recovery_prediction.real_plus_synthetic_gain_over_real.auprc
Analytic usefulness,EdNet,Markov,Recovery Prediction; Standard augmentation gain,AUROC,Higher,-0.01460655184059432,0.015059600368094672,-0.03564520585797171,-0.00122041079487889,3,0,rq2.learner_level_outcome_tasks.recovery_prediction.real_plus_synthetic_gain_over_real.auroc
Analytic usefulness,EdNet,Markov,Recovery Prediction; Standard synthetic utility loss,AUPRC,Lower,-0.0044904050802289,0.005182900015063577,-0.009981921963606227,0.002459650043296735,3,0,rq2.learner_level_outcome_tasks.recovery_prediction.synthetic_utility_gap.auprc
Analytic usefulness,EdNet,Markov,Recovery Prediction; Standard synthetic utility loss,AUROC,Lower,-0.014192072702711112,0.01943967048356255,-0.03757944183476103,0.010016579165515183,3,0,rq2.learner_level_outcome_tasks.recovery_prediction.synthetic_utility_gap.auroc
Disclosure risk,EdNet,Markov,Standard synthetic,Exact-duplicate rate,Lower,0.0,0.0,0.0,0.0,3,0,rq2.privacy_risk.standard.exact_duplicate_rate
Disclosure risk,EdNet,Markov,Standard synthetic,Mean nearest-training distance,Higher,0.9937128729832482,0.0007540911785538344,0.9931185347487073,0.9947768874601454,3,0,rq2.privacy_risk.standard.mean_nearest_neighbor_distance
Disclosure risk,EdNet,Markov,Standard synthetic,Membership-inference advantage,Lower,0.0,0.0,0.0,0.0,3,0,rq2.privacy_risk.standard.membership_inference_attack_advantage
Disclosure risk,EdNet,Markov,Standard synthetic,Near-duplicate rate,Lower,0.0,0.0,0.0,0.0,3,0,rq2.privacy_risk.standard.near_duplicate_rate
Disclosure risk,EdNet,Markov,Targeted synthetic,Exact-duplicate rate,Lower,0.0,0.0,0.0,0.0,3,0,rq2.privacy_risk.tail_targeted.exact_duplicate_rate
Disclosure risk,EdNet,Markov,Targeted synthetic,Mean nearest-training distance,Higher,0.9922553348026183,0.0008703429525970655,0.9910253084805942,0.9929093571683,3,0,rq2.privacy_risk.tail_targeted.mean_nearest_neighbor_distance
Disclosure risk,EdNet,Markov,Targeted synthetic,Membership-inference advantage,Lower,0.0,0.0,0.0,0.0,3,0,rq2.privacy_risk.tail_targeted.membership_inference_attack_advantage
Disclosure risk,EdNet,Markov,Targeted synthetic,Near-duplicate rate,Lower,0.0,0.0,0.0,0.0,3,0,rq2.privacy_risk.tail_targeted.near_duplicate_rate
Disclosure risk,EdNet,Markov,Targeted-minus-standard risk,Exact-duplicate risk change,Lower,0.0,0.0,0.0,0.0,3,0,rq2.privacy_risk.tail_targeted_minus_standard_risk.exact_duplicate_rate_risk_delta
Disclosure risk,EdNet,Markov,Targeted-minus-standard risk,Nearest-neighbor exposure risk change,Lower,0.0014575381806297694,0.0008398266921754775,0.0002871959897464693,0.0022178882602974515,3,0,rq2.privacy_risk.tail_targeted_minus_standard_risk.mean_nearest_exposure_risk_delta
Disclosure risk,EdNet,Markov,Targeted-minus-standard risk,Membership-inference risk change,Lower,0.0,0.0,0.0,0.0,3,0,rq2.privacy_risk.tail_targeted_minus_standard_risk.membership_inference_attack_advantage_risk_delta
Disclosure risk,EdNet,Markov,Targeted-minus-standard risk,Near-duplicate risk change,Lower,0.0,0.0,0.0,0.0,3,0,rq2.privacy_risk.tail_targeted_minus_standard_risk.near_duplicate_rate_risk_delta
Analytic usefulness,EdNet,Markov,Late Correctness Decline; Real + standard synthetic,AUPRC,Higher,0.6295498022357916,0.0014576708127993071,0.6280135677786158,0.6315083790677134,3,0,rq2.tail_learnability.late_failure.arms.real_plus_synthetic.auprc
Analytic usefulness,EdNet,Markov,Late Correctness Decline; Real + standard synthetic,AUROC,Higher,0.6825861099504258,0.0019180035466945103,0.6802686083641559,0.6849655147510201,3,0,rq2.tail_learnability.late_failure.arms.real_plus_synthetic.auroc
Analytic usefulness,EdNet,Markov,Late Correctness Decline; Real + targeted synthetic,AUPRC,Higher,0.6280198412153317,0.00488744042532854,0.6217286039655077,0.633644544604128,3,0,rq2.tail_learnability.late_failure.arms.real_plus_tail_targeted_synthetic.auprc
Analytic usefulness,EdNet,Markov,Late Correctness Decline; Real + targeted synthetic,AUROC,Higher,0.681311505572149,0.002103744023035434,0.6791272678500497,0.6841530350630123,3,0,rq2.tail_learnability.late_failure.arms.real_plus_tail_targeted_synthetic.auroc
Analytic usefulness,EdNet,Markov,Late Correctness Decline; Real only (TRTR),AUPRC,Higher,0.6426180934799993,0.0,0.6426180934799993,0.6426180934799993,3,0,rq2.tail_learnability.late_failure.arms.real_train.auprc
Analytic usefulness,EdNet,Markov,Late Correctness Decline; Real only (TRTR),AUROC,Higher,0.6901847295087465,1.1102230246251565e-16,0.6901847295087464,0.6901847295087464,3,0,rq2.tail_learnability.late_failure.arms.real_train.auroc
Analytic usefulness,EdNet,Markov,Late Correctness Decline; Standard synthetic only (TSTR),AUPRC,Higher,0.6285791223661419,0.01034541981138299,0.6143288622886075,0.6385746412988754,3,0,rq2.tail_learnability.late_failure.arms.synthetic_train.auprc
Analytic usefulness,EdNet,Markov,Late Correctness Decline; Standard synthetic only (TSTR),AUROC,Higher,0.6818819608874858,0.009160118409955849,0.6691801950982972,0.6904375009672377,3,0,rq2.tail_learnability.late_failure.arms.synthetic_train.auroc
Analytic usefulness,EdNet,Markov,Late Correctness Decline; Targeted synthetic only,AUPRC,Higher,0.6197307396972099,0.005131559239191085,0.6125064495452237,0.6239400231055244,3,0,rq2.tail_learnability.late_failure.arms.tail_targeted_synthetic.auprc
Analytic usefulness,EdNet,Markov,Late Correctness Decline; Targeted synthetic only,AUROC,Higher,0.6618730365074206,0.004280630588200185,0.6570187927841487,0.6674327189439312,3,0,rq2.tail_learnability.late_failure.arms.tail_targeted_synthetic.auroc
Analytic usefulness,EdNet,Markov,Late Correctness Decline; Standard augmentation gain,AUPRC,Higher,-0.013068291244207683,0.0014576708127993071,-0.014604525701383486,-0.01110971441228592,3,0,rq2.tail_learnability.late_failure.real_plus_synthetic_gain_over_real.auprc
Analytic usefulness,EdNet,Markov,Late Correctness Decline; Standard augmentation gain,AUROC,Higher,-0.007598619558320603,0.0019180035466945103,-0.009916121144590506,-0.005219214757726354,3,0,rq2.tail_learnability.late_failure.real_plus_synthetic_gain_over_real.auroc
Analytic usefulness,EdNet,Markov,Late Correctness Decline; Standard synthetic utility loss,AUPRC,Lower,0.014038971113857398,0.01034541981138299,0.004043452181123897,0.028289231191391817,3,0,rq2.tail_learnability.late_failure.synthetic_utility_gap.auprc
Analytic usefulness,EdNet,Markov,Late Correctness Decline; Standard synthetic utility loss,AUROC,Lower,0.00830276862126067,0.009160118409955849,-0.00025277145849122995,0.02100453441044925,3,0,rq2.tail_learnability.late_failure.synthetic_utility_gap.auroc
Analytic usefulness,EdNet,Markov,Late Correctness Decline; Targeted-vs-standard TSTR gain,AUPRC,Higher,-0.008848382668932028,0.005718212722583745,-0.01582889485799388,-0.0018224127433837944,3,0,rq2.tail_learnability.late_failure.tail_targeted_tstr_gain.auprc
Analytic usefulness,EdNet,Markov,Late Correctness Decline; Targeted-vs-standard TSTR gain,AUROC,Higher,-0.020008924380065147,0.0070556641713963595,-0.029269903173055667,-0.012161402314148528,3,0,rq2.tail_learnability.late_failure.tail_targeted_tstr_gain.auroc
Analytic usefulness,EdNet,Markov,Late Correctness Decline; Targeted augmentation gain,AUPRC,Higher,-0.014598252264667563,0.00488744042532854,-0.020889489514491655,-0.008973548875871318,3,0,rq2.tail_learnability.late_failure.targeted_augmentation_gain_over_real.auprc
Analytic usefulness,EdNet,Markov,Late Correctness Decline; Targeted augmentation gain,AUROC,Higher,-0.008873223936597396,0.002103744023035434,-0.011057461658696699,-0.006031694445734148,3,0,rq2.tail_learnability.late_failure.targeted_augmentation_gain_over_real.auroc
Analytic usefulness,EdNet,Markov,Persistent Low Correctness; Real + standard synthetic,AUPRC,Higher,0.10646622281467048,0.0003639640789414495,0.10601638336056042,0.1069077946252235,3,0,rq2.tail_learnability.persistent_failure.arms.real_plus_synthetic.auprc
Analytic usefulness,EdNet,Markov,Persistent Low Correctness; Real + standard synthetic,AUROC,Higher,0.543648224286963,0.0006245116942555654,0.5431707080190359,0.5445304153582181,3,0,rq2.tail_learnability.persistent_failure.arms.real_plus_synthetic.auroc
Analytic usefulness,EdNet,Markov,Persistent Low Correctness; Real + targeted synthetic,AUPRC,Higher,0.0946511530740249,0.0004541491173018374,0.09429103396519814,0.09529176968430912,3,0,rq2.tail_learnability.persistent_failure.arms.real_plus_tail_targeted_synthetic.auprc
Analytic usefulness,EdNet,Markov,Persistent Low Correctness; Real + targeted synthetic,AUROC,Higher,0.5237813892755782,0.0027028911093868392,0.5199666547962059,0.5258991874129949,3,0,rq2.tail_learnability.persistent_failure.arms.real_plus_tail_targeted_synthetic.auroc
Analytic usefulness,EdNet,Markov,Persistent Low Correctness; Real only (TRTR),AUPRC,Higher,0.11320628493874692,1.3877787807814457e-17,0.11320628493874693,0.11320628493874693,3,0,rq2.tail_learnability.persistent_failure.arms.real_train.auprc
Analytic usefulness,EdNet,Markov,Persistent Low Correctness; Real only (TRTR),AUROC,Higher,0.5416248502703228,0.0,0.5416248502703228,0.5416248502703228,3,0,rq2.tail_learnability.persistent_failure.arms.real_train.auroc
Analytic usefulness,EdNet,Markov,Persistent Low Correctness; Standard synthetic only (TSTR),AUPRC,Higher,0.10091873790339707,0.0022742113569541515,0.0980829364793582,0.10365068909264834,3,0,rq2.tail_learnability.persistent_failure.arms.synthetic_train.auprc
Analytic usefulness,EdNet,Markov,Persistent Low Correctness; Standard synthetic only (TSTR),AUROC,Higher,0.5186339257772454,0.00484245141686279,0.5120026546667098,0.5234306711126938,3,0,rq2.tail_learnability.persistent_failure.arms.synthetic_train.auroc
Analytic usefulness,EdNet,Markov,Persistent Low Correctness; Targeted synthetic only,AUPRC,Higher,0.08865564098370438,0.00420378388407042,0.08535055823608244,0.09458778741399944,3,0,rq2.tail_learnability.persistent_failure.arms.tail_targeted_synthetic.auprc
Analytic usefulness,EdNet,Markov,Persistent Low Correctness; Targeted synthetic only,AUROC,Higher,0.4885530987298607,0.012954478109487196,0.4744326459257341,0.5057221017190585,3,0,rq2.tail_learnability.persistent_failure.arms.tail_targeted_synthetic.auroc
Analytic usefulness,EdNet,Markov,Persistent Low Correctness; Standard augmentation gain,AUPRC,Higher,-0.006740062124076458,0.0003639640789414495,-0.007189901578186511,-0.006298490313523433,3,0,rq2.tail_learnability.persistent_failure.real_plus_synthetic_gain_over_real.auprc
Analytic usefulness,EdNet,Markov,Persistent Low Correctness; Standard augmentation gain,AUROC,Higher,0.0020233740166401746,0.0006245116942555654,0.0015458577487130754,0.002905565087895301,3,0,rq2.tail_learnability.persistent_failure.real_plus_synthetic_gain_over_real.auroc
Analytic usefulness,EdNet,Markov,Persistent Low Correctness; Standard synthetic utility loss,AUPRC,Lower,0.012287547035349858,0.0022742113569541515,0.009555595846098594,0.01512334845938873,3,0,rq2.tail_learnability.persistent_failure.synthetic_utility_gap.auprc
Analytic usefulness,EdNet,Markov,Persistent Low Correctness; Standard synthetic utility loss,AUROC,Lower,0.02299092449307742,0.00484245141686279,0.018194179157628998,0.02962219560361301,3,0,rq2.tail_learnability.persistent_failure.synthetic_utility_gap.auroc
Analytic usefulness,EdNet,Markov,Persistent Low Correctness; Targeted-vs-standard TSTR gain,AUPRC,Higher,-0.01226309691969269,0.0062507805926509475,-0.01762211179161706,-0.003495149065358763,3,0,rq2.tail_learnability.persistent_failure.tail_targeted_tstr_gain.auprc
Analytic usefulness,EdNet,Markov,Persistent Low Correctness; Targeted-vs-standard TSTR gain,AUROC,Higher,-0.030080827047384722,0.017777868859034252,-0.048998025186959726,-0.006280552947651286,3,0,rq2.tail_learnability.persistent_failure.tail_targeted_tstr_gain.auroc
Analytic usefulness,EdNet,Markov,Persistent Low Correctness; Targeted augmentation gain,AUPRC,Higher,-0.018555131864722036,0.0004541491173018374,-0.01891525097354879,-0.01791451525443781,3,0,rq2.tail_learnability.persistent_failure.targeted_augmentation_gain_over_real.auprc
Analytic usefulness,EdNet,Markov,Persistent Low Correctness; Targeted augmentation gain,AUROC,Higher,-0.017843460994744653,0.0027028911093868392,-0.02165819547411696,-0.015725662857327904,3,0,rq2.tail_learnability.persistent_failure.targeted_augmentation_gain_over_real.auroc
Analytic usefulness,EdNet,Markov,Rapid Low-Accuracy Responding; Real + standard synthetic,AUPRC,Higher,0.301912957225305,0.0036462100452728835,0.29762084658240895,0.3065340097615448,3,0,rq2.tail_learnability.rapid_guessing.arms.real_plus_synthetic.auprc
Analytic usefulness,EdNet,Markov,Rapid Low-Accuracy Responding; Real + standard synthetic,AUROC,Higher,0.5621754187439867,0.0009039943705323522,0.560985059695618,0.5631744456835476,3,0,rq2.tail_learnability.rapid_guessing.arms.real_plus_synthetic.auroc
Analytic usefulness,EdNet,Markov,Rapid Low-Accuracy Responding; Real + targeted synthetic,AUPRC,Higher,0.30961063427921176,0.001093409642094852,0.3086959171469099,0.3111477087311605,3,0,rq2.tail_learnability.rapid_guessing.arms.real_plus_tail_targeted_synthetic.auprc
Analytic usefulness,EdNet,Markov,Rapid Low-Accuracy Responding; Real + targeted synthetic,AUROC,Higher,0.5848783401119566,0.003771698184848202,0.5806013841511415,0.5897771254263973,3,0,rq2.tail_learnability.rapid_guessing.arms.real_plus_tail_targeted_synthetic.auroc
Analytic usefulness,EdNet,Markov,Rapid Low-Accuracy Responding; Real only (TRTR),AUPRC,Higher,0.3091806925453089,0.0,0.3091806925453089,0.3091806925453089,3,0,rq2.tail_learnability.rapid_guessing.arms.real_train.auprc
Analytic usefulness,EdNet,Markov,Rapid Low-Accuracy Responding; Real only (TRTR),AUROC,Higher,0.5619014038310155,0.0,0.5619014038310155,0.5619014038310155,3,0,rq2.tail_learnability.rapid_guessing.arms.real_train.auroc
Analytic usefulness,EdNet,Markov,Rapid Low-Accuracy Responding; Standard synthetic only (TSTR),AUPRC,Higher,0.2954407699890152,0.003456152396334084,0.29281502252813585,0.30032387785516546,3,0,rq2.tail_learnability.rapid_guessing.arms.synthetic_train.auprc
Analytic usefulness,EdNet,Markov,Rapid Low-Accuracy Responding; Standard synthetic only (TSTR),AUROC,Higher,0.5631245626694655,0.0029821084917936885,0.5592876705589085,0.5665589740225662,3,0,rq2.tail_learnability.rapid_guessing.arms.synthetic_train.auroc
Analytic usefulness,EdNet,Markov,Rapid Low-Accuracy Responding; Targeted synthetic only,AUPRC,Higher,0.31095117016966817,0.0037090454520153416,0.30617774391291325,0.31522105311942805,3,0,rq2.tail_learnability.rapid_guessing.arms.tail_targeted_synthetic.auprc
Analytic usefulness,EdNet,Markov,Rapid Low-Accuracy Responding; Targeted synthetic only,AUROC,Higher,0.5904228712936238,0.004299864299468887,0.5843426102072947,0.5935409013382316,3,0,rq2.tail_learnability.rapid_guessing.arms.tail_targeted_synthetic.auroc
Analytic usefulness,EdNet,Markov,Rapid Low-Accuracy Responding; Standard augmentation gain,AUPRC,Higher,-0.0072677353200038914,0.0036462100452728835,-0.01155984596289994,-0.002646682783764065,3,0,rq2.tail_learnability.rapid_guessing.real_plus_synthetic_gain_over_real.auprc
Analytic usefulness,EdNet,Markov,Rapid Low-Accuracy Responding; Standard augmentation gain,AUROC,Higher,0.00027401491297118774,0.0009039943705323522,-0.0009163441353975399,0.0012730418525320752,3,0,rq2.tail_learnability.rapid_guessing.real_plus_synthetic_gain_over_real.auroc
Analytic usefulness,EdNet,Markov,Rapid Low-Accuracy Responding; Standard synthetic utility loss,AUPRC,Lower,0.013739922556293674,0.003456152396334084,0.008856814690143433,0.01636567001717304,3,0,rq2.tail_learnability.rapid_guessing.synthetic_utility_gap.auprc
Analytic usefulness,EdNet,Markov,Rapid Low-Accuracy Responding; Standard synthetic utility loss,AUROC,Lower,-0.0012231588384500336,0.0029821084917936885,-0.004657570191550664,0.0026137332721070106,3,0,rq2.tail_learnability.rapid_guessing.synthetic_utility_gap.auroc
Analytic usefulness,EdNet,Markov,Rapid Low-Accuracy Responding; Targeted-vs-standard TSTR gain,AUPRC,Higher,0.015510400180652991,0.002345143412600513,0.01299433432916891,0.018639690948527465,3,0,rq2.tail_learnability.rapid_guessing.tail_targeted_tstr_gain.auprc
Analytic usefulness,EdNet,Markov,Rapid Low-Accuracy Responding; Targeted-vs-standard TSTR gain,AUROC,Higher,0.027298308624158236,0.001973585823791635,0.025054939648386232,0.02985805890842308,3,0,rq2.tail_learnability.rapid_guessing.tail_targeted_tstr_gain.auroc
Analytic usefulness,EdNet,Markov,Rapid Low-Accuracy Responding; Targeted augmentation gain,AUPRC,Higher,0.00042994173390289064,0.001093409642094852,-0.0004847753983989733,0.0019670161858516,3,0,rq2.tail_learnability.rapid_guessing.targeted_augmentation_gain_over_real.auprc
Analytic usefulness,EdNet,Markov,Rapid Low-Accuracy Responding; Targeted augmentation gain,AUROC,Higher,0.022976936280941145,0.003771698184848201,0.018699980320125986,0.027875721595381764,3,0,rq2.tail_learnability.rapid_guessing.targeted_augmentation_gain_over_real.auroc
Analytic usefulness,EdNet,Markov,Rare Skill Path; Real + standard synthetic,AUPRC,Higher,0.5332957950175838,0.005240204315885336,0.5281833466074248,0.5404981751981373,3,0,rq2.tail_learnability.rare_skill_path.arms.real_plus_synthetic.auprc
Analytic usefulness,EdNet,Markov,Rare Skill Path; Real + standard synthetic,AUROC,Higher,0.5798922533534407,0.0055958331858758864,0.5746438209381697,0.587645844908326,3,0,rq2.tail_learnability.rare_skill_path.arms.real_plus_synthetic.auroc
Analytic usefulness,EdNet,Markov,Rare Skill Path; Real + targeted synthetic,AUPRC,Higher,0.5212220403087746,0.009955114391853597,0.5071816058794705,0.5291400908095351,3,0,rq2.tail_learnability.rare_skill_path.arms.real_plus_tail_targeted_synthetic.auprc
Analytic usefulness,EdNet,Markov,Rare Skill Path; Real + targeted synthetic,AUROC,Higher,0.5504173611662301,0.002548390712222792,0.5478162949440433,0.5538782839907929,3,0,rq2.tail_learnability.rare_skill_path.arms.real_plus_tail_targeted_synthetic.auroc
Analytic usefulness,EdNet,Markov,Rare Skill Path; Real only (TRTR),AUPRC,Higher,0.5203203302398243,0.0,0.5203203302398243,0.5203203302398243,3,0,rq2.tail_learnability.rare_skill_path.arms.real_train.auprc
Analytic usefulness,EdNet,Markov,Rare Skill Path; Real only (TRTR),AUROC,Higher,0.589233272481943,0.0,0.589233272481943,0.589233272481943,3,0,rq2.tail_learnability.rare_skill_path.arms.real_train.auroc
Analytic usefulness,EdNet,Markov,Rare Skill Path; Standard synthetic only (TSTR),AUPRC,Higher,0.5229942577192962,0.0029528747852237375,0.5189666981440715,0.5259636928563034,3,0,rq2.tail_learnability.rare_skill_path.arms.synthetic_train.auprc
Analytic usefulness,EdNet,Markov,Rare Skill Path; Standard synthetic only (TSTR),AUROC,Higher,0.5555731936397068,0.005943111871949572,0.5487489086435432,0.5632341852527978,3,0,rq2.tail_learnability.rare_skill_path.arms.synthetic_train.auroc
Analytic usefulness,EdNet,Markov,Rare Skill Path; Targeted synthetic only,AUPRC,Higher,0.5314944003038484,0.016999043337411143,0.5103694485156796,0.5519943567911934,3,0,rq2.tail_learnability.rare_skill_path.arms.tail_targeted_synthetic.auprc
Analytic usefulness,EdNet,Markov,Rare Skill Path; Targeted synthetic only,AUROC,Higher,0.5611407651400905,0.0196308539349643,0.5425976267957775,0.5883056194936106,3,0,rq2.tail_learnability.rare_skill_path.arms.tail_targeted_synthetic.auroc
Analytic usefulness,EdNet,Markov,Rare Skill Path; Standard augmentation gain,AUPRC,Higher,0.012975464777759571,0.005240204315885336,0.007863016367600562,0.020177844958312985,3,0,rq2.tail_learnability.rare_skill_path.real_plus_synthetic_gain_over_real.auprc
Analytic usefulness,EdNet,Markov,Rare Skill Path; Standard augmentation gain,AUROC,Higher,-0.00934101912850227,0.0055958331858758864,-0.014589451543773335,-0.0015874275736169619,3,0,rq2.tail_learnability.rare_skill_path.real_plus_synthetic_gain_over_real.auroc
Analytic usefulness,EdNet,Markov,Rare Skill Path; Standard synthetic utility loss,AUPRC,Lower,-0.002673927479471927,0.0029528747852237375,-0.005643362616479131,0.001353632095752788,3,0,rq2.tail_learnability.rare_skill_path.synthetic_utility_gap.auprc
Analytic usefulness,EdNet,Markov,Rare Skill Path; Standard synthetic utility loss,AUROC,Lower,0.03366007884223617,0.005943111871949572,0.025999087229145235,0.04048436383839982,3,0,rq2.tail_learnability.rare_skill_path.synthetic_utility_gap.auroc
Analytic usefulness,EdNet,Markov,Rare Skill Path; Targeted-vs-standard TSTR gain,AUPRC,Higher,0.008500142584552228,0.015008909043800221,-0.008597249628391923,0.027941974633679645,3,0,rq2.tail_learnability.rare_skill_path.tail_targeted_tstr_gain.auprc
Analytic usefulness,EdNet,Markov,Rare Skill Path; Targeted-vs-standard TSTR gain,AUROC,Higher,0.005567571500383635,0.019887563183141686,-0.010715136121914437,0.03356913247083104,3,0,rq2.tail_learnability.rare_skill_path.tail_targeted_tstr_gain.auroc
Analytic usefulness,EdNet,Markov,Rare Skill Path; Targeted augmentation gain,AUPRC,Higher,0.0009017100689503454,0.009955114391853597,-0.013138724360353793,0.008819760569710788,3,0,rq2.tail_learnability.rare_skill_path.targeted_augmentation_gain_over_real.auprc
Analytic usefulness,EdNet,Markov,Rare Skill Path; Targeted augmentation gain,AUROC,Higher,-0.0388159113157129,0.002548390712222792,-0.041416977537899746,-0.03535498849115015,3,0,rq2.tail_learnability.rare_skill_path.targeted_augmentation_gain_over_real.auroc
Analytic usefulness,EdNet,Markov,Recovery; Real + standard synthetic,AUPRC,Higher,0.7185585511086213,0.0009298767118363516,0.7173716022219088,0.7196423012948736,3,0,rq2.tail_learnability.recovery.arms.real_plus_synthetic.auprc
Analytic usefulness,EdNet,Markov,Recovery; Real + standard synthetic,AUROC,Higher,0.7010139158245722,0.0014128016364900028,0.6993263243850159,0.7027840155149536,3,0,rq2.tail_learnability.recovery.arms.real_plus_synthetic.auroc
Analytic usefulness,EdNet,Markov,Recovery; Real + targeted synthetic,AUPRC,Higher,0.6883224328534411,0.0014753137584318735,0.6863037094658894,0.6897882953053119,3,0,rq2.tail_learnability.recovery.arms.real_plus_tail_targeted_synthetic.auprc
Analytic usefulness,EdNet,Markov,Recovery; Real + targeted synthetic,AUROC,Higher,0.6688773774284645,0.003703193299055452,0.6636929672348678,0.6721113606205981,3,0,rq2.tail_learnability.recovery.arms.real_plus_tail_targeted_synthetic.auroc
Analytic usefulness,EdNet,Markov,Recovery; Real only (TRTR),AUPRC,Higher,0.7116954905779048,0.0,0.7116954905779048,0.7116954905779048,3,0,rq2.tail_learnability.recovery.arms.real_train.auprc
Analytic usefulness,EdNet,Markov,Recovery; Real only (TRTR),AUROC,Higher,0.6912345616004898,0.0,0.6912345616004898,0.6912345616004898,3,0,rq2.tail_learnability.recovery.arms.real_train.auroc
Analytic usefulness,EdNet,Markov,Recovery; Standard synthetic only (TSTR),AUPRC,Higher,0.7122043754440804,0.00432616878188969,0.7084758663367352,0.7182694953099749,3,0,rq2.tail_learnability.recovery.arms.synthetic_train.auprc
Analytic usefulness,EdNet,Markov,Recovery; Standard synthetic only (TSTR),AUROC,Higher,0.6953148923139737,0.0019225630485856587,0.6927426763294886,0.6973639889762173,3,0,rq2.tail_learnability.recovery.arms.synthetic_train.auroc
Analytic usefulness,EdNet,Markov,Recovery; Targeted synthetic only,AUPRC,Higher,0.6669565145990445,0.008869069027868727,0.6586131559333164,0.6792387951897016,3,0,rq2.tail_learnability.recovery.arms.tail_targeted_synthetic.auprc
Analytic usefulness,EdNet,Markov,Recovery; Targeted synthetic only,AUROC,Higher,0.6455751760743084,0.016013960563424308,0.6287639073185669,0.6671225885475145,3,0,rq2.tail_learnability.recovery.arms.tail_targeted_synthetic.auroc
Analytic usefulness,EdNet,Markov,Recovery; Standard augmentation gain,AUPRC,Higher,0.00686306053071654,0.0009298767118363516,0.005676111644003945,0.007946810716968788,3,0,rq2.tail_learnability.recovery.real_plus_synthetic_gain_over_real.auprc
Analytic usefulness,EdNet,Markov,Recovery; Standard augmentation gain,AUROC,Higher,0.009779354224082382,0.0014128016364900028,0.008091762784526058,0.011549453914463825,3,0,rq2.tail_learnability.recovery.real_plus_synthetic_gain_over_real.auroc
Analytic usefulness,EdNet,Markov,Recovery; Standard synthetic utility loss,AUPRC,Lower,-0.0005088848661756554,0.00432616878188969,-0.006574004732070038,0.0032196242411696163,3,0,rq2.tail_learnability.recovery.synthetic_utility_gap.auprc
Analytic usefulness,EdNet,Markov,Recovery; Standard synthetic utility loss,AUROC,Lower,-0.004080330713483904,0.0019225630485856587,-0.006129427375727525,-0.0015081147289988106,3,0,rq2.tail_learnability.recovery.synthetic_utility_gap.auroc
Analytic usefulness,EdNet,Markov,Recovery; Targeted-vs-standard TSTR gain,AUPRC,Higher,-0.04524786084503599,0.012470191677540394,-0.059656339376658485,-0.029237071147033555,3,0,rq2.tail_learnability.recovery.tail_targeted_tstr_gain.auprc
Analytic usefulness,EdNet,Markov,Recovery; Targeted-vs-standard TSTR gain,AUROC,Higher,-0.0497397162396653,0.01793627338066461,-0.06860008165765041,-0.02562008778197411,3,0,rq2.tail_learnability.recovery.tail_targeted_tstr_gain.auroc
Analytic usefulness,EdNet,Markov,Recovery; Targeted augmentation gain,AUPRC,Higher,-0.023373057724463703,0.0014753137584318735,-0.025391781112015455,-0.021907195272592883,3,0,rq2.tail_learnability.recovery.targeted_augmentation_gain_over_real.auprc
Analytic usefulness,EdNet,Markov,Recovery; Targeted augmentation gain,AUROC,Higher,-0.02235718417202533,0.003703193299055452,-0.02754159436562198,-0.01912320097989173,3,0,rq2.tail_learnability.recovery.targeted_augmentation_gain_over_real.auroc
Analytic usefulness,EdNet,Markov,Late Correctness Decline,Rare-group prevalence-error reduction,Higher,0.01172703275779999,0.00204531607565822,0.009736466311826564,0.014539789692327658,3,0,rq2.tail_targeting_fidelity_gain.late_failure.prevalence_error_reduction
Analytic usefulness,EdNet,Markov,Late Correctness Decline,Rare-group trajectory-shape-error reduction,Higher,-0.007846466991256837,0.0035744966221039464,-0.01165521992251431,-0.0030636204487249213,3,0,rq2.tail_targeting_fidelity_gain.late_failure.primary_signal_curve_mae_reduction
Analytic usefulness,EdNet,Markov,Persistent Low Correctness,Rare-group prevalence-error reduction,Higher,0.004327318360811801,0.00016191342709654055,0.004154225626379328,0.004543684278852392,3,0,rq2.tail_targeting_fidelity_gain.persistent_failure.prevalence_error_reduction
Analytic usefulness,EdNet,Markov,Persistent Low Correctness,Rare-group trajectory-shape-error reduction,Higher,-0.00024027867048253526,0.003279921560999838,-0.00310683840596495,0.004351158038147146,3,0,rq2.tail_targeting_fidelity_gain.persistent_failure.primary_signal_curve_mae_reduction
Analytic usefulness,EdNet,Markov,Rapid Low-Accuracy Responding,Rare-group prevalence-error reduction,Higher,-0.0017742005279328375,0.00482995417899086,-0.008438270803583017,0.0028560301181357953,3,0,rq2.tail_targeting_fidelity_gain.rapid_guessing.prevalence_error_reduction
Analytic usefulness,EdNet,Markov,Rapid Low-Accuracy Responding,Rare-group trajectory-shape-error reduction,Higher,0.003510277800967139,0.016993664089417614,-0.013540494657282735,0.026702984770727814,3,0,rq2.tail_targeting_fidelity_gain.rapid_guessing.primary_signal_curve_mae_reduction
Analytic usefulness,EdNet,Markov,Rare Skill Path,Rare-group prevalence-error reduction,Higher,0.0031156692197845,0.0043303464242128616,-0.00038945865247306394,0.009217188108529145,3,0,rq2.tail_targeting_fidelity_gain.rare_skill_path.prevalence_error_reduction
Analytic usefulness,EdNet,Markov,Rare Skill Path,Rare-group trajectory-shape-error reduction,Higher,0.10972100113786774,0.002683388537181771,0.10776314308229257,0.11351523742026935,3,0,rq2.tail_targeting_fidelity_gain.rare_skill_path.primary_signal_curve_mae_reduction
Analytic usefulness,EdNet,Markov,Recovery,Rare-group prevalence-error reduction,Higher,-0.0009087368557704779,0.001222419567426158,-0.0023367519148383732,0.0006490977541217732,3,0,rq2.tail_targeting_fidelity_gain.recovery.prevalence_error_reduction
Analytic usefulness,EdNet,Markov,Recovery,Rare-group trajectory-shape-error reduction,Higher,-0.0009482481427534652,0.004904577210500196,-0.007679930144042689,0.003865232141613391,3,0,rq2.tail_targeting_fidelity_gain.recovery.primary_signal_curve_mae_reduction
Population composition,EdNet,SeqVAE,All eligible learners/events,Average feature-distribution divergence,Lower,0.007042913623270706,0.00018575963623485966,0.006876624721378808,0.007302185767984135,3,0,rq1.average_fidelity.modeled_value_marginal_js_mean
Population composition,EdNet,SeqVAE,All eligible learners/events,Behavior-rate error,Lower,0.019186111111111126,0.012758587038143233,0.003458333333333341,0.03470833333333334,3,0,rq1.average_fidelity.primary_signal_rate_error
Population composition,EdNet,SeqVAE,All eligible learners/events,Event-type frequency divergence,Lower,0.0020337648332974297,0.00014873855412709234,0.0019096796690101026,0.0022429022495739316,3,0,rq1.average_fidelity.skill_frequency_js
Learning process,EdNet,SeqVAE,All eligible learners/events,Feature-dependence error,Lower,0.008787887091295628,5.0548647290326116e-06,0.008782957055389375,0.008794835249399979,3,0,rq1.cross_signal_dependence.prespecified_signal_nmi_mae
Population composition,EdNet,SeqVAE,All eligible learners/events,Real-versus-synthetic detectability AUROC,0.5 best,0.6894083831481481,0.0014759244080272927,0.6878420077777778,0.6913863011111111,3,0,rq1.detectability.detectability_auc
Learner-pathway representation,EdNet,SeqVAE,All eligible learners/events,Subgroup behavior error,Lower,0.0234395438325935,0.004888602696749505,0.01822649560641698,0.02997871980335594,3,0,rq1.subgroup_fidelity.future_primary_signal_rate_mae
Learner-pathway representation,EdNet,SeqVAE,All eligible learners/events,Subgroup-size error,Lower,0.046127768377134094,0.011579891968053889,0.03382828714066082,0.061641424734682454,3,0,rq1.subgroup_fidelity.learner_share_mae
Learner-pathway representation,EdNet,SeqVAE,Late Correctness Decline,Rare-group prevalence error,Lower,0.06201047211043317,0.0035112662209703183,0.05751006101518889,0.06607815136959626,3,0,rq1.tail_fidelity.late_failure.prevalence_error
Learner-pathway representation,EdNet,SeqVAE,Late Correctness Decline,Rare-group trajectory-shape error,Lower,0.0675264465025557,0.009835591612423854,0.05361756180868806,0.0746053415677989,3,0,rq1.tail_fidelity.late_failure.primary_signal_curve_mae
Learner-pathway representation,EdNet,SeqVAE,Persistent Low Correctness,Rare-group prevalence error,Lower,0.04591284780821325,0.0008095671354826997,0.04504738413605089,0.0469946773984162,3,0,rq1.tail_fidelity.persistent_failure.prevalence_error
Learner-pathway representation,EdNet,SeqVAE,Persistent Low Correctness,Rare-group trajectory-shape error,Lower,0.04689448985770511,0.009134877384196181,0.03775961247350893,0.056029367241901294,2,1,rq1.tail_fidelity.persistent_failure.primary_signal_curve_mae
Learner-pathway representation,EdNet,SeqVAE,Rapid Low-Accuracy Responding,Rare-group prevalence error,Lower,0.03903241161452248,0.00016191342709654055,0.038816045696481886,0.03920550434895495,3,0,rq1.tail_fidelity.rapid_guessing.prevalence_error
Learner-pathway representation,EdNet,SeqVAE,Rare Skill Path,Rare-group prevalence error,Lower,0.8527846293651824,0.009934376980246152,0.8449954563157211,0.8668051408542127,3,0,rq1.tail_fidelity.rare_skill_path.prevalence_error
Learner-pathway representation,EdNet,SeqVAE,Rare Skill Path,Rare-group trajectory-shape error,Lower,0.22557713355593068,0.014018864232000364,0.20836522550316694,0.24270397353509315,3,0,rq1.tail_fidelity.rare_skill_path.primary_signal_curve_mae
Learner-pathway representation,EdNet,SeqVAE,Recovery,Rare-group prevalence error,Lower,0.023843524168073046,0.004011589834203744,0.01817473711540958,0.026872647020641308,3,0,rq1.tail_fidelity.recovery.prevalence_error
Learner-pathway representation,EdNet,SeqVAE,Recovery,Rare-group trajectory-shape error,Lower,0.05187429108994943,0.005406459209081201,0.04585621510766776,0.058967661691542286,3,0,rq1.tail_fidelity.recovery.primary_signal_curve_mae
Learning process,EdNet,SeqVAE,All eligible learners/events,Behavior-persistence error,Lower,0.094126176656931,0.0005955749795981979,0.09358403785752463,0.09495548299210044,3,0,rq1.temporal_fidelity.correctness_autocorrelation_mae
Learning process,EdNet,SeqVAE,All eligible learners/events,Trajectory-shape error,Lower,0.14601348014469573,0.012640041901308335,0.13260646332732579,0.16295636909833142,3,0,rq1.temporal_fidelity.correctness_curve_mae
Learning process,EdNet,SeqVAE,All eligible learners/events,Behavior-transition divergence,Lower,0.0027859740012036696,0.0007946475547637568,0.0019151388415755604,0.0038365596052230147,3,0,rq1.temporal_fidelity.correctness_transition_js
Learning process,EdNet,SeqVAE,All eligible learners/events,Response/inactivity-gap distribution divergence,Lower,0.0008202265021701683,0.000190874419245168,0.00058082599534418,0.0010479319123205386,3,0,rq1.temporal_fidelity.inter_event_time_js
Learning process,EdNet,SeqVAE,All eligible learners/events,Three-event sequence divergence,Lower,0.8977546234878679,0.0003007755621749736,0.8973566393926835,0.8980836363152904,3,0,rq1.temporal_fidelity.skill_trigram_js
Analytic usefulness,EdNet,SeqVAE,Real + standard synthetic,AUPRC,Higher,0.7641544038765616,0.00045161006407413507,0.76351941057545,0.7645311888532624,3,0,rq2.downstream_utility.arms.real_plus_synthetic.auprc
Analytic usefulness,EdNet,SeqVAE,Real + standard synthetic,AUROC,Higher,0.6670333068385333,0.000465357378389554,0.6664036128059704,0.6675138351858341,3,0,rq2.downstream_utility.arms.real_plus_synthetic.auroc
Analytic usefulness,EdNet,SeqVAE,Real + targeted synthetic,AUPRC,Higher,0.7635486785302251,0.0001303768291600967,0.7633761565745908,0.76369128050103,3,0,rq2.downstream_utility.arms.real_plus_tail_targeted_synthetic.auprc
Analytic usefulness,EdNet,SeqVAE,Real + targeted synthetic,AUROC,Higher,0.666299395398207,5.890348581186748e-05,0.6662456487611261,0.666381385912005,3,0,rq2.downstream_utility.arms.real_plus_tail_targeted_synthetic.auroc
Analytic usefulness,EdNet,SeqVAE,Real only (TRTR),AUPRC,Higher,0.7687385589902873,0.0,0.7687385589902873,0.7687385589902873,3,0,rq2.downstream_utility.arms.real_train.auprc
Analytic usefulness,EdNet,SeqVAE,Real only (TRTR),AUROC,Higher,0.6721514547821162,0.0,0.6721514547821162,0.6721514547821162,3,0,rq2.downstream_utility.arms.real_train.auroc
Analytic usefulness,EdNet,SeqVAE,Standard synthetic only (TSTR),AUPRC,Higher,0.6257367792739138,0.015873767262106646,0.6036789275692221,0.6403786145172723,3,0,rq2.downstream_utility.arms.synthetic_train.auprc
Analytic usefulness,EdNet,SeqVAE,Standard synthetic only (TSTR),AUROC,Higher,0.49055399017088397,0.02122530562580316,0.4605631848058365,0.5066375534711508,3,0,rq2.downstream_utility.arms.synthetic_train.auroc
Analytic usefulness,EdNet,SeqVAE,Targeted synthetic only,AUPRC,Higher,0.6326378724670736,0.01304023510818655,0.6144038992199659,0.6441451022232378,3,0,rq2.downstream_utility.arms.tail_targeted_synthetic.auprc
Analytic usefulness,EdNet,SeqVAE,Targeted synthetic only,AUROC,Higher,0.5113880556316702,0.026395671712681843,0.4746263691252167,0.5353841488033274,3,0,rq2.downstream_utility.arms.tail_targeted_synthetic.auroc
Analytic usefulness,EdNet,SeqVAE,Standard augmentation gain,AUPRC,Higher,-0.004584155113725637,0.00045161006407413507,-0.005219148414837282,-0.0042073701370248795,3,0,rq2.downstream_utility.real_plus_synthetic_gain_over_real.auprc
Analytic usefulness,EdNet,SeqVAE,Standard augmentation gain,AUROC,Higher,-0.005118147943582822,0.000465357378389554,-0.005747841976145862,-0.004637619596282172,3,0,rq2.downstream_utility.real_plus_synthetic_gain_over_real.auroc
Analytic usefulness,EdNet,SeqVAE,Standard synthetic utility loss,AUPRC,Lower,0.14300177971637354,0.015873767262106646,0.12835994447301502,0.16505963142106517,3,0,rq2.downstream_utility.synthetic_utility_gap.auprc
Analytic usefulness,EdNet,SeqVAE,Standard synthetic utility loss,AUROC,Lower,0.18159746461123225,0.02122530562580316,0.16551390131096544,0.21158826997627972,3,0,rq2.downstream_utility.synthetic_utility_gap.auroc
Analytic usefulness,EdNet,SeqVAE,Targeted-vs-standard TSTR gain,AUPRC,Higher,0.006901093193159828,0.005597879066555057,-0.0010139985592552136,0.010992306487990988,3,0,rq2.downstream_utility.tail_targeted_tstr_gain.auprc
Analytic usefulness,EdNet,SeqVAE,Targeted-vs-standard TSTR gain,AUROC,Higher,0.020834065460786273,0.007271833165934053,0.014063184319380195,0.030922916567662773,3,0,rq2.downstream_utility.tail_targeted_tstr_gain.auroc
Analytic usefulness,EdNet,SeqVAE,Targeted augmentation gain,AUPRC,Higher,-0.005189880460062153,0.0001303768291600967,-0.005362402415696521,-0.005047278489257345,3,0,rq2.downstream_utility.targeted_augmentation_gain_over_real.auprc
Analytic usefulness,EdNet,SeqVAE,Targeted augmentation gain,AUROC,Higher,-0.0058520593839091655,5.890348581186748e-05,-0.005905806020990112,-0.005770068870111222,3,0,rq2.downstream_utility.targeted_augmentation_gain_over_real.auroc
Analytic usefulness,EdNet,SeqVAE,Persistent Low-Correctness Prediction; Real + standard synthetic,AUPRC,Higher,0.12274926930688668,0.004931488190157594,0.11616771420447573,0.12803797402892247,3,0,rq2.learner_level_outcome_tasks.persistent_failure_prediction.arms.real_plus_synthetic.auprc
Analytic usefulness,EdNet,SeqVAE,Persistent Low-Correctness Prediction; Real + standard synthetic,AUROC,Higher,0.5725045543289714,0.012391664306939403,0.5559583687155704,0.5857774293988285,3,0,rq2.learner_level_outcome_tasks.persistent_failure_prediction.arms.real_plus_synthetic.auroc
Analytic usefulness,EdNet,SeqVAE,Persistent Low-Correctness Prediction; Real only (TRTR),AUPRC,Higher,0.1309541241815329,0.0,0.1309541241815329,0.1309541241815329,3,0,rq2.learner_level_outcome_tasks.persistent_failure_prediction.arms.real_train.auprc
Analytic usefulness,EdNet,SeqVAE,Persistent Low-Correctness Prediction; Real only (TRTR),AUROC,Higher,0.585850008346579,0.0,0.585850008346579,0.585850008346579,3,0,rq2.learner_level_outcome_tasks.persistent_failure_prediction.arms.real_train.auroc
Analytic usefulness,EdNet,SeqVAE,Persistent Low-Correctness Prediction; Standard synthetic only (TSTR),AUPRC,Higher,0.08097451157266766,0.0007271390277348969,0.08001051635020483,0.08176656023902468,3,0,rq2.learner_level_outcome_tasks.persistent_failure_prediction.arms.synthetic_train.auprc
Analytic usefulness,EdNet,SeqVAE,Persistent Low-Correctness Prediction; Standard synthetic only (TSTR),AUROC,Higher,0.4757658893461363,0.007098069109184922,0.46968921694573273,0.4857237209774933,3,0,rq2.learner_level_outcome_tasks.persistent_failure_prediction.arms.synthetic_train.auroc
Analytic usefulness,EdNet,SeqVAE,Persistent Low-Correctness Prediction; Targeted synthetic only,AUPRC,Higher,0.07987284356346959,0.0034161944689296477,0.07507560063952828,0.08276686609612899,3,0,rq2.learner_level_outcome_tasks.persistent_failure_prediction.arms.tail_targeted_synthetic.auprc
Analytic usefulness,EdNet,SeqVAE,Persistent Low-Correctness Prediction; Targeted synthetic only,AUROC,Higher,0.4500499585090349,0.018504900593112838,0.431703210166859,0.4753848498704466,3,0,rq2.learner_level_outcome_tasks.persistent_failure_prediction.arms.tail_targeted_synthetic.auroc
Analytic usefulness,EdNet,SeqVAE,Persistent Low-Correctness Prediction; Standard augmentation gain,AUPRC,Higher,-0.008204854874646223,0.004931488190157594,-0.014786409977057172,-0.0029161501526104305,3,0,rq2.learner_level_outcome_tasks.persistent_failure_prediction.real_plus_synthetic_gain_over_real.auprc
Analytic usefulness,EdNet,SeqVAE,Persistent Low-Correctness Prediction; Standard augmentation gain,AUROC,Higher,-0.013345454017607635,0.012391664306939403,-0.029891639631008604,-7.257894775047902e-05,3,0,rq2.learner_level_outcome_tasks.persistent_failure_prediction.real_plus_synthetic_gain_over_real.auroc
Analytic usefulness,EdNet,SeqVAE,Persistent Low-Correctness Prediction; Standard synthetic utility loss,AUPRC,Lower,0.04997961260886524,0.0007271390277348969,0.04918756394250823,0.05094360783132808,3,0,rq2.learner_level_outcome_tasks.persistent_failure_prediction.synthetic_utility_gap.auprc
Analytic usefulness,EdNet,SeqVAE,Persistent Low-Correctness Prediction; Standard synthetic utility loss,AUROC,Lower,0.1100841190004427,0.007098069109184923,0.10012628736908569,0.11616079140084623,3,0,rq2.learner_level_outcome_tasks.persistent_failure_prediction.synthetic_utility_gap.auroc
Analytic usefulness,EdNet,SeqVAE,Recovery Prediction; Real + standard synthetic,AUPRC,Higher,0.22215169744490249,0.01752306792662952,0.1994186943797583,0.24206189800494604,3,0,rq2.learner_level_outcome_tasks.recovery_prediction.arms.real_plus_synthetic.auprc
Analytic usefulness,EdNet,SeqVAE,Recovery Prediction; Real + standard synthetic,AUROC,Higher,0.47390316539252714,0.014032481852286473,0.45422308188265637,0.48595376254950723,3,0,rq2.learner_level_outcome_tasks.recovery_prediction.arms.real_plus_synthetic.auroc
Analytic usefulness,EdNet,SeqVAE,Recovery Prediction; Real only (TRTR),AUPRC,Higher,0.21941810939829257,0.0,0.21941810939829257,0.21941810939829257,3,0,rq2.learner_level_outcome_tasks.recovery_prediction.arms.real_train.auprc
Analytic usefulness,EdNet,SeqVAE,Recovery Prediction; Real only (TRTR),AUROC,Higher,0.4910196186791931,0.0,0.4910196186791931,0.4910196186791931,3,0,rq2.learner_level_outcome_tasks.recovery_prediction.arms.real_train.auroc
Analytic usefulness,EdNet,SeqVAE,Recovery Prediction; Standard synthetic only (TSTR),AUPRC,Higher,0.20257771008525416,0.003997717368533814,0.19701365344445032,0.2062278233735367,3,0,rq2.learner_level_outcome_tasks.recovery_prediction.arms.synthetic_train.auprc
Analytic usefulness,EdNet,SeqVAE,Recovery Prediction; Standard synthetic only (TSTR),AUROC,Higher,0.46989653372632095,0.01899602854441359,0.4430321451598047,0.4833747812471217,3,0,rq2.learner_level_outcome_tasks.recovery_prediction.arms.synthetic_train.auroc
Analytic usefulness,EdNet,SeqVAE,Recovery Prediction; Targeted synthetic only,AUPRC,Higher,0.22063562974894665,0.01005568385165176,0.20990700385843641,0.23408372933553886,3,0,rq2.learner_level_outcome_tasks.recovery_prediction.arms.tail_targeted_synthetic.auprc
Analytic usefulness,EdNet,SeqVAE,Recovery Prediction; Targeted synthetic only,AUROC,Higher,0.5180605446562893,0.013966630848914457,0.5020493690706456,0.5360827116146266,3,0,rq2.learner_level_outcome_tasks.recovery_prediction.arms.tail_targeted_synthetic.auroc
Analytic usefulness,EdNet,SeqVAE,Recovery Prediction; Standard augmentation gain,AUPRC,Higher,0.0027335880466099007,0.01752306792662952,-0.019999415018534278,0.022643788606653475,3,0,rq2.learner_level_outcome_tasks.recovery_prediction.real_plus_synthetic_gain_over_real.auprc
Analytic usefulness,EdNet,SeqVAE,Recovery Prediction; Standard augmentation gain,AUROC,Higher,-0.017116453286665983,0.014032481852286473,-0.036796536796536716,-0.005065856129685853,3,0,rq2.learner_level_outcome_tasks.recovery_prediction.real_plus_synthetic_gain_over_real.auroc
Analytic usefulness,EdNet,SeqVAE,Recovery Prediction; Standard synthetic utility loss,AUPRC,Lower,0.01684039931303839,0.003997717368533814,0.01319028602475586,0.022404455953842245,3,0,rq2.learner_level_outcome_tasks.recovery_prediction.synthetic_utility_gap.auprc
Analytic usefulness,EdNet,SeqVAE,Recovery Prediction; Standard synthetic utility loss,AUROC,Lower,0.021123084952872146,0.01899602854441359,0.007644837432071394,0.04798747351938837,3,0,rq2.learner_level_outcome_tasks.recovery_prediction.synthetic_utility_gap.auroc
Disclosure risk,EdNet,SeqVAE,Standard synthetic,Exact-duplicate rate,Lower,0.0,0.0,0.0,0.0,3,0,rq2.privacy_risk.standard.exact_duplicate_rate
Disclosure risk,EdNet,SeqVAE,Standard synthetic,Mean nearest-training distance,Higher,0.9869146851325405,0.0016682329789870348,0.9849577771161866,0.9890343600526873,3,0,rq2.privacy_risk.standard.mean_nearest_neighbor_distance
Disclosure risk,EdNet,SeqVAE,Standard synthetic,Membership-inference advantage,Lower,0.0,0.0,0.0,0.0,3,0,rq2.privacy_risk.standard.membership_inference_attack_advantage
Disclosure risk,EdNet,SeqVAE,Standard synthetic,Near-duplicate rate,Lower,0.0,0.0,0.0,0.0,3,0,rq2.privacy_risk.standard.near_duplicate_rate
Disclosure risk,EdNet,SeqVAE,Targeted synthetic,Exact-duplicate rate,Lower,0.0,0.0,0.0,0.0,3,0,rq2.privacy_risk.tail_targeted.exact_duplicate_rate
Disclosure risk,EdNet,SeqVAE,Targeted synthetic,Mean nearest-training distance,Higher,0.9851695962292083,0.0013328625644603706,0.9841086985516119,0.987049361936597,3,0,rq2.privacy_risk.tail_targeted.mean_nearest_neighbor_distance
Disclosure risk,EdNet,SeqVAE,Targeted synthetic,Membership-inference advantage,Lower,0.0,0.0,0.0,0.0,3,0,rq2.privacy_risk.tail_targeted.membership_inference_attack_advantage
Disclosure risk,EdNet,SeqVAE,Targeted synthetic,Near-duplicate rate,Lower,0.0,0.0,0.0,0.0,3,0,rq2.privacy_risk.tail_targeted.near_duplicate_rate
Disclosure risk,EdNet,SeqVAE,Targeted-minus-standard risk,Exact-duplicate risk change,Lower,0.0,0.0,0.0,0.0,3,0,rq2.privacy_risk.tail_targeted_minus_standard_risk.exact_duplicate_rate_risk_delta
Disclosure risk,EdNet,SeqVAE,Targeted-minus-standard risk,Nearest-neighbor exposure risk change,Lower,0.001745088903332137,0.0008483965912693806,0.0006070489167704363,0.0026432196771356553,3,0,rq2.privacy_risk.tail_targeted_minus_standard_risk.mean_nearest_exposure_risk_delta
Disclosure risk,EdNet,SeqVAE,Targeted-minus-standard risk,Membership-inference risk change,Lower,0.0,0.0,0.0,0.0,3,0,rq2.privacy_risk.tail_targeted_minus_standard_risk.membership_inference_attack_advantage_risk_delta
Disclosure risk,EdNet,SeqVAE,Targeted-minus-standard risk,Near-duplicate risk change,Lower,0.0,0.0,0.0,0.0,3,0,rq2.privacy_risk.tail_targeted_minus_standard_risk.near_duplicate_rate_risk_delta
Analytic usefulness,EdNet,SeqVAE,Late Correctness Decline; Real + standard synthetic,AUPRC,Higher,0.6061358479742078,0.004301498596784564,0.6027473608516924,0.6122053574168286,3,0,rq2.tail_learnability.late_failure.arms.real_plus_synthetic.auprc
Analytic usefulness,EdNet,SeqVAE,Late Correctness Decline; Real + standard synthetic,AUROC,Higher,0.6555700856155845,0.0030348410652007995,0.6524186101696664,0.6596690241474121,3,0,rq2.tail_learnability.late_failure.arms.real_plus_synthetic.auroc
Analytic usefulness,EdNet,SeqVAE,Late Correctness Decline; Real + targeted synthetic,AUPRC,Higher,0.6106775857984621,0.0052363241183755,0.6037692926544413,0.6164415483341865,3,0,rq2.tail_learnability.late_failure.arms.real_plus_tail_targeted_synthetic.auprc
Analytic usefulness,EdNet,SeqVAE,Late Correctness Decline; Real + targeted synthetic,AUROC,Higher,0.6620819598557656,0.0044024660597380616,0.6561199065261464,0.6666163703050281,3,0,rq2.tail_learnability.late_failure.arms.real_plus_tail_targeted_synthetic.auroc
Analytic usefulness,EdNet,SeqVAE,Late Correctness Decline; Real only (TRTR),AUPRC,Higher,0.6426180934799993,0.0,0.6426180934799993,0.6426180934799993,3,0,rq2.tail_learnability.late_failure.arms.real_train.auprc
Analytic usefulness,EdNet,SeqVAE,Late Correctness Decline; Real only (TRTR),AUROC,Higher,0.6901847295087465,1.1102230246251565e-16,0.6901847295087464,0.6901847295087464,3,0,rq2.tail_learnability.late_failure.arms.real_train.auroc
Analytic usefulness,EdNet,SeqVAE,Late Correctness Decline; Standard synthetic only (TSTR),AUPRC,Higher,0.397486811935807,0.01390998631069467,0.38029468349918133,0.41436264780613385,3,0,rq2.tail_learnability.late_failure.arms.synthetic_train.auprc
Analytic usefulness,EdNet,SeqVAE,Late Correctness Decline; Standard synthetic only (TSTR),AUROC,Higher,0.4341311110079391,0.020897870150671596,0.41747914635467454,0.4636021996275489,3,0,rq2.tail_learnability.late_failure.arms.synthetic_train.auroc
Analytic usefulness,EdNet,SeqVAE,Late Correctness Decline; Targeted synthetic only,AUPRC,Higher,0.4080240211828832,0.01603299971073804,0.38843715407957335,0.42770945136791544,3,0,rq2.tail_learnability.late_failure.arms.tail_targeted_synthetic.auprc
Analytic usefulness,EdNet,SeqVAE,Late Correctness Decline; Targeted synthetic only,AUROC,Higher,0.47105508870214746,0.04276013322168189,0.41919438125157976,0.5239204337351884,3,0,rq2.tail_learnability.late_failure.arms.tail_targeted_synthetic.auroc
Analytic usefulness,EdNet,SeqVAE,Late Correctness Decline; Standard augmentation gain,AUPRC,Higher,-0.03648224550579152,0.0043014985967845636,-0.03987073262830687,-0.030412736063170742,3,0,rq2.tail_learnability.late_failure.real_plus_synthetic_gain_over_real.auprc
Analytic usefulness,EdNet,SeqVAE,Late Correctness Decline; Standard augmentation gain,AUROC,Higher,-0.03461464389316197,0.0030348410652007995,-0.03776611933908003,-0.0305157053613343,3,0,rq2.tail_learnability.late_failure.real_plus_synthetic_gain_over_real.auroc
Analytic usefulness,EdNet,SeqVAE,Late Correctness Decline; Standard synthetic utility loss,AUPRC,Lower,0.2451312815441923,0.01390998631069467,0.22825544567386546,0.262323409980818,3,0,rq2.tail_learnability.late_failure.synthetic_utility_gap.auprc
Analytic usefulness,EdNet,SeqVAE,Late Correctness Decline; Standard synthetic utility loss,AUROC,Lower,0.2560536185008073,0.020897870150671596,0.22658252988119754,0.2727055831540719,3,0,rq2.tail_learnability.late_failure.synthetic_utility_gap.auroc
Analytic usefulness,EdNet,SeqVAE,Late Correctness Decline; Targeted-vs-standard TSTR gain,AUPRC,Higher,0.01053720924707624,0.015233948509710273,-0.00936595042253241,0.027630774601979546,3,0,rq2.tail_learnability.late_failure.tail_targeted_tstr_gain.auprc
Analytic usefulness,EdNet,SeqVAE,Late Correctness Decline; Targeted-vs-standard TSTR gain,AUROC,Higher,0.03692397769420841,0.02778713922274837,-0.002117605790014132,0.06031823410763948,3,0,rq2.tail_learnability.late_failure.tail_targeted_tstr_gain.auroc
Analytic usefulness,EdNet,SeqVAE,Late Correctness Decline; Targeted augmentation gain,AUPRC,Higher,-0.03194050768153719,0.0052363241183755,-0.03884880082555797,-0.026176545145812802,3,0,rq2.tail_learnability.late_failure.targeted_augmentation_gain_over_real.auprc
Analytic usefulness,EdNet,SeqVAE,Late Correctness Decline; Targeted augmentation gain,AUROC,Higher,-0.028102769652980936,0.0044024660597380616,-0.03406482298260005,-0.02356835920371836,3,0,rq2.tail_learnability.late_failure.targeted_augmentation_gain_over_real.auroc
Analytic usefulness,EdNet,SeqVAE,Persistent Low Correctness; Real + standard synthetic,AUPRC,Higher,0.10832729408013313,0.008999821853197552,0.10070959579383923,0.120966386407824,3,0,rq2.tail_learnability.persistent_failure.arms.real_plus_synthetic.auprc
Analytic usefulness,EdNet,SeqVAE,Persistent Low Correctness; Real + standard synthetic,AUROC,Higher,0.5287669828525797,0.0017112508225260758,0.5272184272718443,0.531151866360193,3,0,rq2.tail_learnability.persistent_failure.arms.real_plus_synthetic.auroc
Analytic usefulness,EdNet,SeqVAE,Persistent Low Correctness; Real + targeted synthetic,AUPRC,Higher,0.10676209707035988,0.0030338442735757766,0.10368504644890433,0.11089005015942263,3,0,rq2.tail_learnability.persistent_failure.arms.real_plus_tail_targeted_synthetic.auprc
Analytic usefulness,EdNet,SeqVAE,Persistent Low Correctness; Real + targeted synthetic,AUROC,Higher,0.5389539965683576,0.005519934412687171,0.5338389070542912,0.5466185373433908,3,0,rq2.tail_learnability.persistent_failure.arms.real_plus_tail_targeted_synthetic.auroc
Analytic usefulness,EdNet,SeqVAE,Persistent Low Correctness; Real only (TRTR),AUPRC,Higher,0.11320628493874692,1.3877787807814457e-17,0.11320628493874693,0.11320628493874693,3,0,rq2.tail_learnability.persistent_failure.arms.real_train.auprc
Analytic usefulness,EdNet,SeqVAE,Persistent Low Correctness; Real only (TRTR),AUROC,Higher,0.5416248502703228,0.0,0.5416248502703228,0.5416248502703228,3,0,rq2.tail_learnability.persistent_failure.arms.real_train.auroc
Analytic usefulness,EdNet,SeqVAE,Persistent Low Correctness; Standard synthetic only (TSTR),AUPRC,Higher,0.0991504711674885,0.002105104520423021,0.09685373048335555,0.10193924823815753,3,0,rq2.tail_learnability.persistent_failure.arms.synthetic_train.auprc
Analytic usefulness,EdNet,SeqVAE,Persistent Low Correctness; Standard synthetic only (TSTR),AUROC,Higher,0.47255225700626974,0.011102141597564837,0.4571773123118262,0.48299556476415556,3,0,rq2.tail_learnability.persistent_failure.arms.synthetic_train.auroc
Analytic usefulness,EdNet,SeqVAE,Persistent Low Correctness; Targeted synthetic only,AUPRC,Higher,0.09184747879521599,0.004877014118018272,0.08701315300530925,0.09852490819343018,3,0,rq2.tail_learnability.persistent_failure.arms.tail_targeted_synthetic.auprc
Analytic usefulness,EdNet,SeqVAE,Persistent Low Correctness; Targeted synthetic only,AUROC,Higher,0.4717644900557912,0.02423645232237963,0.4499174463401211,0.5055602317977274,3,0,rq2.tail_learnability.persistent_failure.arms.tail_targeted_synthetic.auroc
Analytic usefulness,EdNet,SeqVAE,Persistent Low Correctness; Standard augmentation gain,AUPRC,Higher,-0.004878990858613809,0.008999821853197552,-0.012496689144907702,0.007760101469077074,3,0,rq2.tail_learnability.persistent_failure.real_plus_synthetic_gain_over_real.auprc
Analytic usefulness,EdNet,SeqVAE,Persistent Low Correctness; Standard augmentation gain,AUROC,Higher,-0.01285786741774316,0.0017112508225260758,-0.014406422998478496,-0.010472983910129852,3,0,rq2.tail_learnability.persistent_failure.real_plus_synthetic_gain_over_real.auroc
Analytic usefulness,EdNet,SeqVAE,Persistent Low Correctness; Standard synthetic utility loss,AUPRC,Lower,0.014055813771258427,0.002105104520423021,0.0112670367005894,0.016352554455391383,3,0,rq2.tail_learnability.persistent_failure.synthetic_utility_gap.auprc
Analytic usefulness,EdNet,SeqVAE,Persistent Low Correctness; Standard synthetic utility loss,AUROC,Lower,0.06907259326405302,0.011102141597564837,0.05862928550616725,0.08444753795849663,3,0,rq2.tail_learnability.persistent_failure.synthetic_utility_gap.auroc
Analytic usefulness,EdNet,SeqVAE,Persistent Low Correctness; Targeted-vs-standard TSTR gain,AUPRC,Higher,-0.007302992372272522,0.006346797737279162,-0.011934873051249018,0.001671177710074634,3,0,rq2.tail_learnability.persistent_failure.tail_targeted_tstr_gain.auprc
Analytic usefulness,EdNet,SeqVAE,Persistent Low Correctness; Targeted-vs-standard TSTR gain,AUROC,Higher,-0.0007877669504786263,0.021419823645351804,-0.02317977273463051,0.028076337854899713,3,0,rq2.tail_learnability.persistent_failure.tail_targeted_tstr_gain.auroc
Analytic usefulness,EdNet,SeqVAE,Persistent Low Correctness; Targeted augmentation gain,AUPRC,Higher,-0.006444187868387051,0.0030338442735757766,-0.009521238489842598,-0.0023162347793243,3,0,rq2.tail_learnability.persistent_failure.targeted_augmentation_gain_over_real.auprc
Analytic usefulness,EdNet,SeqVAE,Persistent Low Correctness; Targeted augmentation gain,AUROC,Higher,-0.0026708537019651812,0.005519934412687171,-0.007785943216031654,0.0049936870730680205,3,0,rq2.tail_learnability.persistent_failure.targeted_augmentation_gain_over_real.auroc
Analytic usefulness,EdNet,SeqVAE,Rapid Low-Accuracy Responding; Real + standard synthetic,AUPRC,Higher,0.30088388041710445,0.001961179616779015,0.2986940235181058,0.30345282830519177,3,0,rq2.tail_learnability.rapid_guessing.arms.real_plus_synthetic.auprc
Analytic usefulness,EdNet,SeqVAE,Rapid Low-Accuracy Responding; Real + standard synthetic,AUROC,Higher,0.5486550719408729,0.0004910687363749143,0.548072192337969,0.5492734846496983,3,0,rq2.tail_learnability.rapid_guessing.arms.real_plus_synthetic.auroc
Analytic usefulness,EdNet,SeqVAE,Rapid Low-Accuracy Responding; Real + targeted synthetic,AUPRC,Higher,0.30098515357253836,0.002140072963707192,0.2990586535238762,0.30396986757301747,3,0,rq2.tail_learnability.rapid_guessing.arms.real_plus_tail_targeted_synthetic.auprc
Analytic usefulness,EdNet,SeqVAE,Rapid Low-Accuracy Responding; Real + targeted synthetic,AUROC,Higher,0.5487445880346365,0.002414711095930126,0.5456019581474678,0.5514731205720284,3,0,rq2.tail_learnability.rapid_guessing.arms.real_plus_tail_targeted_synthetic.auroc
Analytic usefulness,EdNet,SeqVAE,Rapid Low-Accuracy Responding; Real only (TRTR),AUPRC,Higher,0.3091806925453089,0.0,0.3091806925453089,0.3091806925453089,3,0,rq2.tail_learnability.rapid_guessing.arms.real_train.auprc
Analytic usefulness,EdNet,SeqVAE,Rapid Low-Accuracy Responding; Real only (TRTR),AUROC,Higher,0.5619014038310155,0.0,0.5619014038310155,0.5619014038310155,3,0,rq2.tail_learnability.rapid_guessing.arms.real_train.auroc
Analytic usefulness,EdNet,SeqVAE,Rapid Low-Accuracy Responding; Standard synthetic only (TSTR),AUPRC,Higher,0.2961793032479085,0.015550445407158553,0.28088013148790003,0.3175101184635699,3,0,rq2.tail_learnability.rapid_guessing.arms.synthetic_train.auprc
Analytic usefulness,EdNet,SeqVAE,Rapid Low-Accuracy Responding; Standard synthetic only (TSTR),AUROC,Higher,0.5347957939735852,0.023261028162598688,0.5115188762791918,0.5665651239832066,3,0,rq2.tail_learnability.rapid_guessing.arms.synthetic_train.auroc
Analytic usefulness,EdNet,SeqVAE,Rapid Low-Accuracy Responding; Targeted synthetic only,AUPRC,Higher,0.25749579102965253,0.005754532096780191,0.2522098510155528,0.26549750045048387,3,0,rq2.tail_learnability.rapid_guessing.arms.tail_targeted_synthetic.auprc
Analytic usefulness,EdNet,SeqVAE,Rapid Low-Accuracy Responding; Targeted synthetic only,AUROC,Higher,0.48394586941310247,0.012529412071516225,0.4681616537654159,0.4988110076095513,3,0,rq2.tail_learnability.rapid_guessing.arms.tail_targeted_synthetic.auroc
Analytic usefulness,EdNet,SeqVAE,Rapid Low-Accuracy Responding; Standard augmentation gain,AUPRC,Higher,-0.008296812128204434,0.001961179616779015,-0.010486669027203077,-0.00572786424011712,3,0,rq2.tail_learnability.rapid_guessing.real_plus_synthetic_gain_over_real.auprc
Analytic usefulness,EdNet,SeqVAE,Rapid Low-Accuracy Responding; Standard augmentation gain,AUROC,Higher,-0.01324633189014257,0.0004910687363749143,-0.0138292114930465,-0.012627919181317226,3,0,rq2.tail_learnability.rapid_guessing.real_plus_synthetic_gain_over_real.auroc
Analytic usefulness,EdNet,SeqVAE,Rapid Low-Accuracy Responding; Standard synthetic utility loss,AUPRC,Lower,0.013001389297400431,0.015550445407158555,-0.008329425918261024,0.028300561057408857,3,0,rq2.tail_learnability.rapid_guessing.synthetic_utility_gap.auprc
Analytic usefulness,EdNet,SeqVAE,Rapid Low-Accuracy Responding; Standard synthetic utility loss,AUROC,Lower,0.02710560985743027,0.023261028162598688,-0.004663720152191075,0.05038252755182371,3,0,rq2.tail_learnability.rapid_guessing.synthetic_utility_gap.auroc
Analytic usefulness,EdNet,SeqVAE,Rapid Low-Accuracy Responding; Targeted-vs-standard TSTR gain,AUPRC,Higher,-0.03868351221825589,0.00981367909256189,-0.05201261801308604,-0.02867028047234721,3,0,rq2.tail_learnability.rapid_guessing.tail_targeted_tstr_gain.auprc
Analytic usefulness,EdNet,SeqVAE,Rapid Low-Accuracy Responding; Targeted-vs-standard TSTR gain,AUROC,Higher,-0.05084992456048278,0.01197870922987307,-0.06775411637365525,-0.04143843479401721,3,0,rq2.tail_learnability.rapid_guessing.tail_targeted_tstr_gain.auroc
Analytic usefulness,EdNet,SeqVAE,Rapid Low-Accuracy Responding; Targeted augmentation gain,AUPRC,Higher,-0.008195538972770533,0.002140072963707192,-0.010122039021432716,-0.005210824972291417,3,0,rq2.tail_learnability.rapid_guessing.targeted_augmentation_gain_over_real.auprc
Analytic usefulness,EdNet,SeqVAE,Rapid Low-Accuracy Responding; Targeted augmentation gain,AUROC,Higher,-0.013156815796378951,0.002414711095930126,-0.016299445683547686,-0.010428283258987148,3,0,rq2.tail_learnability.rapid_guessing.targeted_augmentation_gain_over_real.auroc
Analytic usefulness,EdNet,SeqVAE,Rare Skill Path; Real + standard synthetic,AUPRC,Higher,0.5407750776828123,0.009852811514986032,0.5331457844184331,0.5546873604413106,3,0,rq2.tail_learnability.rare_skill_path.arms.real_plus_synthetic.auprc
Analytic usefulness,EdNet,SeqVAE,Rare Skill Path; Real + standard synthetic,AUROC,Higher,0.587143159510014,0.0025436578279579196,0.5848579252321613,0.5906917215652036,3,0,rq2.tail_learnability.rare_skill_path.arms.real_plus_synthetic.auroc
Analytic usefulness,EdNet,SeqVAE,Rare Skill Path; Real + targeted synthetic,AUPRC,Higher,0.5348989915879638,0.008246626628270002,0.5276967609705361,0.5464440468334583,3,0,rq2.tail_learnability.rare_skill_path.arms.real_plus_tail_targeted_synthetic.auprc
Analytic usefulness,EdNet,SeqVAE,Rare Skill Path; Real + targeted synthetic,AUROC,Higher,0.5920823742625076,0.0031700984302312327,0.5878839590443686,0.5955432970870704,3,0,rq2.tail_learnability.rare_skill_path.arms.real_plus_tail_targeted_synthetic.auroc
Analytic usefulness,EdNet,SeqVAE,Rare Skill Path; Real only (TRTR),AUPRC,Higher,0.5203203302398243,0.0,0.5203203302398243,0.5203203302398243,3,0,rq2.tail_learnability.rare_skill_path.arms.real_train.auprc
Analytic usefulness,EdNet,SeqVAE,Rare Skill Path; Real only (TRTR),AUROC,Higher,0.589233272481943,0.0,0.589233272481943,0.589233272481943,3,0,rq2.tail_learnability.rare_skill_path.arms.real_train.auroc
Analytic usefulness,EdNet,SeqVAE,Rare Skill Path; Standard synthetic only (TSTR),AUPRC,Higher,0.4842777778315092,0.01539487311085737,0.4647323516194821,0.5023562367072747,3,0,rq2.tail_learnability.rare_skill_path.arms.synthetic_train.auprc
Analytic usefulness,EdNet,SeqVAE,Rare Skill Path; Standard synthetic only (TSTR),AUROC,Higher,0.5309134984258009,0.01967777596183301,0.5088796729899198,0.5566513215334551,3,0,rq2.tail_learnability.rare_skill_path.arms.synthetic_train.auroc
Analytic usefulness,EdNet,SeqVAE,Rare Skill Path; Targeted synthetic only,AUPRC,Higher,0.4781608101630955,0.007754721689236807,0.4672942965177337,0.48487575478421013,3,0,rq2.tail_learnability.rare_skill_path.arms.tail_targeted_synthetic.auprc
Analytic usefulness,EdNet,SeqVAE,Rare Skill Path; Targeted synthetic only,AUROC,Higher,0.5250598592480885,0.012403029498274792,0.508244701960473,0.5377906976744187,3,0,rq2.tail_learnability.rare_skill_path.arms.tail_targeted_synthetic.auroc
Analytic usefulness,EdNet,SeqVAE,Rare Skill Path; Standard augmentation gain,AUPRC,Higher,0.020454747442987992,0.009852811514986032,0.012825454178608808,0.03436703020148635,3,0,rq2.tail_learnability.rare_skill_path.real_plus_synthetic_gain_over_real.auprc
Analytic usefulness,EdNet,SeqVAE,Rare Skill Path; Standard augmentation gain,AUROC,Higher,-0.002090112971928996,0.0025436578279579196,-0.004375347249781725,0.001458449083260538,3,0,rq2.tail_learnability.rare_skill_path.real_plus_synthetic_gain_over_real.auroc
Analytic usefulness,EdNet,SeqVAE,Rare Skill Path; Standard synthetic utility loss,AUPRC,Lower,0.036042552408315075,0.01539487311085737,0.017964093532549574,0.05558797862034215,3,0,rq2.tail_learnability.rare_skill_path.synthetic_utility_gap.auprc
Analytic usefulness,EdNet,SeqVAE,Rare Skill Path; Standard synthetic utility loss,AUROC,Lower,0.05831977405614205,0.01967777596183301,0.032581950948487926,0.08035359949202325,3,0,rq2.tail_learnability.rare_skill_path.synthetic_utility_gap.auroc
Analytic usefulness,EdNet,SeqVAE,Rare Skill Path; Targeted-vs-standard TSTR gain,AUPRC,Higher,-0.006116967668413705,0.018580277091174845,-0.02004385751993204,0.020143403164728013,3,0,rq2.tail_learnability.rare_skill_path.tail_targeted_tstr_gain.auprc
Analytic usefulness,EdNet,SeqVAE,Rare Skill Path; Targeted-vs-standard TSTR gain,AUROC,Higher,-0.005853639177712496,0.018468365913094986,-0.01896479879355506,0.02026450511945399,3,0,rq2.tail_learnability.rare_skill_path.tail_targeted_tstr_gain.auroc
Analytic usefulness,EdNet,SeqVAE,Rare Skill Path; Targeted augmentation gain,AUPRC,Higher,0.014578661348139529,0.008246626628270002,0.007376430730711814,0.026123716593633994,3,0,rq2.tail_learnability.rare_skill_path.targeted_augmentation_gain_over_real.auprc
Analytic usefulness,EdNet,SeqVAE,Rare Skill Path; Targeted augmentation gain,AUROC,Higher,0.0028491017805645966,0.0031700984302312327,-0.0013493134375743843,0.006310024605127418,3,0,rq2.tail_learnability.rare_skill_path.targeted_augmentation_gain_over_real.auroc
Analytic usefulness,EdNet,SeqVAE,Recovery; Real + standard synthetic,AUPRC,Higher,0.7253999577111196,0.0032783213082415497,0.7226553516735514,0.7300082210470298,3,0,rq2.tail_learnability.recovery.arms.real_plus_synthetic.auprc
Analytic usefulness,EdNet,SeqVAE,Recovery; Real + standard synthetic,AUROC,Higher,0.7015744615698684,0.003440825999998386,0.6980121465754823,0.7062263958354599,3,0,rq2.tail_learnability.recovery.arms.real_plus_synthetic.auroc
Analytic usefulness,EdNet,SeqVAE,Recovery; Real + targeted synthetic,AUPRC,Higher,0.7295971998481107,0.005345229380785386,0.7252876428583865,0.7371304543923809,3,0,rq2.tail_learnability.recovery.arms.real_plus_tail_targeted_synthetic.auprc
Analytic usefulness,EdNet,SeqVAE,Recovery; Real + targeted synthetic,AUROC,Higher,0.7058130039808105,0.0045051033538599395,0.7022608961927121,0.7121695416964378,3,0,rq2.tail_learnability.recovery.arms.real_plus_tail_targeted_synthetic.auroc
Analytic usefulness,EdNet,SeqVAE,Recovery; Real only (TRTR),AUPRC,Higher,0.7116954905779048,0.0,0.7116954905779048,0.7116954905779048,3,0,rq2.tail_learnability.recovery.arms.real_train.auprc
Analytic usefulness,EdNet,SeqVAE,Recovery; Real only (TRTR),AUROC,Higher,0.6912345616004898,0.0,0.6912345616004898,0.6912345616004898,3,0,rq2.tail_learnability.recovery.arms.real_train.auroc
Analytic usefulness,EdNet,SeqVAE,Recovery; Standard synthetic only (TSTR),AUPRC,Higher,0.5820074451216701,0.010199943556231574,0.569742088654011,0.594715003268198,3,0,rq2.tail_learnability.recovery.arms.synthetic_train.auprc
Analytic usefulness,EdNet,SeqVAE,Recovery; Standard synthetic only (TSTR),AUROC,Higher,0.585349256575142,0.009681389061508672,0.5776334592222109,0.5990022455853833,3,0,rq2.tail_learnability.recovery.arms.synthetic_train.auroc
Analytic usefulness,EdNet,SeqVAE,Recovery; Targeted synthetic only,AUPRC,Higher,0.5730773209866105,0.020567628978582306,0.5490769141976282,0.5993087013589014,3,0,rq2.tail_learnability.recovery.arms.tail_targeted_synthetic.auprc
Analytic usefulness,EdNet,SeqVAE,Recovery; Targeted synthetic only,AUROC,Higher,0.5594433670171141,0.036032501872086696,0.5138256609166071,0.6019189547820761,3,0,rq2.tail_learnability.recovery.arms.tail_targeted_synthetic.auroc
Analytic usefulness,EdNet,SeqVAE,Recovery; Standard augmentation gain,AUPRC,Higher,0.0137044671332149,0.0032783213082415497,0.010959861095646617,0.01831273046912496,3,0,rq2.tail_learnability.recovery.real_plus_synthetic_gain_over_real.auprc
Analytic usefulness,EdNet,SeqVAE,Recovery; Standard augmentation gain,AUROC,Higher,0.010339899969378563,0.003440825999998386,0.006777584974992479,0.01499183423497008,3,0,rq2.tail_learnability.recovery.real_plus_synthetic_gain_over_real.auroc
Analytic usefulness,EdNet,SeqVAE,Recovery; Standard synthetic utility loss,AUPRC,Lower,0.1296880454562347,0.010199943556231574,0.11698048730970678,0.14195340192389383,3,0,rq2.tail_learnability.recovery.synthetic_utility_gap.auprc
Analytic usefulness,EdNet,SeqVAE,Recovery; Standard synthetic utility loss,AUROC,Lower,0.10588530502534772,0.009681389061508672,0.09223231601510651,0.11360110237827892,3,0,rq2.tail_learnability.recovery.synthetic_utility_gap.auroc
Analytic usefulness,EdNet,SeqVAE,Recovery; Targeted-vs-standard TSTR gain,AUPRC,Higher,-0.00893012413505967,0.016718967626361454,-0.0324883292451732,0.004593698090703313,3,0,rq2.tail_learnability.recovery.tail_targeted_tstr_gain.auprc
Analytic usefulness,EdNet,SeqVAE,Recovery; Targeted-vs-standard TSTR gain,AUROC,Higher,-0.02590588955802801,0.029001033076716726,-0.06558640400122495,0.002916709196692846,3,0,rq2.tail_learnability.recovery.tail_targeted_tstr_gain.auroc
Analytic usefulness,EdNet,SeqVAE,Recovery; Targeted augmentation gain,AUPRC,Higher,0.017901709270205884,0.005345229380785386,0.013592152280481717,0.025434963814476075,3,0,rq2.tail_learnability.recovery.targeted_augmentation_gain_over_real.auprc
Analytic usefulness,EdNet,SeqVAE,Recovery; Targeted augmentation gain,AUROC,Higher,0.014578442380320725,0.0045051033538599395,0.011026334592222353,0.020934980095947964,3,0,rq2.tail_learnability.recovery.targeted_augmentation_gain_over_real.auroc
Analytic usefulness,EdNet,SeqVAE,Late Correctness Decline,Rare-group prevalence-error reduction,Higher,0.0029425764853520248,0.002363840976891714,0.0007789173049461279,0.006231338439568995,3,0,rq2.tail_targeting_fidelity_gain.late_failure.prevalence_error_reduction
Analytic usefulness,EdNet,SeqVAE,Late Correctness Decline,Rare-group trajectory-shape-error reduction,Higher,0.0016774000842642578,0.012859390226869298,-0.007659491058808504,0.019861123061283646,3,0,rq2.tail_targeting_fidelity_gain.late_failure.primary_signal_curve_mae_reduction
Analytic usefulness,EdNet,SeqVAE,Persistent Low Correctness,Rare-group prevalence-error reduction,Higher,-0.000605824570513655,0.000533507637973863,-0.0012981955082435465,0.0,3,0,rq2.tail_targeting_fidelity_gain.persistent_failure.prevalence_error_reduction
Analytic usefulness,EdNet,SeqVAE,Persistent Low Correctness,Rare-group trajectory-shape-error reduction,Higher,-0.005084977843833424,0.003639322379104401,-0.008724300222937825,-0.0014456554647290232,2,1,rq2.tail_targeting_fidelity_gain.persistent_failure.primary_signal_curve_mae_reduction
Analytic usefulness,EdNet,SeqVAE,Rapid Low-Accuracy Responding,Rare-group prevalence-error reduction,Higher,4.3273183608118215e-05,0.00016191342709654055,-0.00012981955082435465,0.0002596391016487093,3,0,rq2.tail_targeting_fidelity_gain.rapid_guessing.prevalence_error_reduction
Analytic usefulness,EdNet,SeqVAE,Rare Skill Path,Rare-group prevalence-error reduction,Higher,-0.012246310961097406,0.005365525778770652,-0.017655458912112176,-0.004933142931325407,3,0,rq2.tail_targeting_fidelity_gain.rare_skill_path.prevalence_error_reduction
Analytic usefulness,EdNet,SeqVAE,Rare Skill Path,Rare-group trajectory-shape-error reduction,Higher,0.012290691574662208,0.01646048011990487,-0.008535358342032062,0.031710816083763416,3,0,rq2.tail_targeting_fidelity_gain.rare_skill_path.primary_signal_curve_mae_reduction
Analytic usefulness,EdNet,SeqVAE,Recovery,Rare-group prevalence-error reduction,Higher,-0.0006923709377298892,0.00556897460625521,-0.008568090354407375,0.0032454887706088557,3,0,rq2.tail_targeting_fidelity_gain.recovery.prevalence_error_reduction
Analytic usefulness,EdNet,SeqVAE,Recovery,Rare-group trajectory-shape-error reduction,Higher,0.01173369951833469,0.00840340610224695,0.00023751374269773834,0.02009026622008227,3,0,rq2.tail_targeting_fidelity_gain.recovery.primary_signal_curve_mae_reduction
Population composition,EdNet,TimeGAN,All eligible learners/events,Average feature-distribution divergence,Lower,0.11966011011615842,0.001266872640367127,0.11787340789321706,0.12066844298821938,3,0,rq1.average_fidelity.modeled_value_marginal_js_mean
Population composition,EdNet,TimeGAN,All eligible learners/events,Behavior-rate error,Lower,0.33446388888888884,0.00043569513069757185,0.33385,0.33481666666666665,3,0,rq1.average_fidelity.primary_signal_rate_error
Population composition,EdNet,TimeGAN,All eligible learners/events,Event-type frequency divergence,Lower,0.010085586983322218,8.143266305989738e-05,0.009995381070764073,0.0101926906486634,3,0,rq1.average_fidelity.skill_frequency_js
Learning process,EdNet,TimeGAN,All eligible learners/events,Feature-dependence error,Lower,0.008746656392242693,7.30888758883651e-05,0.008688512756691441,0.008849738100584375,3,0,rq1.cross_signal_dependence.prespecified_signal_nmi_mae
Population composition,EdNet,TimeGAN,All eligible learners/events,Real-versus-synthetic detectability AUROC,0.5 best,0.9091515420370371,0.0007565848606087852,0.9080830272222222,0.909734152777778,3,0,rq1.detectability.detectability_auc
Learner-pathway representation,EdNet,TimeGAN,All eligible learners/events,Subgroup behavior error,Lower,0.32582408710240507,0.005207095136738699,0.31846474955878035,0.32972930594364425,3,0,rq1.subgroup_fidelity.future_primary_signal_rate_mae
Learner-pathway representation,EdNet,TimeGAN,All eligible learners/events,Subgroup-size error,Lower,0.4388854672913199,0.0007944259006091478,0.43783807516684226,0.43976115208991917,3,0,rq1.subgroup_fidelity.learner_share_mae
Learner-pathway representation,EdNet,TimeGAN,Late Correctness Decline,Rare-group prevalence error,Lower,0.07607425678307153,0.0,0.07607425678307153,0.07607425678307153,3,0,rq1.tail_fidelity.late_failure.prevalence_error
Learner-pathway representation,EdNet,TimeGAN,Persistent Low Correctness,Rare-group prevalence error,Lower,0.047643775152537975,0.0,0.047643775152537975,0.047643775152537975,3,0,rq1.tail_fidelity.persistent_failure.prevalence_error
Learner-pathway representation,EdNet,TimeGAN,Rapid Low-Accuracy Responding,Rare-group prevalence error,Lower,0.03920550434895495,0.0,0.03920550434895495,0.03920550434895495,3,0,rq1.tail_fidelity.rapid_guessing.prevalence_error
Learner-pathway representation,EdNet,TimeGAN,Rare Skill Path,Rare-group prevalence error,Lower,0.8304989398070016,0.011890759062774365,0.8164351551343633,0.8455147345190186,3,0,rq1.tail_fidelity.rare_skill_path.prevalence_error
Learner-pathway representation,EdNet,TimeGAN,Rare Skill Path,Rare-group trajectory-shape error,Lower,0.5815606926549535,0.0003418704765483227,0.5810806401951009,0.581850471884238,3,0,rq1.tail_fidelity.rare_skill_path.primary_signal_curve_mae
Learner-pathway representation,EdNet,TimeGAN,Recovery,Rare-group prevalence error,Lower,0.04348954952615864,0.0,0.04348954952615864,0.04348954952615864,3,0,rq1.tail_fidelity.recovery.prevalence_error
Learning process,EdNet,TimeGAN,All eligible learners/events,Behavior-persistence error,Lower,0.09316461020742406,0.0015113177340327602,0.0919557493217761,0.0952955115668284,3,0,rq1.temporal_fidelity.correctness_autocorrelation_mae
Learning process,EdNet,TimeGAN,All eligible learners/events,Trajectory-shape error,Lower,0.504734568501321,0.00021186957593242296,0.5045075225383445,0.5050174156506966,3,0,rq1.temporal_fidelity.correctness_curve_mae
Learning process,EdNet,TimeGAN,All eligible learners/events,Behavior-transition divergence,Lower,0.324773226276212,0.002677076491899178,0.32100378482462705,0.3269638737457249,3,0,rq1.temporal_fidelity.correctness_transition_js
Learning process,EdNet,TimeGAN,All eligible learners/events,Response/inactivity-gap distribution divergence,Lower,0.17453281185953473,0.0008016718582720713,0.17340834210905562,0.17522031639475302,3,0,rq1.temporal_fidelity.inter_event_time_js
Learning process,EdNet,TimeGAN,All eligible learners/events,Three-event sequence divergence,Lower,0.8903788073513308,0.0015556907407590528,0.8889497079972547,0.8925419828594445,3,0,rq1.temporal_fidelity.skill_trigram_js
Analytic usefulness,EdNet,TimeGAN,Real + standard synthetic,AUPRC,Higher,0.7631379697461228,0.00027448021239082857,0.7627584248272579,0.7633982285263136,3,0,rq2.downstream_utility.arms.real_plus_synthetic.auprc
Analytic usefulness,EdNet,TimeGAN,Real + standard synthetic,AUROC,Higher,0.6675213426441223,0.00030028389660574927,0.6671016482232117,0.6677872975424058,3,0,rq2.downstream_utility.arms.real_plus_synthetic.auroc
Analytic usefulness,EdNet,TimeGAN,Real + targeted synthetic,AUPRC,Higher,0.7634047397571861,9.260443500609065e-05,0.7633195567932411,0.7635334780270521,3,0,rq2.downstream_utility.arms.real_plus_tail_targeted_synthetic.auprc
Analytic usefulness,EdNet,TimeGAN,Real + targeted synthetic,AUROC,Higher,0.668151494372535,0.00015163354110316561,0.6679515952599195,0.6683186700752658,3,0,rq2.downstream_utility.arms.real_plus_tail_targeted_synthetic.auroc
Analytic usefulness,EdNet,TimeGAN,Real only (TRTR),AUPRC,Higher,0.7687385589902873,0.0,0.7687385589902873,0.7687385589902873,3,0,rq2.downstream_utility.arms.real_train.auprc
Analytic usefulness,EdNet,TimeGAN,Real only (TRTR),AUROC,Higher,0.6721514547821162,0.0,0.6721514547821162,0.6721514547821162,3,0,rq2.downstream_utility.arms.real_train.auroc
Analytic usefulness,EdNet,TimeGAN,Standard synthetic only (TSTR),AUPRC,Higher,0.6044887598325093,0.008438236800614982,0.5926602589881909,0.611770740596091,3,0,rq2.downstream_utility.arms.synthetic_train.auprc
Analytic usefulness,EdNet,TimeGAN,Standard synthetic only (TSTR),AUROC,Higher,0.45931954645288675,0.018355999795798553,0.43349302731557415,0.4745037694057821,3,0,rq2.downstream_utility.arms.synthetic_train.auroc
Analytic usefulness,EdNet,TimeGAN,Targeted synthetic only,AUPRC,Higher,0.612684632615006,0.003392884423156713,0.6087714899290572,0.6170459872752261,3,0,rq2.downstream_utility.arms.tail_targeted_synthetic.auprc
Analytic usefulness,EdNet,TimeGAN,Targeted synthetic only,AUROC,Higher,0.4633065199155539,0.01134628493092387,0.45187985449690504,0.4787759153890397,3,0,rq2.downstream_utility.arms.tail_targeted_synthetic.auroc
Analytic usefulness,EdNet,TimeGAN,Standard augmentation gain,AUPRC,Higher,-0.005600589244164548,0.0002744802123908285,-0.005980134163029449,-0.0053403304639737526,3,0,rq2.downstream_utility.real_plus_synthetic_gain_over_real.auprc
Analytic usefulness,EdNet,TimeGAN,Standard augmentation gain,AUROC,Higher,-0.004630112137993803,0.00030028389660574927,-0.005049806558904524,-0.004364157239710398,3,0,rq2.downstream_utility.real_plus_synthetic_gain_over_real.auroc
Analytic usefulness,EdNet,TimeGAN,Standard synthetic utility loss,AUPRC,Lower,0.16424979915777801,0.008438236800614982,0.15696781839419627,0.17607830000209646,3,0,rq2.downstream_utility.synthetic_utility_gap.auprc
Analytic usefulness,EdNet,TimeGAN,Standard synthetic utility loss,AUROC,Lower,0.2128319083292295,0.018355999795798553,0.19764768537633415,0.2386584274665421,3,0,rq2.downstream_utility.synthetic_utility_gap.auroc
Analytic usefulness,EdNet,TimeGAN,Targeted-vs-standard TSTR gain,AUPRC,Higher,0.008195872782496708,0.009217303474966812,-0.0029992506670338814,0.019576161652543944,3,0,rq2.downstream_utility.tail_targeted_tstr_gain.auprc
Analytic usefulness,EdNet,TimeGAN,Targeted-vs-standard TSTR gain,AUROC,Higher,0.003986973462667132,0.02004971931855985,-0.022623914908877052,0.025770762545142767,3,0,rq2.downstream_utility.tail_targeted_tstr_gain.auroc
Analytic usefulness,EdNet,TimeGAN,Targeted augmentation gain,AUPRC,Higher,-0.005333819233101167,9.260443500609065e-05,-0.005419002197046163,-0.005205080963235242,3,0,rq2.downstream_utility.targeted_augmentation_gain_over_real.auprc
Analytic usefulness,EdNet,TimeGAN,Targeted augmentation gain,AUROC,Higher,-0.003999960409581282,0.00015163354110316561,-0.004199859522196703,-0.003832784706850445,3,0,rq2.downstream_utility.targeted_augmentation_gain_over_real.auroc
Analytic usefulness,EdNet,TimeGAN,Persistent Low-Correctness Prediction; Real + standard synthetic,AUPRC,Higher,0.13344345376833852,0.008387830110596444,0.12383823631442357,0.14427419563861643,3,0,rq2.learner_level_outcome_tasks.persistent_failure_prediction.arms.real_plus_synthetic.auprc
Analytic usefulness,EdNet,TimeGAN,Persistent Low-Correctness Prediction; Real + standard synthetic,AUROC,Higher,0.6099026716310667,0.0022824074115831987,0.6072989018805205,0.6128566348045086,3,0,rq2.learner_level_outcome_tasks.persistent_failure_prediction.arms.real_plus_synthetic.auroc
Analytic usefulness,EdNet,TimeGAN,Persistent Low-Correctness Prediction; Real only (TRTR),AUPRC,Higher,0.1309541241815329,0.0,0.1309541241815329,0.1309541241815329,3,0,rq2.learner_level_outcome_tasks.persistent_failure_prediction.arms.real_train.auprc
Analytic usefulness,EdNet,TimeGAN,Persistent Low-Correctness Prediction; Real only (TRTR),AUROC,Higher,0.585850008346579,0.0,0.585850008346579,0.585850008346579,3,0,rq2.learner_level_outcome_tasks.persistent_failure_prediction.arms.real_train.auroc
Analytic usefulness,EdNet,TimeGAN,Persistent Low-Correctness Prediction; Standard augmentation gain,AUPRC,Higher,0.0024893295868056303,0.008387830110596444,-0.00711588786710933,0.013320071457083527,3,0,rq2.learner_level_outcome_tasks.persistent_failure_prediction.real_plus_synthetic_gain_over_real.auprc
Analytic usefulness,EdNet,TimeGAN,Persistent Low-Correctness Prediction; Standard augmentation gain,AUROC,Higher,0.024052663284487703,0.0022824074115831987,0.021448893533941527,0.027006626457929617,3,0,rq2.learner_level_outcome_tasks.persistent_failure_prediction.real_plus_synthetic_gain_over_real.auroc
Analytic usefulness,EdNet,TimeGAN,Recovery Prediction; Real + standard synthetic,AUPRC,Higher,0.21941810939829257,0.0,0.21941810939829257,0.21941810939829257,3,0,rq2.learner_level_outcome_tasks.recovery_prediction.arms.real_plus_synthetic.auprc
Analytic usefulness,EdNet,TimeGAN,Recovery Prediction; Real + standard synthetic,AUROC,Higher,0.4910196186791931,0.0,0.4910196186791931,0.4910196186791931,3,0,rq2.learner_level_outcome_tasks.recovery_prediction.arms.real_plus_synthetic.auroc
Analytic usefulness,EdNet,TimeGAN,Recovery Prediction; Real only (TRTR),AUPRC,Higher,0.21941810939829257,0.0,0.21941810939829257,0.21941810939829257,3,0,rq2.learner_level_outcome_tasks.recovery_prediction.arms.real_train.auprc
Analytic usefulness,EdNet,TimeGAN,Recovery Prediction; Real only (TRTR),AUROC,Higher,0.4910196186791931,0.0,0.4910196186791931,0.4910196186791931,3,0,rq2.learner_level_outcome_tasks.recovery_prediction.arms.real_train.auroc
Analytic usefulness,EdNet,TimeGAN,Recovery Prediction; Standard augmentation gain,AUPRC,Higher,0.0,0.0,0.0,0.0,3,0,rq2.learner_level_outcome_tasks.recovery_prediction.real_plus_synthetic_gain_over_real.auprc
Analytic usefulness,EdNet,TimeGAN,Recovery Prediction; Standard augmentation gain,AUROC,Higher,0.0,0.0,0.0,0.0,3,0,rq2.learner_level_outcome_tasks.recovery_prediction.real_plus_synthetic_gain_over_real.auroc
Disclosure risk,EdNet,TimeGAN,Standard synthetic,Exact-duplicate rate,Lower,0.0,0.0,0.0,0.0,3,0,rq2.privacy_risk.standard.exact_duplicate_rate
Disclosure risk,EdNet,TimeGAN,Standard synthetic,Mean nearest-training distance,Higher,0.9932942384926382,0.0007205548480461632,0.9924411890499567,0.9942034939047578,3,0,rq2.privacy_risk.standard.mean_nearest_neighbor_distance
Disclosure risk,EdNet,TimeGAN,Standard synthetic,Membership-inference advantage,Lower,0.004865530288278371,0.006880898921820347,0.0,0.014596590864835113,3,0,rq2.privacy_risk.standard.membership_inference_attack_advantage
Disclosure risk,EdNet,TimeGAN,Standard synthetic,Near-duplicate rate,Lower,0.0,0.0,0.0,0.0,3,0,rq2.privacy_risk.standard.near_duplicate_rate
Disclosure risk,EdNet,TimeGAN,Targeted synthetic,Exact-duplicate rate,Lower,0.0,0.0,0.0,0.0,3,0,rq2.privacy_risk.tail_targeted.exact_duplicate_rate
Disclosure risk,EdNet,TimeGAN,Targeted synthetic,Mean nearest-training distance,Higher,0.9941981581736852,0.00014327344868837665,0.9939955600292981,0.9943019901427916,3,0,rq2.privacy_risk.tail_targeted.mean_nearest_neighbor_distance
Disclosure risk,EdNet,TimeGAN,Targeted synthetic,Membership-inference advantage,Lower,0.0,0.0,0.0,0.0,3,0,rq2.privacy_risk.tail_targeted.membership_inference_attack_advantage
Disclosure risk,EdNet,TimeGAN,Targeted synthetic,Near-duplicate rate,Lower,0.0,0.0,0.0,0.0,3,0,rq2.privacy_risk.tail_targeted.near_duplicate_rate
Disclosure risk,EdNet,TimeGAN,Targeted-minus-standard risk,Exact-duplicate risk change,Lower,0.0,0.0,0.0,0.0,3,0,rq2.privacy_risk.tail_targeted_minus_standard_risk.exact_duplicate_rate_risk_delta
Disclosure risk,EdNet,TimeGAN,Targeted-minus-standard risk,Nearest-neighbor exposure risk change,Lower,-0.0009039196810469718,0.0007248196470015255,-0.0018557352990091758,-9.849623803381835e-05,3,0,rq2.privacy_risk.tail_targeted_minus_standard_risk.mean_nearest_exposure_risk_delta
Disclosure risk,EdNet,TimeGAN,Targeted-minus-standard risk,Membership-inference risk change,Lower,-0.004865530288278371,0.006880898921820347,-0.014596590864835113,0.0,3,0,rq2.privacy_risk.tail_targeted_minus_standard_risk.membership_inference_attack_advantage_risk_delta
Disclosure risk,EdNet,TimeGAN,Targeted-minus-standard risk,Near-duplicate risk change,Lower,0.0,0.0,0.0,0.0,3,0,rq2.privacy_risk.tail_targeted_minus_standard_risk.near_duplicate_rate_risk_delta
Analytic usefulness,EdNet,TimeGAN,Late Correctness Decline; Real + standard synthetic,AUPRC,Higher,0.6088785334621692,0.0016470414037686497,0.6065939796502202,0.61041416579117,3,0,rq2.tail_learnability.late_failure.arms.real_plus_synthetic.auprc
Analytic usefulness,EdNet,TimeGAN,Late Correctness Decline; Real + standard synthetic,AUROC,Higher,0.6741616843176804,0.0003308488580605945,0.6738461498779991,0.6746186504067556,3,0,rq2.tail_learnability.late_failure.arms.real_plus_synthetic.auroc
Analytic usefulness,EdNet,TimeGAN,Late Correctness Decline; Real + targeted synthetic,AUPRC,Higher,0.6095057932090259,0.0035697039072597305,0.606644087248431,0.6145383344357682,3,0,rq2.tail_learnability.late_failure.arms.real_plus_tail_targeted_synthetic.auprc
Analytic usefulness,EdNet,TimeGAN,Late Correctness Decline; Real + targeted synthetic,AUROC,Higher,0.6750773360295623,0.0008912882180658335,0.6738809704360565,0.6760192106308454,3,0,rq2.tail_learnability.late_failure.arms.real_plus_tail_targeted_synthetic.auroc
Analytic usefulness,EdNet,TimeGAN,Late Correctness Decline; Real only (TRTR),AUPRC,Higher,0.6426180934799993,0.0,0.6426180934799993,0.6426180934799993,3,0,rq2.tail_learnability.late_failure.arms.real_train.auprc
Analytic usefulness,EdNet,TimeGAN,Late Correctness Decline; Real only (TRTR),AUROC,Higher,0.6901847295087465,1.1102230246251565e-16,0.6901847295087464,0.6901847295087464,3,0,rq2.tail_learnability.late_failure.arms.real_train.auroc
Analytic usefulness,EdNet,TimeGAN,Late Correctness Decline; Standard synthetic only (TSTR),AUPRC,Higher,0.48238704830169715,0.02940715702726779,0.44178049468846153,0.5104686397960313,3,0,rq2.tail_learnability.late_failure.arms.synthetic_train.auprc
Analytic usefulness,EdNet,TimeGAN,Late Correctness Decline; Standard synthetic only (TSTR),AUROC,Higher,0.5451205651075655,0.008581778742800802,0.5330447095965458,0.5522076233808442,3,0,rq2.tail_learnability.late_failure.arms.synthetic_train.auroc
Analytic usefulness,EdNet,TimeGAN,Late Correctness Decline; Targeted synthetic only,AUPRC,Higher,0.3832677325171468,0.010670267585452899,0.36935487027178227,0.39528441201553977,3,0,rq2.tail_learnability.late_failure.arms.tail_targeted_synthetic.auprc
Analytic usefulness,EdNet,TimeGAN,Late Correctness Decline; Targeted synthetic only,AUROC,Higher,0.4066559711668584,0.017526191428239933,0.3932814378053247,0.4314151074794559,3,0,rq2.tail_learnability.late_failure.arms.tail_targeted_synthetic.auroc
Analytic usefulness,EdNet,TimeGAN,Late Correctness Decline; Standard augmentation gain,AUPRC,Higher,-0.03373956001783007,0.0016470414037686497,-0.0360241138297791,-0.03220392768882929,3,0,rq2.tail_learnability.late_failure.real_plus_synthetic_gain_over_real.auprc
Analytic usefulness,EdNet,TimeGAN,Late Correctness Decline; Standard augmentation gain,AUROC,Higher,-0.016023045191066048,0.0003308488580605945,-0.016338579630747363,-0.015566079101990815,3,0,rq2.tail_learnability.late_failure.real_plus_synthetic_gain_over_real.auroc
Analytic usefulness,EdNet,TimeGAN,Late Correctness Decline; Standard synthetic utility loss,AUPRC,Lower,0.16023104517830217,0.02940715702726779,0.13214945368396802,0.20083759879153779,3,0,rq2.tail_learnability.late_failure.synthetic_utility_gap.auprc
Analytic usefulness,EdNet,TimeGAN,Late Correctness Decline; Standard synthetic utility loss,AUROC,Lower,0.14506416440118097,0.008581778742800802,0.13797710612790226,0.1571400199122006,3,0,rq2.tail_learnability.late_failure.synthetic_utility_gap.auroc
Analytic usefulness,EdNet,TimeGAN,Late Correctness Decline; Targeted-vs-standard TSTR gain,AUPRC,Higher,-0.09911931578455034,0.021590793881744418,-0.12530472453191288,-0.07242562441667927,3,0,rq2.tail_learnability.late_failure.tail_targeted_tstr_gain.auprc
Analytic usefulness,EdNet,TimeGAN,Late Correctness Decline; Targeted-vs-standard TSTR gain,AUROC,Higher,-0.13846459394070706,0.0139293113030274,-0.15483799412951182,-0.12079251590138829,3,0,rq2.tail_learnability.late_failure.tail_targeted_tstr_gain.auroc
Analytic usefulness,EdNet,TimeGAN,Late Correctness Decline; Targeted augmentation gain,AUPRC,Higher,-0.033112300270973526,0.0035697039072597305,-0.03597400623156832,-0.0280797590442311,3,0,rq2.tail_learnability.late_failure.targeted_augmentation_gain_over_real.auprc
Analytic usefulness,EdNet,TimeGAN,Late Correctness Decline; Targeted augmentation gain,AUROC,Higher,-0.01510739347918418,0.0008912882180658335,-0.016303759072689883,-0.014165518877901073,3,0,rq2.tail_learnability.late_failure.targeted_augmentation_gain_over_real.auroc
Analytic usefulness,EdNet,TimeGAN,Persistent Low Correctness; Real + standard synthetic,AUPRC,Higher,0.11459284346624299,0.0014495716295363727,0.11258165269156452,0.11594227110137359,3,0,rq2.tail_learnability.persistent_failure.arms.real_plus_synthetic.auprc
Analytic usefulness,EdNet,TimeGAN,Persistent Low Correctness; Real + standard synthetic,AUROC,Higher,0.5398685616238791,0.0019807415830533264,0.5370843989769821,0.5415277283175239,3,0,rq2.tail_learnability.persistent_failure.arms.real_plus_synthetic.auroc
Analytic usefulness,EdNet,TimeGAN,Persistent Low Correctness; Real + targeted synthetic,AUPRC,Higher,0.11623064478818738,0.0031470994900342835,0.1119834316468939,0.11950630960370676,3,0,rq2.tail_learnability.persistent_failure.arms.real_plus_tail_targeted_synthetic.auprc
Analytic usefulness,EdNet,TimeGAN,Persistent Low Correctness; Real + targeted synthetic,AUROC,Higher,0.552159884316963,0.0046462792757622235,0.5459144031856,0.5570510537731879,3,0,rq2.tail_learnability.persistent_failure.arms.real_plus_tail_targeted_synthetic.auroc
Analytic usefulness,EdNet,TimeGAN,Persistent Low Correctness; Real only (TRTR),AUPRC,Higher,0.11320628493874692,1.3877787807814457e-17,0.11320628493874693,0.11320628493874693,3,0,rq2.tail_learnability.persistent_failure.arms.real_train.auprc
Analytic usefulness,EdNet,TimeGAN,Persistent Low Correctness; Real only (TRTR),AUROC,Higher,0.5416248502703228,0.0,0.5416248502703228,0.5416248502703228,3,0,rq2.tail_learnability.persistent_failure.arms.real_train.auroc
Analytic usefulness,EdNet,TimeGAN,Persistent Low Correctness; Standard synthetic only (TSTR),AUPRC,Higher,0.10476732545637985,0.013391588544331102,0.08967119970616122,0.12221903443336395,3,0,rq2.tail_learnability.persistent_failure.arms.synthetic_train.auprc
Analytic usefulness,EdNet,TimeGAN,Persistent Low Correctness; Standard synthetic only (TSTR),AUROC,Higher,0.5324279409066873,0.03549799029916555,0.48676713393117294,0.5733270743630419,3,0,rq2.tail_learnability.persistent_failure.arms.synthetic_train.auroc
Analytic usefulness,EdNet,TimeGAN,Persistent Low Correctness; Targeted synthetic only,AUPRC,Higher,0.0897600742717607,0.005277535563636317,0.08240697607116504,0.09454456406427393,3,0,rq2.tail_learnability.persistent_failure.arms.tail_targeted_synthetic.auprc
Analytic usefulness,EdNet,TimeGAN,Persistent Low Correctness; Targeted synthetic only,AUROC,Higher,0.4773597936698069,0.017162193470635786,0.4533976496487423,0.49268347955582903,3,0,rq2.tail_learnability.persistent_failure.arms.tail_targeted_synthetic.auroc
Analytic usefulness,EdNet,TimeGAN,Persistent Low Correctness; Standard augmentation gain,AUPRC,Higher,0.0013865585274960568,0.0014495716295363727,-0.0006246322471824134,0.002735986162626658,3,0,rq2.tail_learnability.persistent_failure.real_plus_synthetic_gain_over_real.auprc
Analytic usefulness,EdNet,TimeGAN,Persistent Low Correctness; Standard augmentation gain,AUROC,Higher,-0.0017562886464438006,0.0019807415830533264,-0.004540451293340686,-9.712195279887315e-05,3,0,rq2.tail_learnability.persistent_failure.real_plus_synthetic_gain_over_real.auroc
Analytic usefulness,EdNet,TimeGAN,Persistent Low Correctness; Standard synthetic utility loss,AUPRC,Lower,0.008438959482367081,0.013391588544331102,-0.009012749494617014,0.023535085232585712,3,0,rq2.tail_learnability.persistent_failure.synthetic_utility_gap.auprc
Analytic usefulness,EdNet,TimeGAN,Persistent Low Correctness; Standard synthetic utility loss,AUROC,Lower,0.00919690936363543,0.03549799029916554,-0.031702224092719056,0.054857716339149876,3,0,rq2.tail_learnability.persistent_failure.synthetic_utility_gap.auroc
Analytic usefulness,EdNet,TimeGAN,Persistent Low Correctness; Targeted-vs-standard TSTR gain,AUPRC,Higher,-0.015007251184619144,0.01805825697311337,-0.03981205836219891,0.0026574829736819294,3,0,rq2.tail_learnability.persistent_failure.tail_targeted_tstr_gain.auprc
Analytic usefulness,EdNet,TimeGAN,Persistent Low Correctness; Targeted-vs-standard TSTR gain,AUROC,Higher,-0.055068147236880416,0.049217041807308536,-0.11992942471429957,-0.0007688821263233669,3,0,rq2.tail_learnability.persistent_failure.tail_targeted_tstr_gain.auroc
Analytic usefulness,EdNet,TimeGAN,Persistent Low Correctness; Targeted augmentation gain,AUPRC,Higher,0.003024359849440448,0.0031470994900342835,-0.0012228532918530377,0.006300024664959825,3,0,rq2.tail_learnability.persistent_failure.targeted_augmentation_gain_over_real.auprc
Analytic usefulness,EdNet,TimeGAN,Persistent Low Correctness; Targeted augmentation gain,AUROC,Higher,0.010535034046640098,0.0046462792757622235,0.004289552915277217,0.015426203502865055,3,0,rq2.tail_learnability.persistent_failure.targeted_augmentation_gain_over_real.auroc
Analytic usefulness,EdNet,TimeGAN,Rapid Low-Accuracy Responding; Real + standard synthetic,AUPRC,Higher,0.30419400355124665,0.0015850910858070423,0.3026104038809394,0.3063598229236011,3,0,rq2.tail_learnability.rapid_guessing.arms.real_plus_synthetic.auprc
Analytic usefulness,EdNet,TimeGAN,Rapid Low-Accuracy Responding; Real + standard synthetic,AUROC,Higher,0.5570668514388175,0.002513869822637136,0.5542119030438205,0.5603290638939911,3,0,rq2.tail_learnability.rapid_guessing.arms.real_plus_synthetic.auroc
Analytic usefulness,EdNet,TimeGAN,Rapid Low-Accuracy Responding; Real + targeted synthetic,AUPRC,Higher,0.3052807975073498,0.0014086613522460917,0.3035443422715797,0.30699462113905746,3,0,rq2.tail_learnability.rapid_guessing.arms.real_plus_tail_targeted_synthetic.auprc
Analytic usefulness,EdNet,TimeGAN,Rapid Low-Accuracy Responding; Real + targeted synthetic,AUROC,Higher,0.5601554983381439,0.0016488865150342982,0.5578506297559696,0.5616144056678037,3,0,rq2.tail_learnability.rapid_guessing.arms.real_plus_tail_targeted_synthetic.auroc
Analytic usefulness,EdNet,TimeGAN,Rapid Low-Accuracy Responding; Real only (TRTR),AUPRC,Higher,0.3091806925453089,0.0,0.3091806925453089,0.3091806925453089,3,0,rq2.tail_learnability.rapid_guessing.arms.real_train.auprc
Analytic usefulness,EdNet,TimeGAN,Rapid Low-Accuracy Responding; Real only (TRTR),AUROC,Higher,0.5619014038310155,0.0,0.5619014038310155,0.5619014038310155,3,0,rq2.tail_learnability.rapid_guessing.arms.real_train.auroc
Analytic usefulness,EdNet,TimeGAN,Rapid Low-Accuracy Responding; Standard synthetic only (TSTR),AUPRC,Higher,0.2822864474551859,0.00589842148093502,0.27562704931831916,0.28996659205151126,3,0,rq2.tail_learnability.rapid_guessing.arms.synthetic_train.auprc
Analytic usefulness,EdNet,TimeGAN,Rapid Low-Accuracy Responding; Standard synthetic only (TSTR),AUROC,Higher,0.5351825581649611,0.010175913288565814,0.5271295263710312,0.5495379329572291,3,0,rq2.tail_learnability.rapid_guessing.arms.synthetic_train.auroc
Analytic usefulness,EdNet,TimeGAN,Rapid Low-Accuracy Responding; Targeted synthetic only,AUPRC,Higher,0.26267248843350005,0.004326135353581022,0.2565868193980915,0.2662599741605646,3,0,rq2.tail_learnability.rapid_guessing.arms.tail_targeted_synthetic.auprc
Analytic usefulness,EdNet,TimeGAN,Rapid Low-Accuracy Responding; Targeted synthetic only,AUROC,Higher,0.49042656127000783,0.009000867630869628,0.4785386873524009,0.5003115980057727,3,0,rq2.tail_learnability.rapid_guessing.arms.tail_targeted_synthetic.auroc
Analytic usefulness,EdNet,TimeGAN,Rapid Low-Accuracy Responding; Standard augmentation gain,AUPRC,Higher,-0.00498668899406222,0.0015850910858070425,-0.0065702886643694836,-0.0028208696217078,3,0,rq2.tail_learnability.rapid_guessing.real_plus_synthetic_gain_over_real.auprc
Analytic usefulness,EdNet,TimeGAN,Rapid Low-Accuracy Responding; Standard augmentation gain,AUROC,Higher,-0.0048345523921980256,0.002513869822637136,-0.007689500787194992,-0.0015723399370244362,3,0,rq2.tail_learnability.rapid_guessing.real_plus_synthetic_gain_over_real.auroc
Analytic usefulness,EdNet,TimeGAN,Rapid Low-Accuracy Responding; Standard synthetic utility loss,AUPRC,Lower,0.026894245090122965,0.00589842148093502,0.019214100493797626,0.03355364322698973,3,0,rq2.tail_learnability.rapid_guessing.synthetic_utility_gap.auprc
Analytic usefulness,EdNet,TimeGAN,Rapid Low-Accuracy Responding; Standard synthetic utility loss,AUROC,Lower,0.026718845666054425,0.010175913288565814,0.01236347087378642,0.034771877459984335,3,0,rq2.tail_learnability.rapid_guessing.synthetic_utility_gap.auroc
Analytic usefulness,EdNet,TimeGAN,Rapid Low-Accuracy Responding; Targeted-vs-standard TSTR gain,AUPRC,Higher,-0.01961395902168585,0.010114002184681945,-0.03337977265341974,-0.009367075157754534,3,0,rq2.tail_learnability.rapid_guessing.tail_targeted_tstr_gain.auprc
Analytic usefulness,EdNet,TimeGAN,Rapid Low-Accuracy Responding; Targeted-vs-standard TSTR gain,AUROC,Higher,-0.04475599689495322,0.01896890809763561,-0.07099924560482818,-0.026817928365258425,3,0,rq2.tail_learnability.rapid_guessing.tail_targeted_tstr_gain.auroc
Analytic usefulness,EdNet,TimeGAN,Rapid Low-Accuracy Responding; Targeted augmentation gain,AUPRC,Higher,-0.003899895037959067,0.0014086613522460917,-0.005636350273729163,-0.002186071406251433,3,0,rq2.tail_learnability.rapid_guessing.targeted_augmentation_gain_over_real.auprc
Analytic usefulness,EdNet,TimeGAN,Rapid Low-Accuracy Responding; Targeted augmentation gain,AUROC,Higher,-0.0017459054928715319,0.0016488865150342984,-0.004050774075045949,-0.0002869981632117602,3,0,rq2.tail_learnability.rapid_guessing.targeted_augmentation_gain_over_real.auroc
Analytic usefulness,EdNet,TimeGAN,Rare Skill Path; Real + standard synthetic,AUPRC,Higher,0.5320148927653233,0.004826855442350609,0.525496327025125,0.537028890914338,3,0,rq2.tail_learnability.rare_skill_path.arms.real_plus_synthetic.auprc
Analytic usefulness,EdNet,TimeGAN,Rare Skill Path; Real + standard synthetic,AUROC,Higher,0.5826437944810435,0.0028873024716445437,0.5785727041828718,0.5849521787443448,3,0,rq2.tail_learnability.rare_skill_path.arms.real_plus_synthetic.auroc
Analytic usefulness,EdNet,TimeGAN,Rare Skill Path; Real + targeted synthetic,AUPRC,Higher,0.53232818377263,0.0042730015512201696,0.527419125474152,0.537834544069181,3,0,rq2.tail_learnability.rare_skill_path.arms.real_plus_tail_targeted_synthetic.auprc
Analytic usefulness,EdNet,TimeGAN,Rare Skill Path; Real + targeted synthetic,AUROC,Higher,0.5867677990316692,0.005372028005929772,0.5805718707833956,0.593673108976903,3,0,rq2.tail_learnability.rare_skill_path.arms.real_plus_tail_targeted_synthetic.auroc
Analytic usefulness,EdNet,TimeGAN,Rare Skill Path; Real only (TRTR),AUPRC,Higher,0.5203203302398243,0.0,0.5203203302398243,0.5203203302398243,3,0,rq2.tail_learnability.rare_skill_path.arms.real_train.auprc
Analytic usefulness,EdNet,TimeGAN,Rare Skill Path; Real only (TRTR),AUROC,Higher,0.589233272481943,0.0,0.589233272481943,0.589233272481943,3,0,rq2.tail_learnability.rare_skill_path.arms.real_train.auroc
Analytic usefulness,EdNet,TimeGAN,Rare Skill Path; Standard synthetic only (TSTR),AUPRC,Higher,0.4560417533207605,0.017752521692797684,0.44080336940923703,0.480940175048235,3,0,rq2.tail_learnability.rare_skill_path.arms.synthetic_train.auprc
Analytic usefulness,EdNet,TimeGAN,Rare Skill Path; Standard synthetic only (TSTR),AUROC,Higher,0.47664166468238217,0.0214004782069141,0.45049210254782124,0.5029119374553537,3,0,rq2.tail_learnability.rare_skill_path.arms.synthetic_train.auroc
Analytic usefulness,EdNet,TimeGAN,Rare Skill Path; Targeted synthetic only,AUPRC,Higher,0.4758659239340028,0.010007636002664366,0.46180219718296645,0.48427178146775995,3,0,rq2.tail_learnability.rare_skill_path.arms.tail_targeted_synthetic.auprc
Analytic usefulness,EdNet,TimeGAN,Rare Skill Path; Targeted synthetic only,AUROC,Higher,0.5215427150302935,0.01424729508832596,0.5040925867132313,0.5389911897769664,3,0,rq2.tail_learnability.rare_skill_path.arms.tail_targeted_synthetic.auroc
Analytic usefulness,EdNet,TimeGAN,Rare Skill Path; Standard augmentation gain,AUPRC,Higher,0.011694562525499016,0.004826855442350609,0.005175996785300785,0.01670856067451376,3,0,rq2.tail_learnability.rare_skill_path.real_plus_synthetic_gain_over_real.auprc
Analytic usefulness,EdNet,TimeGAN,Rare Skill Path; Standard augmentation gain,AUROC,Higher,-0.006589478000899485,0.0028873024716445437,-0.01066056829907125,-0.004281093737598218,3,0,rq2.tail_learnability.rare_skill_path.real_plus_synthetic_gain_over_real.auroc
Analytic usefulness,EdNet,TimeGAN,Rare Skill Path; Standard synthetic utility loss,AUPRC,Lower,0.0642785769190638,0.017752521692797684,0.03938015519158927,0.07951696083058724,3,0,rq2.tail_learnability.rare_skill_path.synthetic_utility_gap.auprc
Analytic usefulness,EdNet,TimeGAN,Rare Skill Path; Standard synthetic utility loss,AUROC,Lower,0.11259160779956079,0.0214004782069141,0.08632133502658934,0.13874116993412178,3,0,rq2.tail_learnability.rare_skill_path.synthetic_utility_gap.auroc
Analytic usefulness,EdNet,TimeGAN,Rare Skill Path; Targeted-vs-standard TSTR gain,AUPRC,Higher,0.019824170613242303,0.015578302696848064,0.0033316064195249573,0.040720423742044876,3,0,rq2.tail_learnability.rare_skill_path.tail_targeted_tstr_gain.auprc
Analytic usefulness,EdNet,TimeGAN,Rare Skill Path; Targeted-vs-standard TSTR gain,AUROC,Higher,0.04490105034791122,0.03104372127494205,0.018632431145328976,0.08849908722914512,3,0,rq2.tail_learnability.rare_skill_path.tail_targeted_tstr_gain.auroc
Analytic usefulness,EdNet,TimeGAN,Rare Skill Path; Targeted augmentation gain,AUPRC,Higher,0.012007853532805793,0.0042730015512201696,0.0070987952343277705,0.017514213829356695,3,0,rq2.tail_learnability.rare_skill_path.targeted_augmentation_gain_over_real.auprc
Analytic usefulness,EdNet,TimeGAN,Rare Skill Path; Targeted augmentation gain,AUROC,Higher,-0.002465473450273814,0.005372028005929772,-0.008661401698547455,0.004439836494959937,3,0,rq2.tail_learnability.rare_skill_path.targeted_augmentation_gain_over_real.auroc
Analytic usefulness,EdNet,TimeGAN,Recovery; Real + standard synthetic,AUPRC,Higher,0.7074136867897883,0.0012205742776239489,0.7063822359710279,0.7091280715574328,3,0,rq2.tail_learnability.recovery.arms.real_plus_synthetic.auprc
Analytic usefulness,EdNet,TimeGAN,Recovery; Real + standard synthetic,AUROC,Higher,0.6890374604470756,0.0027974574033689244,0.6868735327140962,0.6929876492803919,3,0,rq2.tail_learnability.recovery.arms.real_plus_synthetic.auroc
Analytic usefulness,EdNet,TimeGAN,Recovery; Real + targeted synthetic,AUPRC,Higher,0.7145859314769863,0.0006835394237325668,0.7140094493215627,0.7155461773605245,3,0,rq2.tail_learnability.recovery.arms.real_plus_tail_targeted_synthetic.auprc
Analytic usefulness,EdNet,TimeGAN,Recovery; Real + targeted synthetic,AUROC,Higher,0.6963662345616005,0.00039967002363731067,0.6958303562314994,0.6967898336225375,3,0,rq2.tail_learnability.recovery.arms.real_plus_tail_targeted_synthetic.auroc
Analytic usefulness,EdNet,TimeGAN,Recovery; Real only (TRTR),AUPRC,Higher,0.7116954905779048,0.0,0.7116954905779048,0.7116954905779048,3,0,rq2.tail_learnability.recovery.arms.real_train.auprc
Analytic usefulness,EdNet,TimeGAN,Recovery; Real only (TRTR),AUROC,Higher,0.6912345616004898,0.0,0.6912345616004898,0.6912345616004898,3,0,rq2.tail_learnability.recovery.arms.real_train.auroc
Analytic usefulness,EdNet,TimeGAN,Recovery; Standard synthetic only (TSTR),AUPRC,Higher,0.5143393555156013,0.01592041538286554,0.5016002000538149,0.5367860871468215,3,0,rq2.tail_learnability.recovery.arms.synthetic_train.auprc
Analytic usefulness,EdNet,TimeGAN,Recovery; Standard synthetic only (TSTR),AUROC,Higher,0.43705726242727366,0.02328570524465746,0.4183729713177503,0.469883637848321,3,0,rq2.tail_learnability.recovery.arms.synthetic_train.auroc
Analytic usefulness,EdNet,TimeGAN,Recovery; Targeted synthetic only,AUPRC,Higher,0.5761915636554841,0.028222735983819938,0.5367979343260446,0.6014463200084237,3,0,rq2.tail_learnability.recovery.arms.tail_targeted_synthetic.auprc
Analytic usefulness,EdNet,TimeGAN,Recovery; Targeted synthetic only,AUROC,Higher,0.5582950563097546,0.04072046888918742,0.502572215984485,0.5987445136266204,3,0,rq2.tail_learnability.recovery.arms.tail_targeted_synthetic.auroc
Analytic usefulness,EdNet,TimeGAN,Recovery; Standard augmentation gain,AUPRC,Higher,-0.004281803788116527,0.0012205742776239489,-0.005313254606876927,-0.0025674190204719727,3,0,rq2.tail_learnability.recovery.real_plus_synthetic_gain_over_real.auprc
Analytic usefulness,EdNet,TimeGAN,Recovery; Standard augmentation gain,AUROC,Higher,-0.002197101153414168,0.002797457403368925,-0.004361028886393559,0.0017530876799021211,3,0,rq2.tail_learnability.recovery.real_plus_synthetic_gain_over_real.auroc
Analytic usefulness,EdNet,TimeGAN,Recovery; Standard synthetic utility loss,AUPRC,Lower,0.19735613506230354,0.01592041538286554,0.1749094034310833,0.21009529052408993,3,0,rq2.tail_learnability.recovery.synthetic_utility_gap.auprc
Analytic usefulness,EdNet,TimeGAN,Recovery; Standard synthetic utility loss,AUROC,Lower,0.25417729917321613,0.02328570524465746,0.2213509237521688,0.2728615902827395,3,0,rq2.tail_learnability.recovery.synthetic_utility_gap.auroc
Analytic usefulness,EdNet,TimeGAN,Recovery; Targeted-vs-standard TSTR gain,AUPRC,Higher,0.06185220813988279,0.023177396803680594,0.03216615497987718,0.08873023657816903,3,0,rq2.tail_learnability.recovery.tail_targeted_tstr_gain.auprc
Analytic usefulness,EdNet,TimeGAN,Recovery; Targeted-vs-standard TSTR gain,AUROC,Higher,0.12123779388248095,0.03130598600781406,0.07965703786873524,0.15519546800040818,3,0,rq2.tail_learnability.recovery.tail_targeted_tstr_gain.auroc
Analytic usefulness,EdNet,TimeGAN,Recovery; Targeted augmentation gain,AUPRC,Higher,0.0028904408990816366,0.0006835394237325668,0.002313958743657918,0.0038506867826196833,3,0,rq2.tail_learnability.recovery.targeted_augmentation_gain_over_real.auprc
Analytic usefulness,EdNet,TimeGAN,Recovery; Targeted augmentation gain,AUROC,Higher,0.005131672961110685,0.00039967002363731067,0.004595794631009564,0.0055552720220477525,3,0,rq2.tail_learnability.recovery.targeted_augmentation_gain_over_real.auroc
Analytic usefulness,EdNet,TimeGAN,Late Correctness Decline,Rare-group prevalence-error reduction,Higher,0.0,0.0,0.0,0.0,3,0,rq2.tail_targeting_fidelity_gain.late_failure.prevalence_error_reduction
Analytic usefulness,EdNet,TimeGAN,Persistent Low Correctness,Rare-group prevalence-error reduction,Higher,0.0,0.0,0.0,0.0,3,0,rq2.tail_targeting_fidelity_gain.persistent_failure.prevalence_error_reduction
Analytic usefulness,EdNet,TimeGAN,Rapid Low-Accuracy Responding,Rare-group prevalence-error reduction,Higher,0.0,0.0,0.0,0.0,3,0,rq2.tail_targeting_fidelity_gain.rapid_guessing.prevalence_error_reduction
Analytic usefulness,EdNet,TimeGAN,Rare Skill Path,Rare-group prevalence-error reduction,Higher,-0.017222727076031008,0.006954203908724702,-0.025444631961573427,-0.008438270803583059,3,0,rq2.tail_targeting_fidelity_gain.rare_skill_path.prevalence_error_reduction
Analytic usefulness,EdNet,TimeGAN,Rare Skill Path,Rare-group trajectory-shape-error reduction,Higher,-0.00036412601957995044,9.448496297763376e-05,-0.0004657770513422088,-0.00023819116240508809,3,0,rq2.tail_targeting_fidelity_gain.rare_skill_path.primary_signal_curve_mae_reduction
Analytic usefulness,EdNet,TimeGAN,Recovery,Rare-group prevalence-error reduction,Higher,0.0,0.0,0.0,0.0,3,0,rq2.tail_targeting_fidelity_gain.recovery.prevalence_error_reduction
Population composition,OULAD,Markov,All eligible learners/events,Average feature-distribution divergence,Lower,0.01743904476960009,0.0003389922644440387,0.017011911644392162,0.017841136139701442,3,0,rq1.average_fidelity.modeled_value_marginal_js_mean
Population composition,OULAD,Markov,All eligible learners/events,Behavior-rate error,Lower,0.1644314858505535,0.0038035561341996696,0.15943266046015547,0.1686511797542315,3,0,rq1.average_fidelity.primary_signal_rate_error
Population composition,OULAD,Markov,All eligible learners/events,Event-type frequency divergence,Lower,0.0202999532312899,0.0008877260745139676,0.01923088480332442,0.02140449261832244,3,0,rq1.average_fidelity.skill_frequency_js
Learning process,OULAD,Markov,All eligible learners/events,Feature-dependence error,Lower,0.08420523696554327,0.0018133405811194823,0.0823783220260735,0.08667724903735623,3,0,rq1.cross_signal_dependence.prespecified_signal_nmi_mae
Learner-pathway representation,OULAD,Markov,All eligible learners/events,Subgroup behavior error,Lower,0.06453824609047044,0.005423598178114277,0.059055598713915636,0.07192484254842825,3,0,rq1.subgroup_fidelity.future_primary_signal_rate_mae
Learner-pathway representation,OULAD,Markov,All eligible learners/events,Subgroup-size error,Lower,0.09166666666666666,0.0017373884190124388,0.0893333333333333,0.09349999999999999,3,0,rq1.subgroup_fidelity.learner_share_mae
Learner-pathway representation,OULAD,Markov,Late Disengagement,Rare-group prevalence error,Lower,0.025634141352153004,0.001397851457358761,0.023665234734581153,0.02677201595581466,3,0,rq1.tail_fidelity.late_disengagement.prevalence_error
Learner-pathway representation,OULAD,Markov,Late Disengagement,Rare-group trajectory-shape error,Lower,0.03632961098568186,0.004351010861015091,0.030310696878958578,0.04044651916704984,3,0,rq1.tail_fidelity.late_disengagement.primary_signal_curve_mae
Learner-pathway representation,OULAD,Markov,Rare Activity Path,Rare-group prevalence error,Lower,0.027321775595786028,0.0006697249081368927,0.02642681804234428,0.02803774163853943,3,0,rq1.tail_fidelity.rare_activity_path.prevalence_error
Learner-pathway representation,OULAD,Markov,Rare Activity Path,Rare-group trajectory-shape error,Lower,0.07901128982578644,0.00573725055068065,0.07089800656534202,0.08313893760906921,3,0,rq1.tail_fidelity.rare_activity_path.primary_signal_curve_mae
Learner-pathway representation,OULAD,Markov,Reengagement,Rare-group prevalence error,Lower,0.03207783573693362,0.0009062107572194635,0.030799324946302543,0.03279380177968702,3,0,rq1.tail_fidelity.reengagement.prevalence_error
Learner-pathway representation,OULAD,Markov,Reengagement,Rare-group trajectory-shape error,Lower,0.09932040208812844,0.005287496638115913,0.0935118799236245,0.106302926740269,3,0,rq1.tail_fidelity.reengagement.primary_signal_curve_mae
Learning process,OULAD,Markov,All eligible learners/events,Behavior-persistence error,Lower,0.02691708328594265,0.0016830472277896604,0.024867244337917704,0.02898966309223161,3,0,rq1.temporal_fidelity.correctness_autocorrelation_mae
Learning process,OULAD,Markov,All eligible learners/events,Trajectory-shape error,Lower,0.10433518518518516,0.003316257445234409,0.0996861111111111,0.10719444444444441,3,0,rq1.temporal_fidelity.correctness_curve_mae
Learning process,OULAD,Markov,All eligible learners/events,Behavior-transition divergence,Lower,0.028223979894148373,0.0012467363626465378,0.026585941408842143,0.029607932564215227,3,0,rq1.temporal_fidelity.correctness_transition_js
Learning process,OULAD,Markov,All eligible learners/events,Response/inactivity-gap distribution divergence,Lower,0.02936099140576506,0.0009203888418042798,0.028073038353685725,0.030167928454344326,3,0,rq1.temporal_fidelity.inter_event_time_js
Learning process,OULAD,Markov,All eligible learners/events,Three-event sequence divergence,Lower,0.041985900517847695,0.001351080753708173,0.04032707920494283,0.04363650706655142,3,0,rq1.temporal_fidelity.skill_trigram_js
Analytic usefulness,OULAD,Markov,Real + standard synthetic,AUPRC,Higher,0.9179362521096414,0.00014255317452420026,0.9177608120614851,0.9181099820370887,3,0,rq2.downstream_utility.arms.real_plus_synthetic.auprc
Analytic usefulness,OULAD,Markov,Real + standard synthetic,AUROC,Higher,0.8801936338362798,0.00013107394847272738,0.8800419389287606,0.8803617421226115,3,0,rq2.downstream_utility.arms.real_plus_synthetic.auroc
Analytic usefulness,OULAD,Markov,Real + targeted synthetic,AUPRC,Higher,0.918143666135823,0.00011746330403322016,0.9179789947615381,0.9182449476816146,3,0,rq2.downstream_utility.arms.real_plus_tail_targeted_synthetic.auprc
Analytic usefulness,OULAD,Markov,Real + targeted synthetic,AUROC,Higher,0.8804630148528152,0.00016586112327405175,0.8802369225210267,0.8806301587215296,3,0,rq2.downstream_utility.arms.real_plus_tail_targeted_synthetic.auroc
Analytic usefulness,OULAD,Markov,Real only (TRTR),AUPRC,Higher,0.9224941999311086,0.0,0.9224941999311086,0.9224941999311086,3,0,rq2.downstream_utility.arms.real_train.auprc
Analytic usefulness,OULAD,Markov,Real only (TRTR),AUROC,Higher,0.8872309042758486,0.0,0.8872309042758486,0.8872309042758486,3,0,rq2.downstream_utility.arms.real_train.auroc
Analytic usefulness,OULAD,Markov,Standard synthetic only (TSTR),AUPRC,Higher,0.8990763042823122,0.0005813082451166863,0.8983195734257817,0.8997328741710772,3,0,rq2.downstream_utility.arms.synthetic_train.auprc
Analytic usefulness,OULAD,Markov,Standard synthetic only (TSTR),AUROC,Higher,0.8571803749929722,0.00039128357321370797,0.856693463992085,0.8576515199967127,3,0,rq2.downstream_utility.arms.synthetic_train.auroc
Analytic usefulness,OULAD,Markov,Targeted synthetic only,AUPRC,Higher,0.9009149414540655,0.00028566858667609604,0.900636040200915,0.9013075133566402,3,0,rq2.downstream_utility.arms.tail_targeted_synthetic.auprc
Analytic usefulness,OULAD,Markov,Targeted synthetic only,AUROC,Higher,0.8589007195600157,0.0001893450062609283,0.85871264295668,0.8591598266066118,3,0,rq2.downstream_utility.arms.tail_targeted_synthetic.auroc
Analytic usefulness,OULAD,Markov,Standard augmentation gain,AUPRC,Higher,-0.0045579478214671605,0.00014255317452420026,-0.004733387869623518,-0.004384217894019882,3,0,rq2.downstream_utility.real_plus_synthetic_gain_over_real.auprc
Analytic usefulness,OULAD,Markov,Standard augmentation gain,AUROC,Higher,-0.007037270439568773,0.00013107394847272738,-0.007188965347088017,-0.006869162153237074,3,0,rq2.downstream_utility.real_plus_synthetic_gain_over_real.auroc
Analytic usefulness,OULAD,Markov,Standard synthetic utility loss,AUPRC,Lower,0.023417895648796372,0.0005813082451166863,0.022761325760031426,0.02417462650532687,3,0,rq2.downstream_utility.synthetic_utility_gap.auprc
Analytic usefulness,OULAD,Markov,Standard synthetic utility loss,AUROC,Lower,0.030050529282876437,0.00039128357321370797,0.029579384279135867,0.030537440283763595,3,0,rq2.downstream_utility.synthetic_utility_gap.auroc
Analytic usefulness,OULAD,Markov,Targeted-vs-standard TSTR gain,AUPRC,Higher,0.0018386371717532175,0.0008644318075964365,0.0009031660298378652,0.002987939930858441,3,0,rq2.downstream_utility.tail_targeted_tstr_gain.auprc
Analytic usefulness,OULAD,Markov,Targeted-vs-standard TSTR gain,AUROC,Higher,0.001720344567043471,0.0005452977621670293,0.0011781691200423161,0.002466362614526818,3,0,rq2.downstream_utility.tail_targeted_tstr_gain.auroc
Analytic usefulness,OULAD,Markov,Targeted augmentation gain,AUPRC,Higher,-0.004350533795285642,0.00011746330403322016,-0.004515205169570491,-0.004249252249494018,3,0,rq2.downstream_utility.targeted_augmentation_gain_over_real.auprc
Analytic usefulness,OULAD,Markov,Targeted augmentation gain,AUROC,Higher,-0.006767889423033376,0.00016586112327405175,-0.00699398175482191,-0.0066007455543189986,3,0,rq2.downstream_utility.targeted_augmentation_gain_over_real.auroc
Analytic usefulness,OULAD,Markov,Course Failure Prediction; Real + standard synthetic,AUPRC,Higher,0.544995635417678,0.002666381020825742,0.5413218300619228,0.5475685729305655,3,0,rq2.learner_level_outcome_tasks.course_failure_prediction.arms.real_plus_synthetic.auprc
Analytic usefulness,OULAD,Markov,Course Failure Prediction; Real + standard synthetic,AUROC,Higher,0.7000358889976667,0.0016436783761834385,0.6977219870477871,0.7013849629313,3,0,rq2.learner_level_outcome_tasks.course_failure_prediction.arms.real_plus_synthetic.auroc
Analytic usefulness,OULAD,Markov,Course Failure Prediction; Real only (TRTR),AUPRC,Higher,0.5466603162464431,0.0,0.5466603162464431,0.5466603162464431,3,0,rq2.learner_level_outcome_tasks.course_failure_prediction.arms.real_train.auprc
Analytic usefulness,OULAD,Markov,Course Failure Prediction; Real only (TRTR),AUROC,Higher,0.703420179345403,0.0,0.703420179345403,0.703420179345403,3,0,rq2.learner_level_outcome_tasks.course_failure_prediction.arms.real_train.auroc
Analytic usefulness,OULAD,Markov,Course Failure Prediction; Standard synthetic only (TSTR),AUPRC,Higher,0.5260686680678429,0.004385434746469511,0.5221007025932674,0.5321805430478794,3,0,rq2.learner_level_outcome_tasks.course_failure_prediction.arms.synthetic_train.auprc
Analytic usefulness,OULAD,Markov,Course Failure Prediction; Standard synthetic only (TSTR),AUROC,Higher,0.6825969002936999,0.0028407028848045444,0.6803602535287656,0.6866052838409884,3,0,rq2.learner_level_outcome_tasks.course_failure_prediction.arms.synthetic_train.auroc
Analytic usefulness,OULAD,Markov,Course Failure Prediction; Targeted synthetic only,AUPRC,Higher,0.5233942970155688,0.003976845145626421,0.517968047435075,0.5273879715260849,3,0,rq2.learner_level_outcome_tasks.course_failure_prediction.arms.tail_targeted_synthetic.auprc
Analytic usefulness,OULAD,Markov,Course Failure Prediction; Targeted synthetic only,AUROC,Higher,0.6815190813029431,0.004324286097760761,0.6757820507517156,0.6862217273600559,3,0,rq2.learner_level_outcome_tasks.course_failure_prediction.arms.tail_targeted_synthetic.auroc
Analytic usefulness,OULAD,Markov,Course Failure Prediction; Standard augmentation gain,AUPRC,Higher,-0.0016646808287651045,0.002666381020825742,-0.005338486184520264,0.0009082566841224216,3,0,rq2.learner_level_outcome_tasks.course_failure_prediction.real_plus_synthetic_gain_over_real.auprc
Analytic usefulness,OULAD,Markov,Course Failure Prediction; Standard augmentation gain,AUROC,Higher,-0.0033842903477363517,0.0016436783761834385,-0.005698192297615923,-0.0020352164141029805,3,0,rq2.learner_level_outcome_tasks.course_failure_prediction.real_plus_synthetic_gain_over_real.auroc
Analytic usefulness,OULAD,Markov,Course Failure Prediction; Standard synthetic utility loss,AUPRC,Lower,0.02059164817860019,0.004385434746469511,0.014479773198563639,0.024559613653175716,3,0,rq2.learner_level_outcome_tasks.course_failure_prediction.synthetic_utility_gap.auprc
Analytic usefulness,OULAD,Markov,Course Failure Prediction; Standard synthetic utility loss,AUROC,Lower,0.020823279051703076,0.0028407028848045444,0.016814895504414618,0.023059925816637405,3,0,rq2.learner_level_outcome_tasks.course_failure_prediction.synthetic_utility_gap.auroc
Analytic usefulness,OULAD,Markov,Dropout Prediction; Real + standard synthetic,AUPRC,Higher,0.29632980245221346,0.0009705887875574162,0.29502835105858743,0.2973583271621537,3,0,rq2.learner_level_outcome_tasks.dropout_prediction.arms.real_plus_synthetic.auprc
Analytic usefulness,OULAD,Markov,Dropout Prediction; Real + standard synthetic,AUROC,Higher,0.6443959907541311,0.0008890098877882974,0.6437265391580858,0.6456523367512013,3,0,rq2.learner_level_outcome_tasks.dropout_prediction.arms.real_plus_synthetic.auroc
Analytic usefulness,OULAD,Markov,Dropout Prediction; Real only (TRTR),AUPRC,Higher,0.30744749558306883,0.0,0.30744749558306883,0.30744749558306883,3,0,rq2.learner_level_outcome_tasks.dropout_prediction.arms.real_train.auprc
Analytic usefulness,OULAD,Markov,Dropout Prediction; Real only (TRTR),AUROC,Higher,0.6525633807694895,0.0,0.6525633807694895,0.6525633807694895,3,0,rq2.learner_level_outcome_tasks.dropout_prediction.arms.real_train.auroc
Analytic usefulness,OULAD,Markov,Dropout Prediction; Standard synthetic only (TSTR),AUPRC,Higher,0.2753169020403113,0.0018618868420719565,0.27283393779684395,0.27731739690453877,3,0,rq2.learner_level_outcome_tasks.dropout_prediction.arms.synthetic_train.auprc
Analytic usefulness,OULAD,Markov,Dropout Prediction; Standard synthetic only (TSTR),AUROC,Higher,0.6155665148553954,0.0013430263980366123,0.6136716929903303,0.6166271398925629,3,0,rq2.learner_level_outcome_tasks.dropout_prediction.arms.synthetic_train.auroc
Analytic usefulness,OULAD,Markov,Dropout Prediction; Targeted synthetic only,AUPRC,Higher,0.2812545427402533,0.0017689898334881421,0.2790411212446347,0.28337098687293544,3,0,rq2.learner_level_outcome_tasks.dropout_prediction.arms.tail_targeted_synthetic.auprc
Analytic usefulness,OULAD,Markov,Dropout Prediction; Targeted synthetic only,AUROC,Higher,0.6224941709921938,0.0006235830285989338,0.6216679614051154,0.6231743281757236,3,0,rq2.learner_level_outcome_tasks.dropout_prediction.arms.tail_targeted_synthetic.auroc
Analytic usefulness,OULAD,Markov,Dropout Prediction; Standard augmentation gain,AUPRC,Higher,-0.011117693130855366,0.0009705887875574162,-0.012419144524481396,-0.010089168420915118,3,0,rq2.learner_level_outcome_tasks.dropout_prediction.real_plus_synthetic_gain_over_real.auprc
Analytic usefulness,OULAD,Markov,Dropout Prediction; Standard augmentation gain,AUROC,Higher,-0.008167390015358378,0.0008890098877882974,-0.008836841611403745,-0.006911044018288237,3,0,rq2.learner_level_outcome_tasks.dropout_prediction.real_plus_synthetic_gain_over_real.auroc
Analytic usefulness,OULAD,Markov,Dropout Prediction; Standard synthetic utility loss,AUPRC,Lower,0.03213059354275751,0.0018618868420719565,0.03013009867853006,0.03461355778622488,3,0,rq2.learner_level_outcome_tasks.dropout_prediction.synthetic_utility_gap.auprc
Analytic usefulness,OULAD,Markov,Dropout Prediction; Standard synthetic utility loss,AUROC,Lower,0.036996865914094124,0.0013430263980366123,0.035936240876926595,0.03889168777915919,3,0,rq2.learner_level_outcome_tasks.dropout_prediction.synthetic_utility_gap.auroc
Disclosure risk,OULAD,Markov,Standard synthetic,Behavior-projection exact-duplicate rate,Lower,0.028999999999999998,0.0009354143466934847,0.028,0.03025,3,0,rq2.privacy_risk.standard.behavior_projection_exact_duplicate_rate
Disclosure risk,OULAD,Markov,Targeted synthetic,Behavior-projection exact-duplicate rate,Lower,0.0315,0.0005400617248673222,0.031,0.03225,3,0,rq2.privacy_risk.tail_targeted.behavior_projection_exact_duplicate_rate
Disclosure risk,OULAD,Markov,Targeted-minus-standard risk,Behavior-projection exact-copy risk change,Lower,0.0025,0.0010801234497346426,0.0010000000000000009,0.0034999999999999996,3,0,rq2.privacy_risk.tail_targeted_minus_standard_risk.behavior_projection_exact_duplicate_rate_risk_delta
Analytic usefulness,OULAD,Markov,Late Disengagement; Real + standard synthetic,AUPRC,Higher,0.8200021493819856,9.843599648529433e-05,0.819873107225273,0.8201118983217693,3,0,rq2.tail_learnability.late_disengagement.arms.real_plus_synthetic.auprc
Analytic usefulness,OULAD,Markov,Late Disengagement; Real + standard synthetic,AUROC,Higher,0.8476682006685169,7.617478867749811e-05,0.8475606178967559,0.8477268250721154,3,0,rq2.tail_learnability.late_disengagement.arms.real_plus_synthetic.auroc
Analytic usefulness,OULAD,Markov,Late Disengagement; Real + targeted synthetic,AUPRC,Higher,0.8188856822211171,0.00014135598356551177,0.8186858080120123,0.8189887810555263,3,0,rq2.tail_learnability.late_disengagement.arms.real_plus_tail_targeted_synthetic.auprc
Analytic usefulness,OULAD,Markov,Late Disengagement; Real + targeted synthetic,AUROC,Higher,0.8467303976550239,0.00019316126385455904,0.8464649211063051,0.8469188904120831,3,0,rq2.tail_learnability.late_disengagement.arms.real_plus_tail_targeted_synthetic.auroc
Analytic usefulness,OULAD,Markov,Late Disengagement; Real only (TRTR),AUPRC,Higher,0.8293522492154916,0.0,0.8293522492154916,0.8293522492154916,3,0,rq2.tail_learnability.late_disengagement.arms.real_train.auprc
Analytic usefulness,OULAD,Markov,Late Disengagement; Real only (TRTR),AUROC,Higher,0.8542467331535897,0.0,0.8542467331535897,0.8542467331535897,3,0,rq2.tail_learnability.late_disengagement.arms.real_train.auroc
Analytic usefulness,OULAD,Markov,Late Disengagement; Standard synthetic only (TSTR),AUPRC,Higher,0.7986194332743469,0.0007659708594541482,0.7975647885899604,0.7993609062144165,3,0,rq2.tail_learnability.late_disengagement.arms.synthetic_train.auprc
Analytic usefulness,OULAD,Markov,Late Disengagement; Standard synthetic only (TSTR),AUROC,Higher,0.8322016168825314,0.00017344471123412411,0.8320149732360245,0.8324327708997621,3,0,rq2.tail_learnability.late_disengagement.arms.synthetic_train.auroc
Analytic usefulness,OULAD,Markov,Late Disengagement; Targeted synthetic only,AUPRC,Higher,0.8004091397798255,0.0008967284384102159,0.7993656888594021,0.801555037068047,3,0,rq2.tail_learnability.late_disengagement.arms.tail_targeted_synthetic.auprc
Analytic usefulness,OULAD,Markov,Late Disengagement; Targeted synthetic only,AUROC,Higher,0.8318556761614694,0.0005559136495484924,0.8311443005346716,0.8325012234525985,3,0,rq2.tail_learnability.late_disengagement.arms.tail_targeted_synthetic.auroc
Analytic usefulness,OULAD,Markov,Late Disengagement; Standard augmentation gain,AUPRC,Higher,-0.009350099833506062,9.843599648529433e-05,-0.009479141990218598,-0.009240350893722216,3,0,rq2.tail_learnability.late_disengagement.real_plus_synthetic_gain_over_real.auprc
Analytic usefulness,OULAD,Markov,Late Disengagement; Standard augmentation gain,AUROC,Higher,-0.006578532485072859,7.617478867749811e-05,-0.0066861152568338245,-0.0065199080814742905,3,0,rq2.tail_learnability.late_disengagement.real_plus_synthetic_gain_over_real.auroc
Analytic usefulness,OULAD,Markov,Late Disengagement; Standard synthetic utility loss,AUPRC,Lower,0.030732815941144593,0.0007659708594541482,0.029991343001075088,0.03178746062553117,3,0,rq2.tail_learnability.late_disengagement.synthetic_utility_gap.auprc
Analytic usefulness,OULAD,Markov,Late Disengagement; Standard synthetic utility loss,AUROC,Lower,0.022045116271058318,0.00017344471123412411,0.02181396225382759,0.022231759917565208,3,0,rq2.tail_learnability.late_disengagement.synthetic_utility_gap.auroc
Analytic usefulness,OULAD,Markov,Late Disengagement; Targeted-vs-standard TSTR gain,AUPRC,Higher,0.0017897065054785315,0.0016533880948005869,4.782644985601436e-06,0.0039902484780866,3,0,rq2.tail_learnability.late_disengagement.tail_targeted_tstr_gain.auprc
Analytic usefulness,OULAD,Markov,Late Disengagement; Targeted-vs-standard TSTR gain,AUROC,Higher,-0.00034594072106197693,0.0007287154260945223,-0.0012884703650904994,0.00048625021657400236,3,0,rq2.tail_learnability.late_disengagement.tail_targeted_tstr_gain.auroc
Analytic usefulness,OULAD,Markov,Late Disengagement; Targeted augmentation gain,AUPRC,Higher,-0.01046656699437439,0.00014135598356551177,-0.01066644120347926,-0.01036346815996525,3,0,rq2.tail_learnability.late_disengagement.targeted_augmentation_gain_over_real.auprc
Analytic usefulness,OULAD,Markov,Late Disengagement; Targeted augmentation gain,AUROC,Higher,-0.007516335498565859,0.00019316126385455904,-0.007781812047284564,-0.007327842741506552,3,0,rq2.tail_learnability.late_disengagement.targeted_augmentation_gain_over_real.auroc
Analytic usefulness,OULAD,Markov,Rare Activity Path; Real + standard synthetic,AUPRC,Higher,0.953355446262328,0.00019612361415252135,0.9530917317857519,0.9535617193200062,3,0,rq2.tail_learnability.rare_activity_path.arms.real_plus_synthetic.auprc
Analytic usefulness,OULAD,Markov,Rare Activity Path; Real + standard synthetic,AUROC,Higher,0.7968471629471677,0.0007444895196827558,0.7959282871188551,0.7977517383417537,3,0,rq2.tail_learnability.rare_activity_path.arms.real_plus_synthetic.auroc
Analytic usefulness,OULAD,Markov,Rare Activity Path; Real + targeted synthetic,AUPRC,Higher,0.9524465833654135,9.575440114009433e-05,0.9523298144926271,0.9525643574538321,3,0,rq2.tail_learnability.rare_activity_path.arms.real_plus_tail_targeted_synthetic.auprc
Analytic usefulness,OULAD,Markov,Rare Activity Path; Real + targeted synthetic,AUROC,Higher,0.7917863902383099,0.0007044766788217131,0.7910109078747088,0.792715796828193,3,0,rq2.tail_learnability.rare_activity_path.arms.real_plus_tail_targeted_synthetic.auroc
Analytic usefulness,OULAD,Markov,Rare Activity Path; Real only (TRTR),AUPRC,Higher,0.9561884703092661,0.0,0.9561884703092661,0.9561884703092661,3,0,rq2.tail_learnability.rare_activity_path.arms.real_train.auprc
Analytic usefulness,OULAD,Markov,Rare Activity Path; Real only (TRTR),AUROC,Higher,0.8096987292605405,1.1102230246251565e-16,0.8096987292605407,0.8096987292605407,3,0,rq2.tail_learnability.rare_activity_path.arms.real_train.auroc
Analytic usefulness,OULAD,Markov,Rare Activity Path; Standard synthetic only (TSTR),AUPRC,Higher,0.9348631539689296,0.0014225060027724834,0.933472381769928,0.9368173488345855,3,0,rq2.tail_learnability.rare_activity_path.arms.synthetic_train.auprc
Analytic usefulness,OULAD,Markov,Rare Activity Path; Standard synthetic only (TSTR),AUROC,Higher,0.7281472226733668,0.0043903704780687775,0.7235251182011105,0.7340485593115595,3,0,rq2.tail_learnability.rare_activity_path.arms.synthetic_train.auroc
Analytic usefulness,OULAD,Markov,Rare Activity Path; Targeted synthetic only,AUPRC,Higher,0.9350332058992971,0.0007553692769656379,0.9342183970580539,0.9360388903806338,3,0,rq2.tail_learnability.rare_activity_path.arms.tail_targeted_synthetic.auprc
Analytic usefulness,OULAD,Markov,Rare Activity Path; Targeted synthetic only,AUROC,Higher,0.7279414715350597,0.0015363865595618086,0.7265336813883794,0.7300786567631785,3,0,rq2.tail_learnability.rare_activity_path.arms.tail_targeted_synthetic.auroc
Analytic usefulness,OULAD,Markov,Rare Activity Path; Standard augmentation gain,AUPRC,Higher,-0.002833024046938082,0.00019612361415252135,-0.0030967385235142197,-0.0026267509892599072,3,0,rq2.tail_learnability.rare_activity_path.real_plus_synthetic_gain_over_real.auprc
Analytic usefulness,OULAD,Markov,Rare Activity Path; Standard augmentation gain,AUROC,Higher,-0.01285156631337303,0.0007444895196827558,-0.013770442141685546,-0.011946990918786926,3,0,rq2.tail_learnability.rare_activity_path.real_plus_synthetic_gain_over_real.auroc
Analytic usefulness,OULAD,Markov,Rare Activity Path; Standard synthetic utility loss,AUPRC,Lower,0.02132531634033652,0.0014225060027724834,0.019371121474680675,0.022716088539338153,3,0,rq2.tail_learnability.rare_activity_path.synthetic_utility_gap.auprc
Analytic usefulness,OULAD,Markov,Rare Activity Path; Standard synthetic utility loss,AUROC,Lower,0.0815515065871738,0.0043903704780687775,0.0756501699489811,0.08617361105943011,3,0,rq2.tail_learnability.rare_activity_path.synthetic_utility_gap.auroc
Analytic usefulness,OULAD,Markov,Rare Activity Path; Targeted-vs-standard TSTR gain,AUPRC,Higher,0.00017005193036745414,0.001963774471332892,-0.0025989517765315773,0.001739159078358421,3,0,rq2.tail_learnability.rare_activity_path.tail_targeted_tstr_gain.auprc
Analytic usefulness,OULAD,Markov,Rare Activity Path; Targeted-vs-standard TSTR gain,AUROC,Higher,-0.0002057511383072308,0.005171989577493706,-0.007514877923180174,0.0036869582525104194,3,0,rq2.tail_learnability.rare_activity_path.tail_targeted_tstr_gain.auroc
Analytic usefulness,OULAD,Markov,Rare Activity Path; Targeted augmentation gain,AUPRC,Higher,-0.0037418869438525424,9.575440114009433e-05,-0.003858655816639023,-0.0036241128554340696,3,0,rq2.tail_learnability.rare_activity_path.targeted_augmentation_gain_over_real.auprc
Analytic usefulness,OULAD,Markov,Rare Activity Path; Targeted augmentation gain,AUROC,Higher,-0.017912339022230734,0.0007044766788217131,-0.018687821385831804,-0.01698293243234761,3,0,rq2.tail_learnability.rare_activity_path.targeted_augmentation_gain_over_real.auroc
Analytic usefulness,OULAD,Markov,Reengagement; Real + standard synthetic,AUPRC,Higher,0.7599011295383212,0.0020821885673750775,0.7572650277920341,0.762355617621599,3,0,rq2.tail_learnability.reengagement.arms.real_plus_synthetic.auprc
Analytic usefulness,OULAD,Markov,Reengagement; Real + standard synthetic,AUROC,Higher,0.746186680057749,0.0016564508272323003,0.74468018329044,0.7484935032326908,3,0,rq2.tail_learnability.reengagement.arms.real_plus_synthetic.auroc
Analytic usefulness,OULAD,Markov,Reengagement; Real + targeted synthetic,AUPRC,Higher,0.766939914125253,0.0009236953744397302,0.7657441125773554,0.767993186956619,3,0,rq2.tail_learnability.reengagement.arms.real_plus_tail_targeted_synthetic.auprc
Analytic usefulness,OULAD,Markov,Reengagement; Real + targeted synthetic,AUROC,Higher,0.7488858200991778,0.00038203418150165014,0.7483836545100747,0.7493095223149833,3,0,rq2.tail_learnability.reengagement.arms.real_plus_tail_targeted_synthetic.auroc
Analytic usefulness,OULAD,Markov,Reengagement; Real only (TRTR),AUPRC,Higher,0.70595227186651,0.0,0.70595227186651,0.70595227186651,3,0,rq2.tail_learnability.reengagement.arms.real_train.auprc
Analytic usefulness,OULAD,Markov,Reengagement; Real only (TRTR),AUROC,Higher,0.7062488230494005,0.0,0.7062488230494005,0.7062488230494005,3,0,rq2.tail_learnability.reengagement.arms.real_train.auroc
Analytic usefulness,OULAD,Markov,Reengagement; Standard synthetic only (TSTR),AUPRC,Higher,0.7502532046226994,0.0034082133880146068,0.745746504286524,0.7539867969356068,3,0,rq2.tail_learnability.reengagement.arms.synthetic_train.auprc
Analytic usefulness,OULAD,Markov,Reengagement; Standard synthetic only (TSTR),AUROC,Higher,0.7458989810223254,0.00254848048696879,0.7422948967422007,0.7477088694997176,3,0,rq2.tail_learnability.reengagement.arms.synthetic_train.auroc
Analytic usefulness,OULAD,Markov,Reengagement; Targeted synthetic only,AUPRC,Higher,0.7552547963425168,0.0014816561936182783,0.7531735300881476,0.7565056809808702,3,0,rq2.tail_learnability.reengagement.arms.tail_targeted_synthetic.auprc
Analytic usefulness,OULAD,Markov,Reengagement; Targeted synthetic only,AUROC,Higher,0.7462912978888121,0.0013871432830733319,0.7446644906157805,0.7480541083422256,3,0,rq2.tail_learnability.reengagement.arms.tail_targeted_synthetic.auroc
Analytic usefulness,OULAD,Markov,Reengagement; Standard augmentation gain,AUPRC,Higher,0.053948857671811346,0.0020821885673750775,0.05131275592552409,0.056403345755088985,3,0,rq2.tail_learnability.reengagement.real_plus_synthetic_gain_over_real.auprc
Analytic usefulness,OULAD,Markov,Reengagement; Standard augmentation gain,AUROC,Higher,0.039937857008348475,0.0016564508272323003,0.038431360241039436,0.042244680183290306,3,0,rq2.tail_learnability.reengagement.real_plus_synthetic_gain_over_real.auroc
Analytic usefulness,OULAD,Markov,Reengagement; Standard synthetic utility loss,AUPRC,Lower,-0.04430093275618944,0.0034082133880146068,-0.04803452506909678,-0.03979423242001401,3,0,rq2.tail_learnability.reengagement.synthetic_utility_gap.auprc
Analytic usefulness,OULAD,Markov,Reengagement; Standard synthetic utility loss,AUROC,Lower,-0.039650157972924926,0.00254848048696879,-0.04146004645031709,-0.03604607369280022,3,0,rq2.tail_learnability.reengagement.synthetic_utility_gap.auroc
Analytic usefulness,OULAD,Markov,Reengagement; Targeted-vs-standard TSTR gain,AUPRC,Higher,0.0050015917198174735,0.002201486871007347,0.0020983810229261435,0.007427025801623577,3,0,rq2.tail_learnability.reengagement.tail_targeted_tstr_gain.auprc
Analytic usefulness,OULAD,Markov,Reengagement; Targeted-vs-standard TSTR gain,AUROC,Higher,0.00039231686648666386,0.0015955676959980287,-0.0015378821166278644,0.0023695938735798228,3,0,rq2.tail_learnability.reengagement.tail_targeted_tstr_gain.auroc
Analytic usefulness,OULAD,Markov,Reengagement; Targeted augmentation gain,AUPRC,Higher,0.060987642258742904,0.0009236953744397302,0.05979184071084542,0.062040915090109006,3,0,rq2.tail_learnability.reengagement.targeted_augmentation_gain_over_real.auprc
Analytic usefulness,OULAD,Markov,Reengagement; Targeted augmentation gain,AUROC,Higher,0.04263699704977719,0.00038203418150165014,0.042134831460674205,0.04306069926558276,3,0,rq2.tail_learnability.reengagement.targeted_augmentation_gain_over_real.auroc
Analytic usefulness,OULAD,Markov,Late Disengagement,Rare-group prevalence-error reduction,Higher,0.011864580137056352,0.0010538217773854413,0.010394292727830615,0.012810678122123345,3,0,rq2.tail_targeting_fidelity_gain.late_disengagement.prevalence_error_reduction
Analytic usefulness,OULAD,Markov,Late Disengagement,Rare-group trajectory-shape-error reduction,Higher,-0.0013564308623417083,0.005552920232408058,-0.009100355558859227,0.003645180715647095,3,0,rq2.tail_targeting_fidelity_gain.late_disengagement.primary_signal_curve_mae_reduction
Analytic usefulness,OULAD,Markov,Rare Activity Path,Rare-group prevalence-error reduction,Higher,-0.034711567965633634,0.0030382323404222413,-0.038393679042651126,-0.03095274624117827,3,0,rq2.tail_targeting_fidelity_gain.rare_activity_path.prevalence_error_reduction
Analytic usefulness,OULAD,Markov,Rare Activity Path,Rare-group trajectory-shape-error reduction,Higher,-0.0005688153496665275,0.004996574035495207,-0.007617153864208484,0.0033904645562855135,3,0,rq2.tail_targeting_fidelity_gain.rare_activity_path.primary_signal_curve_mae_reduction
Analytic usefulness,OULAD,Markov,Reengagement,Rare-group prevalence-error reduction,Higher,0.0052418942415874,0.0007123037883391702,0.004525928198834,0.006213562442467017,3,0,rq2.tail_targeting_fidelity_gain.reengagement.prevalence_error_reduction
Analytic usefulness,OULAD,Markov,Reengagement,Rare-group trajectory-shape-error reduction,Higher,-0.0015175871905807696,0.006105682424609551,-0.006973843301331467,0.007006314216617501,3,0,rq2.tail_targeting_fidelity_gain.reengagement.primary_signal_curve_mae_reduction
Population composition,OULAD,SeqVAE,All eligible learners/events,Average feature-distribution divergence,Lower,0.02550872315019238,0.00306208633981903,0.021684946619729525,0.029180898014978137,3,0,rq1.average_fidelity.modeled_value_marginal_js_mean
Population composition,OULAD,SeqVAE,All eligible learners/events,Behavior-rate error,Lower,0.009960307442537805,0.005076272831652649,0.0032319131202834805,0.015492303297098942,3,0,rq1.average_fidelity.primary_signal_rate_error
Population composition,OULAD,SeqVAE,All eligible learners/events,Event-type frequency divergence,Lower,0.023057404413873456,0.0032202499032188423,0.018812391212425915,0.026608165665709387,3,0,rq1.average_fidelity.skill_frequency_js
Learning process,OULAD,SeqVAE,All eligible learners/events,Feature-dependence error,Lower,0.1970625062720677,0.0036347642740491154,0.19339028273302028,0.20201363773676273,3,0,rq1.cross_signal_dependence.prespecified_signal_nmi_mae
Learner-pathway representation,OULAD,SeqVAE,All eligible learners/events,Subgroup behavior error,Lower,0.11866544020147633,0.006861388001001123,0.11286537531588636,0.1283024900438802,3,0,rq1.subgroup_fidelity.future_primary_signal_rate_mae
Learner-pathway representation,OULAD,SeqVAE,All eligible learners/events,Subgroup-size error,Lower,0.10716666666666665,0.0032087842395985833,0.10283333333333333,0.11049999999999999,3,0,rq1.subgroup_fidelity.learner_share_mae
Learner-pathway representation,OULAD,SeqVAE,Late Disengagement,Rare-group prevalence error,Lower,0.01884524905390202,0.003337329510819228,0.01415311445228598,0.021632402577477755,3,0,rq1.tail_fidelity.late_disengagement.prevalence_error
Learner-pathway representation,OULAD,SeqVAE,Late Disengagement,Rare-group trajectory-shape error,Lower,0.07681759067278844,0.0021049317453821982,0.07384582439863085,0.07845367496802268,3,0,rq1.tail_fidelity.late_disengagement.primary_signal_curve_mae
Learner-pathway representation,OULAD,SeqVAE,Rare Activity Path,Rare-group prevalence error,Lower,0.020878081211005425,0.000951095167914354,0.019906413010125808,0.022169377109542806,3,0,rq1.tail_fidelity.rare_activity_path.prevalence_error
Learner-pathway representation,OULAD,SeqVAE,Rare Activity Path,Rare-group trajectory-shape error,Lower,0.06523674123142127,0.003795206561855449,0.06065441959323239,0.06994805402381521,3,0,rq1.tail_fidelity.rare_activity_path.primary_signal_curve_mae
Learner-pathway representation,OULAD,SeqVAE,Reengagement,Rare-group prevalence error,Lower,0.02186253451979135,0.0011912812013190304,0.020443387542190855,0.023358392144829702,3,0,rq1.tail_fidelity.reengagement.prevalence_error
Learner-pathway representation,OULAD,SeqVAE,Reengagement,Rare-group trajectory-shape error,Lower,0.1045002352909236,0.006350827365943236,0.09800099950024987,0.11311822937938809,3,0,rq1.tail_fidelity.reengagement.primary_signal_curve_mae
Learning process,OULAD,SeqVAE,All eligible learners/events,Behavior-persistence error,Lower,0.25060066210232806,0.0032620610071634176,0.2482916926107982,0.2552139122256623,3,0,rq1.temporal_fidelity.correctness_autocorrelation_mae
Learning process,OULAD,SeqVAE,All eligible learners/events,Trajectory-shape error,Lower,0.08414351851851853,0.009003495358437743,0.07281944444444446,0.09484722222222222,3,0,rq1.temporal_fidelity.correctness_curve_mae
Learning process,OULAD,SeqVAE,All eligible learners/events,Behavior-transition divergence,Lower,0.016082577405924444,0.00029428584858397157,0.015821942933209376,0.016493890184487874,3,0,rq1.temporal_fidelity.correctness_transition_js
Learning process,OULAD,SeqVAE,All eligible learners/events,Response/inactivity-gap distribution divergence,Lower,0.009071731911934137,0.0006406566245378207,0.008385548288461012,0.009927196041428266,3,0,rq1.temporal_fidelity.inter_event_time_js
Learning process,OULAD,SeqVAE,All eligible learners/events,Three-event sequence divergence,Lower,0.10530853049613391,0.00557637855510725,0.09874250212914887,0.11237432808576414,3,0,rq1.temporal_fidelity.skill_trigram_js
Analytic usefulness,OULAD,SeqVAE,Real + standard synthetic,AUPRC,Higher,0.917943047593257,0.00024001588821326232,0.9176924093451119,0.9182666009003486,3,0,rq2.downstream_utility.arms.real_plus_synthetic.auprc
Analytic usefulness,OULAD,SeqVAE,Real + standard synthetic,AUROC,Higher,0.8808946059862558,0.0002971515679972962,0.8805871472298736,0.8812964289282244,3,0,rq2.downstream_utility.arms.real_plus_synthetic.auroc
Analytic usefulness,OULAD,SeqVAE,Real + targeted synthetic,AUPRC,Higher,0.9180781567084436,0.00012886470675595914,0.9179114550672804,0.9182252812782962,3,0,rq2.downstream_utility.arms.real_plus_tail_targeted_synthetic.auprc
Analytic usefulness,OULAD,SeqVAE,Real + targeted synthetic,AUROC,Higher,0.8810400360576748,0.0001345660859209106,0.8808553582188879,0.8811721571227604,3,0,rq2.downstream_utility.arms.real_plus_tail_targeted_synthetic.auroc
Analytic usefulness,OULAD,SeqVAE,Real only (TRTR),AUPRC,Higher,0.9224941999311086,0.0,0.9224941999311086,0.9224941999311086,3,0,rq2.downstream_utility.arms.real_train.auprc
Analytic usefulness,OULAD,SeqVAE,Real only (TRTR),AUROC,Higher,0.8872309042758486,0.0,0.8872309042758486,0.8872309042758486,3,0,rq2.downstream_utility.arms.real_train.auroc
Analytic usefulness,OULAD,SeqVAE,Standard synthetic only (TSTR),AUPRC,Higher,0.8951969524054398,0.0005844119118154094,0.894485221894419,0.8959166660961113,3,0,rq2.downstream_utility.arms.synthetic_train.auprc
Analytic usefulness,OULAD,SeqVAE,Standard synthetic only (TSTR),AUROC,Higher,0.8528526592603942,0.0009331305027656728,0.8515330661130055,0.8535226659668629,3,0,rq2.downstream_utility.arms.synthetic_train.auroc
Analytic usefulness,OULAD,SeqVAE,Targeted synthetic only,AUPRC,Higher,0.8966375484599002,0.0007759090835509744,0.8956870883022761,0.8975876695530326,3,0,rq2.downstream_utility.arms.tail_targeted_synthetic.auprc
Analytic usefulness,OULAD,SeqVAE,Targeted synthetic only,AUROC,Higher,0.8542909023078203,0.0008108526787289632,0.8536308557331393,0.8554330074810208,3,0,rq2.downstream_utility.arms.tail_targeted_synthetic.auroc
Analytic usefulness,OULAD,SeqVAE,Standard augmentation gain,AUPRC,Higher,-0.004551152337851712,0.00024001588821326232,-0.004801790585996724,-0.0042275990307599765,3,0,rq2.downstream_utility.real_plus_synthetic_gain_over_real.auprc
Analytic usefulness,OULAD,SeqVAE,Standard augmentation gain,AUROC,Higher,-0.006336298289592886,0.0002971515679972962,-0.006643757045974974,-0.005934475347624257,3,0,rq2.downstream_utility.real_plus_synthetic_gain_over_real.auroc
Analytic usefulness,OULAD,SeqVAE,Standard synthetic utility loss,AUPRC,Lower,0.027297247525668793,0.0005844119118154094,0.02657753383499728,0.028008978036689558,3,0,rq2.downstream_utility.synthetic_utility_gap.auprc
Analytic usefulness,OULAD,SeqVAE,Standard synthetic utility loss,AUROC,Lower,0.034378245015454466,0.0009331305027656728,0.03370823830898573,0.03569783816284311,3,0,rq2.downstream_utility.synthetic_utility_gap.auroc
Analytic usefulness,OULAD,SeqVAE,Targeted-vs-standard TSTR gain,AUPRC,Higher,0.0014405960544602674,0.0011852549038675237,-0.00022957779383525612,0.0023987003272435414,3,0,rq2.downstream_utility.tail_targeted_tstr_gain.auprc
Analytic usefulness,OULAD,SeqVAE,Targeted-vs-standard TSTR gain,AUROC,Higher,0.0014382430474262353,0.0008174820793499484,0.00028617774243810956,0.0020977896201338497,3,0,rq2.downstream_utility.tail_targeted_tstr_gain.auroc
Analytic usefulness,OULAD,SeqVAE,Targeted augmentation gain,AUPRC,Higher,-0.004416043222664941,0.00012886470675595914,-0.004582744863828148,-0.004268918652812426,3,0,rq2.downstream_utility.targeted_augmentation_gain_over_real.auprc
Analytic usefulness,OULAD,SeqVAE,Targeted augmentation gain,AUROC,Higher,-0.006190868218173828,0.0001345660859209106,-0.006375546056960668,-0.006058747153088184,3,0,rq2.downstream_utility.targeted_augmentation_gain_over_real.auroc
Analytic usefulness,OULAD,SeqVAE,Course Failure Prediction; Real + standard synthetic,AUPRC,Higher,0.5451493114099509,0.0019750605949992164,0.5424115464405572,0.5469975463329941,3,0,rq2.learner_level_outcome_tasks.course_failure_prediction.arms.real_plus_synthetic.auprc
Analytic usefulness,OULAD,SeqVAE,Course Failure Prediction; Real + standard synthetic,AUROC,Higher,0.7019341373694475,0.00162105293392579,0.7001220302524715,0.7040562993808861,3,0,rq2.learner_level_outcome_tasks.course_failure_prediction.arms.real_plus_synthetic.auroc
Analytic usefulness,OULAD,SeqVAE,Course Failure Prediction; Real only (TRTR),AUPRC,Higher,0.5466603162464431,0.0,0.5466603162464431,0.5466603162464431,3,0,rq2.learner_level_outcome_tasks.course_failure_prediction.arms.real_train.auprc
Analytic usefulness,OULAD,SeqVAE,Course Failure Prediction; Real only (TRTR),AUROC,Higher,0.703420179345403,0.0,0.703420179345403,0.703420179345403,3,0,rq2.learner_level_outcome_tasks.course_failure_prediction.arms.real_train.auroc
Analytic usefulness,OULAD,SeqVAE,Course Failure Prediction; Standard synthetic only (TSTR),AUPRC,Higher,0.5276917758013896,0.0029462706913034853,0.5241130446094289,0.5313291886834036,3,0,rq2.learner_level_outcome_tasks.course_failure_prediction.arms.synthetic_train.auprc
Analytic usefulness,OULAD,SeqVAE,Course Failure Prediction; Standard synthetic only (TSTR),AUROC,Higher,0.6876070350095832,0.002571701277964313,0.6845821325648416,0.6908681843461155,3,0,rq2.learner_level_outcome_tasks.course_failure_prediction.arms.synthetic_train.auroc
Analytic usefulness,OULAD,SeqVAE,Course Failure Prediction; Targeted synthetic only,AUPRC,Higher,0.530236622007688,0.00239465023525364,0.5272659059982341,0.5331300494060107,3,0,rq2.learner_level_outcome_tasks.course_failure_prediction.arms.tail_targeted_synthetic.auprc
Analytic usefulness,OULAD,SeqVAE,Course Failure Prediction; Targeted synthetic only,AUROC,Higher,0.6873299964608929,0.005080045459969302,0.6801471027582054,0.6910431862995188,3,0,rq2.learner_level_outcome_tasks.course_failure_prediction.arms.tail_targeted_synthetic.auroc
Analytic usefulness,OULAD,SeqVAE,Course Failure Prediction; Standard augmentation gain,AUPRC,Higher,-0.0015110048364921729,0.0019750605949992164,-0.004248769805885844,0.0003372300865510658,3,0,rq2.learner_level_outcome_tasks.course_failure_prediction.real_plus_synthetic_gain_over_real.auprc
Analytic usefulness,OULAD,SeqVAE,Course Failure Prediction; Standard augmentation gain,AUROC,Higher,-0.0014860419759555137,0.00162105293392579,-0.0032981490929314683,0.0006361200354830787,3,0,rq2.learner_level_outcome_tasks.course_failure_prediction.real_plus_synthetic_gain_over_real.auroc
Analytic usefulness,OULAD,SeqVAE,Course Failure Prediction; Standard synthetic utility loss,AUPRC,Lower,0.018968540445053545,0.0029462706913034853,0.015331127563039448,0.0225472716370142,3,0,rq2.learner_level_outcome_tasks.course_failure_prediction.synthetic_utility_gap.auprc
Analytic usefulness,OULAD,SeqVAE,Course Failure Prediction; Standard synthetic utility loss,AUROC,Lower,0.015813144335819818,0.002571701277964313,0.012551994999287497,0.018838046780561446,3,0,rq2.learner_level_outcome_tasks.course_failure_prediction.synthetic_utility_gap.auroc
Analytic usefulness,OULAD,SeqVAE,Dropout Prediction; Real + standard synthetic,AUPRC,Higher,0.3013408748041535,0.0014587072903696381,0.2993103695658007,0.30267160610126653,3,0,rq2.learner_level_outcome_tasks.dropout_prediction.arms.real_plus_synthetic.auprc
Analytic usefulness,OULAD,SeqVAE,Dropout Prediction; Real + standard synthetic,AUROC,Higher,0.6512105502457185,0.0025104994662813293,0.6477699288034805,0.6536894810454721,3,0,rq2.learner_level_outcome_tasks.dropout_prediction.arms.real_plus_synthetic.auroc
Analytic usefulness,OULAD,SeqVAE,Dropout Prediction; Real only (TRTR),AUPRC,Higher,0.30744749558306883,0.0,0.30744749558306883,0.30744749558306883,3,0,rq2.learner_level_outcome_tasks.dropout_prediction.arms.real_train.auprc
Analytic usefulness,OULAD,SeqVAE,Dropout Prediction; Real only (TRTR),AUROC,Higher,0.6525633807694895,0.0,0.6525633807694895,0.6525633807694895,3,0,rq2.learner_level_outcome_tasks.dropout_prediction.arms.real_train.auroc
Analytic usefulness,OULAD,SeqVAE,Dropout Prediction; Standard synthetic only (TSTR),AUPRC,Higher,0.2802267812862889,0.003382329310305992,0.2757974569776047,0.28400542616796753,3,0,rq2.learner_level_outcome_tasks.dropout_prediction.arms.synthetic_train.auprc
Analytic usefulness,OULAD,SeqVAE,Dropout Prediction; Standard synthetic only (TSTR),AUROC,Higher,0.6271359325023113,0.006765371019032925,0.6176727972431535,0.6330890445796772,3,0,rq2.learner_level_outcome_tasks.dropout_prediction.arms.synthetic_train.auroc
Analytic usefulness,OULAD,SeqVAE,Dropout Prediction; Targeted synthetic only,AUPRC,Higher,0.28021563905203645,0.003715163380831515,0.27648754141101284,0.28528587320774845,3,0,rq2.learner_level_outcome_tasks.dropout_prediction.arms.tail_targeted_synthetic.auprc
Analytic usefulness,OULAD,SeqVAE,Dropout Prediction; Targeted synthetic only,AUROC,Higher,0.6276438941705358,0.001058507258971019,0.6261688387263318,0.6286023630688241,3,0,rq2.learner_level_outcome_tasks.dropout_prediction.arms.tail_targeted_synthetic.auroc
Analytic usefulness,OULAD,SeqVAE,Dropout Prediction; Standard augmentation gain,AUPRC,Higher,-0.00610662077891531,0.0014587072903696381,-0.008137126017268126,-0.004775889481802298,3,0,rq2.learner_level_outcome_tasks.dropout_prediction.real_plus_synthetic_gain_over_real.auprc
Analytic usefulness,OULAD,SeqVAE,Dropout Prediction; Standard augmentation gain,AUROC,Higher,-0.001352830523771072,0.0025104994662813293,-0.004793451966008999,0.0011261002759825889,3,0,rq2.learner_level_outcome_tasks.dropout_prediction.real_plus_synthetic_gain_over_real.auroc
Analytic usefulness,OULAD,SeqVAE,Dropout Prediction; Standard synthetic utility loss,AUPRC,Lower,0.02722071429677993,0.0033823293103059926,0.023442069415101296,0.031650038605464115,3,0,rq2.learner_level_outcome_tasks.dropout_prediction.synthetic_utility_gap.auprc
Analytic usefulness,OULAD,SeqVAE,Dropout Prediction; Standard synthetic utility loss,AUROC,Lower,0.025427448267178205,0.006765371019032925,0.019474336189812314,0.034890583526336005,3,0,rq2.learner_level_outcome_tasks.dropout_prediction.synthetic_utility_gap.auroc
Disclosure risk,OULAD,SeqVAE,Standard synthetic,Behavior-projection exact-duplicate rate,Lower,0.0030833333333333338,0.0009204467514322719,0.002,0.00425,3,0,rq2.privacy_risk.standard.behavior_projection_exact_duplicate_rate
Disclosure risk,OULAD,SeqVAE,Targeted synthetic,Behavior-projection exact-duplicate rate,Lower,0.0026666666666666666,0.00031180478223116184,0.00225,0.003,3,0,rq2.privacy_risk.tail_targeted.behavior_projection_exact_duplicate_rate
Disclosure risk,OULAD,SeqVAE,Targeted-minus-standard risk,Behavior-projection exact-copy risk change,Lower,-0.0004166666666666669,0.0011606990230986767,-0.0020000000000000005,0.0007499999999999998,3,0,rq2.privacy_risk.tail_targeted_minus_standard_risk.behavior_projection_exact_duplicate_rate_risk_delta
Analytic usefulness,OULAD,SeqVAE,Late Disengagement; Real + standard synthetic,AUPRC,Higher,0.8232978157123861,0.0005650130305900624,0.822543395655605,0.8239030550602722,3,0,rq2.tail_learnability.late_disengagement.arms.real_plus_synthetic.auprc
Analytic usefulness,OULAD,SeqVAE,Late Disengagement; Real + standard synthetic,AUROC,Higher,0.8491121229714244,0.0004024479988754975,0.8485452768650432,0.8494398258897767,3,0,rq2.tail_learnability.late_disengagement.arms.real_plus_synthetic.auroc
Analytic usefulness,OULAD,SeqVAE,Late Disengagement; Real + targeted synthetic,AUPRC,Higher,0.8227720972956326,0.0005784516021564712,0.8219541302577775,0.8231914165677024,3,0,rq2.tail_learnability.late_disengagement.arms.real_plus_tail_targeted_synthetic.auprc
Analytic usefulness,OULAD,SeqVAE,Late Disengagement; Real + targeted synthetic,AUROC,Higher,0.8494305398085639,0.00016053915880444812,0.849213221191111,0.8495961086608286,3,0,rq2.tail_learnability.late_disengagement.arms.real_plus_tail_targeted_synthetic.auroc
Analytic usefulness,OULAD,SeqVAE,Late Disengagement; Real only (TRTR),AUPRC,Higher,0.8293522492154916,0.0,0.8293522492154916,0.8293522492154916,3,0,rq2.tail_learnability.late_disengagement.arms.real_train.auprc
Analytic usefulness,OULAD,SeqVAE,Late Disengagement; Real only (TRTR),AUROC,Higher,0.8542467331535897,0.0,0.8542467331535897,0.8542467331535897,3,0,rq2.tail_learnability.late_disengagement.arms.real_train.auroc
Analytic usefulness,OULAD,SeqVAE,Late Disengagement; Standard synthetic only (TSTR),AUPRC,Higher,0.8037208331074058,0.001699260106530634,0.8019230942843989,0.8060007632372197,3,0,rq2.tail_learnability.late_disengagement.arms.synthetic_train.auprc
Analytic usefulness,OULAD,SeqVAE,Late Disengagement; Standard synthetic only (TSTR),AUROC,Higher,0.8288658417100575,0.0013577832686474207,0.8272815947134688,0.8305976375966224,3,0,rq2.tail_learnability.late_disengagement.arms.synthetic_train.auroc
Analytic usefulness,OULAD,SeqVAE,Late Disengagement; Targeted synthetic only,AUPRC,Higher,0.8033694106626169,0.0010985393390297534,0.8023350930841094,0.8048904735205877,3,0,rq2.tail_learnability.late_disengagement.arms.tail_targeted_synthetic.auprc
Analytic usefulness,OULAD,SeqVAE,Late Disengagement; Targeted synthetic only,AUROC,Higher,0.8291540293892058,0.0005497673077417189,0.828480395881904,0.8298270448376379,3,0,rq2.tail_learnability.late_disengagement.arms.tail_targeted_synthetic.auroc
Analytic usefulness,OULAD,SeqVAE,Late Disengagement; Standard augmentation gain,AUPRC,Higher,-0.006054433503105379,0.0005650130305900624,-0.006808853559886585,-0.0054491941552193834,3,0,rq2.tail_learnability.late_disengagement.real_plus_synthetic_gain_over_real.auprc
Analytic usefulness,OULAD,SeqVAE,Late Disengagement; Standard augmentation gain,AUROC,Higher,-0.005134610182165322,0.0004024479988754975,-0.005701456288546458,-0.004806907263812943,3,0,rq2.tail_learnability.late_disengagement.real_plus_synthetic_gain_over_real.auroc
Analytic usefulness,OULAD,SeqVAE,Late Disengagement; Standard synthetic utility loss,AUPRC,Lower,0.025631416108085687,0.001699260106530634,0.023351485978271858,0.02742915493109266,3,0,rq2.tail_learnability.late_disengagement.synthetic_utility_gap.auprc
Analytic usefulness,OULAD,SeqVAE,Late Disengagement; Standard synthetic utility loss,AUROC,Lower,0.025380891443532245,0.001357783268647421,0.02364909555696726,0.02696513844012083,3,0,rq2.tail_learnability.late_disengagement.synthetic_utility_gap.auroc
Analytic usefulness,OULAD,SeqVAE,Late Disengagement; Targeted-vs-standard TSTR gain,AUPRC,Higher,-0.00035142244478895507,0.002514874472537487,-0.0031180978540661375,0.0029673792361888385,3,0,rq2.tail_learnability.late_disengagement.tail_targeted_tstr_gain.auprc
Analytic usefulness,OULAD,SeqVAE,Late Disengagement; Targeted-vs-standard TSTR gain,AUROC,Higher,0.0002881876791483995,0.0008107992739213804,-0.0007705927589845007,0.0011988011684351818,3,0,rq2.tail_learnability.late_disengagement.tail_targeted_tstr_gain.auroc
Analytic usefulness,OULAD,SeqVAE,Late Disengagement; Targeted augmentation gain,AUPRC,Higher,-0.006580151919858945,0.0005784516021564712,-0.007398118957714028,-0.006160832647789105,3,0,rq2.tail_learnability.late_disengagement.targeted_augmentation_gain_over_real.auprc
Analytic usefulness,OULAD,SeqVAE,Late Disengagement; Targeted augmentation gain,AUROC,Higher,-0.00481619334502581,0.00016053915880444812,-0.005033511962478698,-0.004650624492761102,3,0,rq2.tail_learnability.late_disengagement.targeted_augmentation_gain_over_real.auroc
Analytic usefulness,OULAD,SeqVAE,Rare Activity Path; Real + standard synthetic,AUPRC,Higher,0.9533300680434759,0.00018011448407657515,0.953119096313735,0.9535591663591709,3,0,rq2.tail_learnability.rare_activity_path.arms.real_plus_synthetic.auprc
Analytic usefulness,OULAD,SeqVAE,Rare Activity Path; Real + standard synthetic,AUROC,Higher,0.7998396989476584,0.0007891308357676169,0.7988490047846625,0.8007800011060948,3,0,rq2.tail_learnability.rare_activity_path.arms.real_plus_synthetic.auroc
Analytic usefulness,OULAD,SeqVAE,Rare Activity Path; Real + targeted synthetic,AUPRC,Higher,0.9531392280798938,0.0002826673884903778,0.952739989413417,0.9533563872012227,3,0,rq2.tail_learnability.rare_activity_path.arms.real_plus_tail_targeted_synthetic.auprc
Analytic usefulness,OULAD,SeqVAE,Rare Activity Path; Real + targeted synthetic,AUROC,Higher,0.7990199290163437,0.0009509983346742019,0.7977226267445252,0.7999757476317826,3,0,rq2.tail_learnability.rare_activity_path.arms.real_plus_tail_targeted_synthetic.auroc
Analytic usefulness,OULAD,SeqVAE,Rare Activity Path; Real only (TRTR),AUPRC,Higher,0.9561884703092661,0.0,0.9561884703092661,0.9561884703092661,3,0,rq2.tail_learnability.rare_activity_path.arms.real_train.auprc
Analytic usefulness,OULAD,SeqVAE,Rare Activity Path; Real only (TRTR),AUROC,Higher,0.8096987292605405,1.1102230246251565e-16,0.8096987292605407,0.8096987292605407,3,0,rq2.tail_learnability.rare_activity_path.arms.real_train.auroc
Analytic usefulness,OULAD,SeqVAE,Rare Activity Path; Standard synthetic only (TSTR),AUPRC,Higher,0.939700369236165,0.00038528515826877246,0.9391554954401102,0.9399739849272218,3,0,rq2.tail_learnability.rare_activity_path.arms.synthetic_train.auprc
Analytic usefulness,OULAD,SeqVAE,Rare Activity Path; Standard synthetic only (TSTR),AUROC,Higher,0.7454450078523487,0.0008062063884385823,0.7447305455367398,0.7465717263790033,3,0,rq2.tail_learnability.rare_activity_path.arms.synthetic_train.auroc
Analytic usefulness,OULAD,SeqVAE,Rare Activity Path; Targeted synthetic only,AUPRC,Higher,0.9403496028560969,0.0013910372974706277,0.9392587586238551,0.9423127771685378,3,0,rq2.tail_learnability.rare_activity_path.arms.tail_targeted_synthetic.auprc
Analytic usefulness,OULAD,SeqVAE,Rare Activity Path; Targeted synthetic only,AUROC,Higher,0.7459641038684278,0.0048152801805346375,0.7414258320408222,0.7526302218653924,3,0,rq2.tail_learnability.rare_activity_path.arms.tail_targeted_synthetic.auroc
Analytic usefulness,OULAD,SeqVAE,Rare Activity Path; Standard augmentation gain,AUPRC,Higher,-0.0028584022657902977,0.00018011448407657515,-0.0030693739955310884,-0.0026293039500951965,3,0,rq2.tail_learnability.rare_activity_path.real_plus_synthetic_gain_over_real.auprc
Analytic usefulness,OULAD,SeqVAE,Rare Activity Path; Standard augmentation gain,AUROC,Higher,-0.009859030312882303,0.0007891308357676169,-0.010849724475878175,-0.008918728154445832,3,0,rq2.tail_learnability.rare_activity_path.real_plus_synthetic_gain_over_real.auroc
Analytic usefulness,OULAD,SeqVAE,Rare Activity Path; Standard synthetic utility loss,AUPRC,Lower,0.016488101073101207,0.0003852851582687725,0.016214485382044286,0.017032974869155892,3,0,rq2.tail_learnability.rare_activity_path.synthetic_utility_gap.auprc
Analytic usefulness,OULAD,SeqVAE,Rare Activity Path; Standard synthetic utility loss,AUROC,Lower,0.06425372140819192,0.0008062063884385823,0.06312700288153739,0.06496818372380087,3,0,rq2.tail_learnability.rare_activity_path.synthetic_utility_gap.auroc
Analytic usefulness,OULAD,SeqVAE,Rare Activity Path; Targeted-vs-standard TSTR gain,AUPRC,Higher,0.0006492336199319659,0.0012211819248660542,-0.0004967121513240746,0.0023411498273750997,3,0,rq2.tail_learnability.rare_activity_path.tail_targeted_tstr_gain.auprc
Analytic usefulness,OULAD,SeqVAE,Rare Activity Path; Targeted-vs-standard TSTR gain,AUROC,Higher,0.0005190960160791347,0.0040103912768694894,-0.003304713495917544,0.006058495486389148,3,0,rq2.tail_learnability.rare_activity_path.tail_targeted_tstr_gain.auroc
Analytic usefulness,OULAD,SeqVAE,Rare Activity Path; Targeted augmentation gain,AUPRC,Higher,-0.0030492422293722323,0.0002826673884903778,-0.0034484808958491486,-0.002832083108043393,3,0,rq2.tail_learnability.rare_activity_path.targeted_augmentation_gain_over_real.auprc
Analytic usefulness,OULAD,SeqVAE,Rare Activity Path; Targeted augmentation gain,AUROC,Higher,-0.010678800244196948,0.0009509983346742019,-0.011976102516015441,-0.009722981628758065,3,0,rq2.tail_learnability.rare_activity_path.targeted_augmentation_gain_over_real.auroc
Analytic usefulness,OULAD,SeqVAE,Reengagement; Real + standard synthetic,AUPRC,Higher,0.7245640899867171,0.004013736875657237,0.7189475691624887,0.728083789738321,3,0,rq2.tail_learnability.reengagement.arms.real_plus_synthetic.auprc
Analytic usefulness,OULAD,SeqVAE,Reengagement; Real + standard synthetic,AUROC,Higher,0.7153924214843178,0.002820765242127917,0.7118668005774904,0.7187715774276567,3,0,rq2.tail_learnability.reengagement.arms.real_plus_synthetic.auroc
Analytic usefulness,OULAD,SeqVAE,Reengagement; Real + targeted synthetic,AUPRC,Higher,0.732652998018723,0.005508181552103949,0.7249534004628431,0.737526146260201,3,0,rq2.tail_learnability.reengagement.arms.real_plus_tail_targeted_synthetic.auprc
Analytic usefulness,OULAD,SeqVAE,Reengagement; Real + targeted synthetic,AUROC,Higher,0.7208063942418347,0.0030417443226325304,0.716637373673969,0.7238089259933463,3,0,rq2.tail_learnability.reengagement.arms.real_plus_tail_targeted_synthetic.auroc
Analytic usefulness,OULAD,SeqVAE,Reengagement; Real only (TRTR),AUPRC,Higher,0.70595227186651,0.0,0.70595227186651,0.70595227186651,3,0,rq2.tail_learnability.reengagement.arms.real_train.auprc
Analytic usefulness,OULAD,SeqVAE,Reengagement; Real only (TRTR),AUROC,Higher,0.7062488230494005,0.0,0.7062488230494005,0.7062488230494005,3,0,rq2.tail_learnability.reengagement.arms.real_train.auroc
Analytic usefulness,OULAD,SeqVAE,Reengagement; Standard synthetic only (TSTR),AUPRC,Higher,0.6963993641210303,0.002504316870334843,0.693006922020096,0.6989764409624313,3,0,rq2.tail_learnability.reengagement.arms.synthetic_train.auprc
Analytic usefulness,OULAD,SeqVAE,Reengagement; Standard synthetic only (TSTR),AUROC,Higher,0.6982403280815183,0.0030871213441995052,0.6942439269349068,0.7017607180967924,3,0,rq2.tail_learnability.reengagement.arms.synthetic_train.auroc
Analytic usefulness,OULAD,SeqVAE,Reengagement; Targeted synthetic only,AUPRC,Higher,0.6997086614181226,0.005317317649364227,0.6923126687087047,0.7045836324361263,3,0,rq2.tail_learnability.reengagement.arms.tail_targeted_synthetic.auprc
Analytic usefulness,OULAD,SeqVAE,Reengagement; Targeted synthetic only,AUROC,Higher,0.7008191576172242,0.006835968766616426,0.6918900257359863,0.7084928755257046,3,0,rq2.tail_learnability.reengagement.arms.tail_targeted_synthetic.auroc
Analytic usefulness,OULAD,SeqVAE,Reengagement; Standard augmentation gain,AUPRC,Higher,0.018611818120206958,0.004013736875657237,0.012995297295978703,0.022131517871811,3,0,rq2.tail_learnability.reengagement.real_plus_synthetic_gain_over_real.auprc
Analytic usefulness,OULAD,SeqVAE,Reengagement; Standard augmentation gain,AUROC,Higher,0.009143598434917263,0.002820765242127917,0.005617977528089901,0.012522754378256229,3,0,rq2.tail_learnability.reengagement.real_plus_synthetic_gain_over_real.auroc
Analytic usefulness,OULAD,SeqVAE,Reengagement; Standard synthetic utility loss,AUPRC,Lower,0.009552907745479677,0.002504316870334843,0.006975830904078717,0.012945349846414045,3,0,rq2.tail_learnability.reengagement.synthetic_utility_gap.auprc
Analytic usefulness,OULAD,SeqVAE,Reengagement; Standard synthetic utility loss,AUROC,Lower,0.008008494967882288,0.0030871213441995052,0.004488104952608096,0.012004896114493735,3,0,rq2.tail_learnability.reengagement.synthetic_utility_gap.auroc
Analytic usefulness,OULAD,SeqVAE,Reengagement; Targeted-vs-standard TSTR gain,AUPRC,Higher,0.003309297297092321,0.0032920084329951943,-0.0006942533113912797,0.007368903055562592,3,0,rq2.tail_learnability.reengagement.tail_targeted_tstr_gain.auprc
Analytic usefulness,OULAD,SeqVAE,Reengagement; Targeted-vs-standard TSTR gain,AUROC,Higher,0.0025788295357059843,0.0037500859491495517,-0.0023539011989204273,0.0067321574289122,3,0,rq2.tail_learnability.reengagement.tail_targeted_tstr_gain.auroc
Analytic usefulness,OULAD,SeqVAE,Reengagement; Targeted augmentation gain,AUPRC,Higher,0.026700726152212972,0.005508181552103949,0.019001128596333072,0.03157387439369097,3,0,rq2.tail_learnability.reengagement.targeted_augmentation_gain_over_real.auprc
Analytic usefulness,OULAD,SeqVAE,Reengagement; Targeted augmentation gain,AUROC,Higher,0.014557571192434096,0.0030417443226325304,0.010388550624568449,0.017560102943945832,3,0,rq2.tail_learnability.reengagement.targeted_augmentation_gain_over_real.auroc
Analytic usefulness,OULAD,SeqVAE,Late Disengagement,Rare-group prevalence-error reduction,Higher,-0.002991715250076713,0.004570242435142669,-0.008821724455354403,0.0023396747468548626,3,0,rq2.tail_targeting_fidelity_gain.late_disengagement.prevalence_error_reduction
Analytic usefulness,OULAD,SeqVAE,Late Disengagement,Rare-group trajectory-shape-error reduction,Higher,-0.0018084886574189125,0.0028815199277789924,-0.005599802421007355,0.0013810733989533391,3,0,rq2.tail_targeting_fidelity_gain.late_disengagement.primary_signal_curve_mae_reduction
Analytic usefulness,OULAD,SeqVAE,Rare Activity Path,Rare-group prevalence-error reduction,Higher,0.016595070062391328,0.0034257886896113575,0.01261890150352869,0.020980362074255906,3,0,rq2.tail_targeting_fidelity_gain.rare_activity_path.prevalence_error_reduction
Analytic usefulness,OULAD,SeqVAE,Rare Activity Path,Rare-group trajectory-shape-error reduction,Higher,0.0012727666726240275,0.0067739905569090654,-0.00815707303969953,0.007450223484747595,3,0,rq2.tail_targeting_fidelity_gain.rare_activity_path.primary_signal_curve_mae_reduction
Analytic usefulness,OULAD,SeqVAE,Reengagement,Rare-group prevalence-error reduction,Higher,-0.00012785107906310733,0.0016725540514997467,-0.002416385394292727,0.0015342129487572846,3,0,rq2.tail_targeting_fidelity_gain.reengagement.prevalence_error_reduction
Analytic usefulness,OULAD,SeqVAE,Reengagement,Rare-group trajectory-shape-error reduction,Higher,-0.00022202328826376647,0.010177798749741979,-0.013825426736173194,0.01065299920140883,3,0,rq2.tail_targeting_fidelity_gain.reengagement.primary_signal_curve_mae_reduction
Population composition,OULAD,TimeGAN,All eligible learners/events,Average feature-distribution divergence,Lower,0.16047992946784015,0.12308456785197806,0.07183722651442129,0.33453782041896385,3,0,rq1.average_fidelity.modeled_value_marginal_js_mean
Population composition,OULAD,TimeGAN,All eligible learners/events,Behavior-rate error,Lower,0.34937358664934764,0.1877022742483066,0.2157267449772708,0.6148225519661725,3,0,rq1.average_fidelity.primary_signal_rate_error
Population composition,OULAD,TimeGAN,All eligible learners/events,Event-type frequency divergence,Lower,0.22215204434000668,0.13313185698066085,0.12477002649089093,0.4103912311975085,3,0,rq1.average_fidelity.skill_frequency_js
Learning process,OULAD,TimeGAN,All eligible learners/events,Feature-dependence error,Lower,0.20119156295961207,0.1636557767432073,0.07842060780916611,0.4324896337135608,3,0,rq1.cross_signal_dependence.prespecified_signal_nmi_mae
Learner-pathway representation,OULAD,TimeGAN,All eligible learners/events,Subgroup behavior error,Lower,0.22045955620159638,0.08823501535925526,0.15578248114631124,0.3452144552400222,3,0,rq1.subgroup_fidelity.future_primary_signal_rate_mae
Learner-pathway representation,OULAD,TimeGAN,All eligible learners/events,Subgroup-size error,Lower,0.26005555555555554,0.19348137690712391,0.11149999999999999,0.5333333333333333,3,0,rq1.subgroup_fidelity.learner_share_mae
Learner-pathway representation,OULAD,TimeGAN,Late Disengagement,Rare-group prevalence error,Lower,0.0557686406873274,0.010014535115377409,0.04291960724148511,0.06735194845044493,3,0,rq1.tail_fidelity.late_disengagement.prevalence_error
Learner-pathway representation,OULAD,TimeGAN,Late Disengagement,Rare-group trajectory-shape error,Lower,0.0510685095784445,0.003003988763681003,0.04806452081476349,0.0540724983421255,2,1,rq1.tail_fidelity.late_disengagement.primary_signal_curve_mae
Learner-pathway representation,OULAD,TimeGAN,Rare Activity Path,Rare-group prevalence error,Lower,0.042587194435921044,0.0014796518624505786,0.041231972997852105,0.04464559680883707,3,0,rq1.tail_fidelity.rare_activity_path.prevalence_error
Learner-pathway representation,OULAD,TimeGAN,Rare Activity Path,Rare-group trajectory-shape error,Lower,0.126251067179771,0.0021483562213899243,0.12410271095838107,0.12839942340116092,2,1,rq1.tail_fidelity.rare_activity_path.primary_signal_curve_mae
Learner-pathway representation,OULAD,TimeGAN,Reengagement,Rare-group prevalence error,Lower,0.028498005523166618,0.018621341786179472,0.002224608775698067,0.04318809450751765,3,0,rq1.tail_fidelity.reengagement.prevalence_error
Learner-pathway representation,OULAD,TimeGAN,Reengagement,Rare-group trajectory-shape error,Lower,0.126377265565891,0.001261740558124641,0.12511552500776635,0.12763900612401563,2,1,rq1.tail_fidelity.reengagement.primary_signal_curve_mae
Learning process,OULAD,TimeGAN,All eligible learners/events,Behavior-persistence error,Lower,0.3582297366464739,0.0930353801465109,0.2829664109877383,0.4893223367523265,3,0,rq1.temporal_fidelity.correctness_autocorrelation_mae
Learning process,OULAD,TimeGAN,All eligible learners/events,Trajectory-shape error,Lower,0.2853333333333333,0.18253604341351795,0.15581944444444445,0.5434777777777777,3,0,rq1.temporal_fidelity.correctness_curve_mae
Learning process,OULAD,TimeGAN,All eligible learners/events,Behavior-transition divergence,Lower,0.22145606305775545,0.21156492185613185,0.0715559531899725,0.5206538426985137,3,0,rq1.temporal_fidelity.correctness_transition_js
Learning process,OULAD,TimeGAN,All eligible learners/events,Response/inactivity-gap distribution divergence,Lower,0.31522483271912083,0.3143972302985182,0.0883834053484849,0.7598186925839088,3,0,rq1.temporal_fidelity.inter_event_time_js
Learning process,OULAD,TimeGAN,All eligible learners/events,Three-event sequence divergence,Lower,0.4070874195704952,0.13207144464748116,0.3076937644939714,0.5937330540944544,3,0,rq1.temporal_fidelity.skill_trigram_js
Analytic usefulness,OULAD,TimeGAN,Real + standard synthetic,AUPRC,Higher,0.9166252189676607,0.003370901383304693,0.9141568231348898,0.9213913753653307,3,0,rq2.downstream_utility.arms.real_plus_synthetic.auprc
Analytic usefulness,OULAD,TimeGAN,Real + standard synthetic,AUROC,Higher,0.8790009712490692,0.004092774312663304,0.875937506973608,0.8847856544018391,3,0,rq2.downstream_utility.arms.real_plus_synthetic.auroc
Analytic usefulness,OULAD,TimeGAN,Real + targeted synthetic,AUPRC,Higher,0.9168219320898733,0.003474241158576696,0.9143522052604993,0.9217352278449907,3,0,rq2.downstream_utility.arms.real_plus_tail_targeted_synthetic.auprc
Analytic usefulness,OULAD,TimeGAN,Real + targeted synthetic,AUROC,Higher,0.8792585325266328,0.004257289032813569,0.876210837402905,0.8852790934091317,3,0,rq2.downstream_utility.arms.real_plus_tail_targeted_synthetic.auroc
Analytic usefulness,OULAD,TimeGAN,Real only (TRTR),AUPRC,Higher,0.9224941999311086,0.0,0.9224941999311086,0.9224941999311086,3,0,rq2.downstream_utility.arms.real_train.auprc
Analytic usefulness,OULAD,TimeGAN,Real only (TRTR),AUROC,Higher,0.8872309042758486,0.0,0.8872309042758486,0.8872309042758486,3,0,rq2.downstream_utility.arms.real_train.auroc
Analytic usefulness,OULAD,TimeGAN,Standard synthetic only (TSTR),AUPRC,Higher,0.8201461855331219,0.09236650330068857,0.6895352065346484,0.887165011481928,3,0,rq2.downstream_utility.arms.synthetic_train.auprc
Analytic usefulness,OULAD,TimeGAN,Standard synthetic only (TSTR),AUROC,Higher,0.7503383886567732,0.12910632715174314,0.5677653181270284,0.8433485839591879,3,0,rq2.downstream_utility.arms.synthetic_train.auroc
Analytic usefulness,OULAD,TimeGAN,Targeted synthetic only,AUPRC,Higher,0.7857357423946697,0.13525656416447918,0.5944546141003842,0.8817696171297954,3,0,rq2.downstream_utility.arms.tail_targeted_synthetic.auprc
Analytic usefulness,OULAD,TimeGAN,Targeted synthetic only,AUROC,Higher,0.7181992292471545,0.17118112223091944,0.47611256712178407,0.8392730250923675,3,0,rq2.downstream_utility.arms.tail_targeted_synthetic.auroc
Analytic usefulness,OULAD,TimeGAN,Standard augmentation gain,AUPRC,Higher,-0.005868980963447901,0.003370901383304693,-0.00833737679621882,-0.0011028245657779268,3,0,rq2.downstream_utility.real_plus_synthetic_gain_over_real.auprc
Analytic usefulness,OULAD,TimeGAN,Standard augmentation gain,AUROC,Higher,-0.00822993302677951,0.004092774312663303,-0.01129339730224066,-0.002445249874009514,3,0,rq2.downstream_utility.real_plus_synthetic_gain_over_real.auroc
Analytic usefulness,OULAD,TimeGAN,Standard synthetic utility loss,AUPRC,Lower,0.1023480143979868,0.09236650330068857,0.03532918844918065,0.2329589933964602,3,0,rq2.downstream_utility.synthetic_utility_gap.auprc
Analytic usefulness,OULAD,TimeGAN,Standard synthetic utility loss,AUROC,Lower,0.13689251561907545,0.12910632715174314,0.04388232031666073,0.31946558614882026,3,0,rq2.downstream_utility.synthetic_utility_gap.auroc
Analytic usefulness,OULAD,TimeGAN,Targeted-vs-standard TSTR gain,AUPRC,Higher,-0.03441044313845202,0.042934742912338696,-0.09508059243426414,-0.001968721452993649,3,0,rq2.downstream_utility.tail_targeted_tstr_gain.auprc
Analytic usefulness,OULAD,TimeGAN,Targeted-vs-standard TSTR gain,AUROC,Higher,-0.032139159409618534,0.04210516673465626,-0.09165275100524428,-0.0006891683567908924,3,0,rq2.downstream_utility.tail_targeted_tstr_gain.auroc
Analytic usefulness,OULAD,TimeGAN,Targeted augmentation gain,AUPRC,Higher,-0.005672267841235386,0.003474241158576696,-0.008141994670609276,-0.0007589720861178595,3,0,rq2.downstream_utility.targeted_augmentation_gain_over_real.auprc
Analytic usefulness,OULAD,TimeGAN,Targeted augmentation gain,AUROC,Higher,-0.007972371749215834,0.004257289032813569,-0.011020066872943657,-0.0019518108667169187,3,0,rq2.downstream_utility.targeted_augmentation_gain_over_real.auroc
Analytic usefulness,OULAD,TimeGAN,Course Failure Prediction; Real + standard synthetic,AUPRC,Higher,0.5287471666836926,0.021132905725922763,0.49900945181678025,0.54619493716372,3,0,rq2.learner_level_outcome_tasks.course_failure_prediction.arms.real_plus_synthetic.auprc
Analytic usefulness,OULAD,TimeGAN,Course Failure Prediction; Real + standard synthetic,AUROC,Higher,0.6968363676197743,0.006704639113599207,0.6876435751416793,0.703444654339543,3,0,rq2.learner_level_outcome_tasks.course_failure_prediction.arms.real_plus_synthetic.auroc
Analytic usefulness,OULAD,TimeGAN,Course Failure Prediction; Real only (TRTR),AUPRC,Higher,0.5466603162464431,0.0,0.5466603162464431,0.5466603162464431,3,0,rq2.learner_level_outcome_tasks.course_failure_prediction.arms.real_train.auprc
Analytic usefulness,OULAD,TimeGAN,Course Failure Prediction; Real only (TRTR),AUROC,Higher,0.703420179345403,0.0,0.703420179345403,0.703420179345403,3,0,rq2.learner_level_outcome_tasks.course_failure_prediction.arms.real_train.auroc
Analytic usefulness,OULAD,TimeGAN,Course Failure Prediction; Standard synthetic only (TSTR),AUPRC,Higher,0.44114651267813193,0.058092981175328476,0.3631635591560006,0.502525171323692,3,0,rq2.learner_level_outcome_tasks.course_failure_prediction.arms.synthetic_train.auprc
Analytic usefulness,OULAD,TimeGAN,Course Failure Prediction; Standard synthetic only (TSTR),AUROC,Higher,0.6276066060269002,0.0645003385132032,0.5366518208016767,0.6790723862314942,3,0,rq2.learner_level_outcome_tasks.course_failure_prediction.arms.synthetic_train.auroc
Analytic usefulness,OULAD,TimeGAN,Course Failure Prediction; Targeted synthetic only,AUPRC,Higher,0.45026045828220546,0.05579925914224424,0.3715021749791911,0.4939040564766481,3,0,rq2.learner_level_outcome_tasks.course_failure_prediction.arms.tail_targeted_synthetic.auprc
Analytic usefulness,OULAD,TimeGAN,Course Failure Prediction; Targeted synthetic only,AUROC,Higher,0.6209689033517337,0.07996821887922365,0.5078768114942847,0.6776050356438647,3,0,rq2.learner_level_outcome_tasks.course_failure_prediction.arms.tail_targeted_synthetic.auroc
Analytic usefulness,OULAD,TimeGAN,Course Failure Prediction; Standard augmentation gain,AUPRC,Higher,-0.017913149562750513,0.021132905725922763,-0.04765086442966282,-0.00046537908272303863,3,0,rq2.learner_level_outcome_tasks.course_failure_prediction.real_plus_synthetic_gain_over_real.auprc
Analytic usefulness,OULAD,TimeGAN,Course Failure Prediction; Standard augmentation gain,AUROC,Higher,-0.006583811725628719,0.006704639113599207,-0.015776604203723732,2.4474994139933592e-05,3,0,rq2.learner_level_outcome_tasks.course_failure_prediction.real_plus_synthetic_gain_over_real.auroc
Analytic usefulness,OULAD,TimeGAN,Course Failure Prediction; Standard synthetic utility loss,AUPRC,Lower,0.10551380356831114,0.058092981175328476,0.04413514492275106,0.18349675709044244,3,0,rq2.learner_level_outcome_tasks.course_failure_prediction.synthetic_utility_gap.auprc
Analytic usefulness,OULAD,TimeGAN,Course Failure Prediction; Standard synthetic utility loss,AUROC,Lower,0.0758135733185028,0.0645003385132032,0.024347793113908778,0.1667683585437263,3,0,rq2.learner_level_outcome_tasks.course_failure_prediction.synthetic_utility_gap.auroc
Analytic usefulness,OULAD,TimeGAN,Dropout Prediction; Real + standard synthetic,AUPRC,Higher,0.29830397803074593,0.004238518950296344,0.29243518350041464,0.30229454877058176,3,0,rq2.learner_level_outcome_tasks.dropout_prediction.arms.real_plus_synthetic.auprc
Analytic usefulness,OULAD,TimeGAN,Dropout Prediction; Real + standard synthetic,AUROC,Higher,0.6404496897124741,0.009013099311433492,0.6306965974756829,0.652433403527085,3,0,rq2.learner_level_outcome_tasks.dropout_prediction.arms.real_plus_synthetic.auroc
Analytic usefulness,OULAD,TimeGAN,Dropout Prediction; Real only (TRTR),AUPRC,Higher,0.30744749558306883,0.0,0.30744749558306883,0.30744749558306883,3,0,rq2.learner_level_outcome_tasks.dropout_prediction.arms.real_train.auprc
Analytic usefulness,OULAD,TimeGAN,Dropout Prediction; Real only (TRTR),AUROC,Higher,0.6525633807694895,0.0,0.6525633807694895,0.6525633807694895,3,0,rq2.learner_level_outcome_tasks.dropout_prediction.arms.real_train.auroc
Analytic usefulness,OULAD,TimeGAN,Dropout Prediction; Standard synthetic only (TSTR),AUPRC,Higher,0.27583696713776473,0.010900179546753687,0.26061516911084537,0.28555583195928586,3,0,rq2.learner_level_outcome_tasks.dropout_prediction.arms.synthetic_train.auprc
Analytic usefulness,OULAD,TimeGAN,Dropout Prediction; Standard synthetic only (TSTR),AUROC,Higher,0.609249815521585,0.00231483813723696,0.6068235736633688,0.6123662825139432,3,0,rq2.learner_level_outcome_tasks.dropout_prediction.arms.synthetic_train.auroc
Analytic usefulness,OULAD,TimeGAN,Dropout Prediction; Targeted synthetic only,AUPRC,Higher,0.268746241862829,0.009971689625109588,0.25509165692794655,0.27862576690026514,3,0,rq2.learner_level_outcome_tasks.dropout_prediction.arms.tail_targeted_synthetic.auprc
Analytic usefulness,OULAD,TimeGAN,Dropout Prediction; Targeted synthetic only,AUROC,Higher,0.5934029619373744,0.005111149250578676,0.5890893820573817,0.6005827531173396,3,0,rq2.learner_level_outcome_tasks.dropout_prediction.arms.tail_targeted_synthetic.auroc
Analytic usefulness,OULAD,TimeGAN,Dropout Prediction; Standard augmentation gain,AUPRC,Higher,-0.00914351755232288,0.004238518950296344,-0.015012312082654189,-0.005152946812487069,3,0,rq2.learner_level_outcome_tasks.dropout_prediction.real_plus_synthetic_gain_over_real.auprc
Analytic usefulness,OULAD,TimeGAN,Dropout Prediction; Standard augmentation gain,AUROC,Higher,-0.012113691057015393,0.009013099311433492,-0.021866783293806646,-0.0001299772424044887,3,0,rq2.learner_level_outcome_tasks.dropout_prediction.real_plus_synthetic_gain_over_real.auroc
Analytic usefulness,OULAD,TimeGAN,Dropout Prediction; Standard synthetic utility loss,AUPRC,Lower,0.03161052844530408,0.010900179546753687,0.021891663623782975,0.04683232647222346,3,0,rq2.learner_level_outcome_tasks.dropout_prediction.synthetic_utility_gap.auprc
Analytic usefulness,OULAD,TimeGAN,Dropout Prediction; Standard synthetic utility loss,AUROC,Lower,0.04331356524790453,0.00231483813723696,0.04019709825554629,0.04573980710612069,3,0,rq2.learner_level_outcome_tasks.dropout_prediction.synthetic_utility_gap.auroc
Disclosure risk,OULAD,TimeGAN,Standard synthetic,Behavior-projection exact-duplicate rate,Lower,0.15566666666666665,0.09061050650387564,0.08825,0.28375,3,0,rq2.privacy_risk.standard.behavior_projection_exact_duplicate_rate
Disclosure risk,OULAD,TimeGAN,Targeted synthetic,Behavior-projection exact-duplicate rate,Lower,0.15866666666666665,0.0972874463752761,0.08925,0.29625,3,0,rq2.privacy_risk.tail_targeted.behavior_projection_exact_duplicate_rate
Disclosure risk,OULAD,TimeGAN,Targeted-minus-standard risk,Behavior-projection exact-copy risk change,Lower,0.0030000000000000027,0.007082843120291933,-0.004500000000000004,0.012500000000000011,3,0,rq2.privacy_risk.tail_targeted_minus_standard_risk.behavior_projection_exact_duplicate_rate_risk_delta
Analytic usefulness,OULAD,TimeGAN,Late Disengagement; Real + standard synthetic,AUPRC,Higher,0.8253764102498645,0.0009852878750356685,0.8245843493775273,0.8267652488124718,3,0,rq2.tail_learnability.late_disengagement.arms.real_plus_synthetic.auprc
Analytic usefulness,OULAD,TimeGAN,Late Disengagement; Real + standard synthetic,AUROC,Higher,0.8491689539910898,0.0013803330239057306,0.8477962807041008,0.8510572910175781,3,0,rq2.tail_learnability.late_disengagement.arms.real_plus_synthetic.auroc
Analytic usefulness,OULAD,TimeGAN,Late Disengagement; Real + targeted synthetic,AUPRC,Higher,0.8258072457998978,0.001344367163182499,0.8244569765255374,0.8276415026347792,3,0,rq2.tail_learnability.late_disengagement.arms.real_plus_tail_targeted_synthetic.auprc
Analytic usefulness,OULAD,TimeGAN,Late Disengagement; Real + targeted synthetic,AUROC,Higher,0.8498667373888127,0.001301551707934008,0.8486188208044694,0.8516624821041561,3,0,rq2.tail_learnability.late_disengagement.arms.real_plus_tail_targeted_synthetic.auroc
Analytic usefulness,OULAD,TimeGAN,Late Disengagement; Real only (TRTR),AUPRC,Higher,0.8293522492154916,0.0,0.8293522492154916,0.8293522492154916,3,0,rq2.tail_learnability.late_disengagement.arms.real_train.auprc
Analytic usefulness,OULAD,TimeGAN,Late Disengagement; Real only (TRTR),AUROC,Higher,0.8542467331535897,0.0,0.8542467331535897,0.8542467331535897,3,0,rq2.tail_learnability.late_disengagement.arms.real_train.auroc
Analytic usefulness,OULAD,TimeGAN,Late Disengagement; Standard synthetic only (TSTR),AUPRC,Higher,0.7247070782998627,0.10290798553544205,0.5792140960972731,0.8004409307438538,3,0,rq2.tail_learnability.late_disengagement.arms.synthetic_train.auprc
Analytic usefulness,OULAD,TimeGAN,Late Disengagement; Standard synthetic only (TSTR),AUROC,Higher,0.7491160744953448,0.10095637492693776,0.6063560110277915,0.8222158930292077,3,0,rq2.tail_learnability.late_disengagement.arms.synthetic_train.auroc
Analytic usefulness,OULAD,TimeGAN,Late Disengagement; Targeted synthetic only,AUPRC,Higher,0.6644285422276935,0.18575919423170725,0.40172574243845693,0.7961628253837426,3,0,rq2.tail_learnability.late_disengagement.arms.tail_targeted_synthetic.auprc
Analytic usefulness,OULAD,TimeGAN,Late Disengagement; Targeted synthetic only,AUROC,Higher,0.6868642377966303,0.19122949051368113,0.41642490432752666,0.8221313152191424,3,0,rq2.tail_learnability.late_disengagement.arms.tail_targeted_synthetic.auroc
Analytic usefulness,OULAD,TimeGAN,Late Disengagement; Standard augmentation gain,AUPRC,Higher,-0.003975838965627069,0.0009852878750356685,-0.004767899837964218,-0.0025870004030197347,3,0,rq2.tail_learnability.late_disengagement.real_plus_synthetic_gain_over_real.auprc
Analytic usefulness,OULAD,TimeGAN,Late Disengagement; Standard augmentation gain,AUROC,Higher,-0.005077779162499889,0.0013803330239057306,-0.0064504524494888305,-0.0031894421360115777,3,0,rq2.tail_learnability.late_disengagement.real_plus_synthetic_gain_over_real.auroc
Analytic usefulness,OULAD,TimeGAN,Late Disengagement; Standard synthetic utility loss,AUPRC,Lower,0.10464517091562882,0.10290798553544205,0.028911318471637748,0.2501381531182184,3,0,rq2.tail_learnability.late_disengagement.synthetic_utility_gap.auprc
Analytic usefulness,OULAD,TimeGAN,Late Disengagement; Standard synthetic utility loss,AUROC,Lower,0.10513065865824489,0.10095637492693776,0.032030840124381954,0.2478907221257982,3,0,rq2.tail_learnability.late_disengagement.synthetic_utility_gap.auroc
Analytic usefulness,OULAD,TimeGAN,Late Disengagement; Targeted-vs-standard TSTR gain,AUPRC,Higher,-0.06027853607216912,0.08292552704168948,-0.1774883536588162,0.0016966173252813688,3,0,rq2.tail_learnability.late_disengagement.tail_targeted_tstr_gain.auprc
Analytic usefulness,OULAD,TimeGAN,Late Disengagement; Targeted-vs-standard TSTR gain,AUROC,Higher,-0.062251836698714515,0.09029440727626617,-0.1899311067002648,0.003354995790107229,3,0,rq2.tail_learnability.late_disengagement.tail_targeted_tstr_gain.auroc
Analytic usefulness,OULAD,TimeGAN,Late Disengagement; Targeted augmentation gain,AUPRC,Higher,-0.0035450034155937913,0.001344367163182499,-0.004895272689954155,-0.0017107465807123523,3,0,rq2.tail_learnability.late_disengagement.targeted_augmentation_gain_over_real.auprc
Analytic usefulness,OULAD,TimeGAN,Late Disengagement; Targeted augmentation gain,AUROC,Higher,-0.004379995764776989,0.001301551707934008,-0.005627912349120301,-0.0025842510494336057,3,0,rq2.tail_learnability.late_disengagement.targeted_augmentation_gain_over_real.auroc
Analytic usefulness,OULAD,TimeGAN,Rare Activity Path; Real + standard synthetic,AUPRC,Higher,0.9533275561802451,0.001498994463421258,0.9520024665966177,0.9554231326529972,3,0,rq2.tail_learnability.rare_activity_path.arms.real_plus_synthetic.auprc
Analytic usefulness,OULAD,TimeGAN,Rare Activity Path; Real + standard synthetic,AUROC,Higher,0.7968395020005286,0.007418220954093454,0.7913667406057459,0.8073271190652653,3,0,rq2.tail_learnability.rare_activity_path.arms.real_plus_synthetic.auroc
Analytic usefulness,OULAD,TimeGAN,Rare Activity Path; Real + targeted synthetic,AUPRC,Higher,0.9530948178835891,0.001748097548529568,0.9518175518393466,0.955566538778108,3,0,rq2.tail_learnability.rare_activity_path.arms.real_plus_tail_targeted_synthetic.auprc
Analytic usefulness,OULAD,TimeGAN,Rare Activity Path; Real + targeted synthetic,AUROC,Higher,0.795931035331459,0.00826989108696466,0.7898812465717264,0.8076240719492761,3,0,rq2.tail_learnability.rare_activity_path.arms.real_plus_tail_targeted_synthetic.auroc
Analytic usefulness,OULAD,TimeGAN,Rare Activity Path; Real only (TRTR),AUPRC,Higher,0.9561884703092661,0.0,0.9561884703092661,0.9561884703092661,3,0,rq2.tail_learnability.rare_activity_path.arms.real_train.auprc
Analytic usefulness,OULAD,TimeGAN,Rare Activity Path; Real only (TRTR),AUROC,Higher,0.8096987292605405,1.1102230246251565e-16,0.8096987292605407,0.8096987292605407,3,0,rq2.tail_learnability.rare_activity_path.arms.real_train.auroc
Analytic usefulness,OULAD,TimeGAN,Rare Activity Path; Standard synthetic only (TSTR),AUPRC,Higher,0.9168930603373995,0.02223416675096081,0.8856152022123724,0.9353264392558432,3,0,rq2.tail_learnability.rare_activity_path.arms.synthetic_train.auprc
Analytic usefulness,OULAD,TimeGAN,Rare Activity Path; Standard synthetic only (TSTR),AUROC,Higher,0.6805430487561613,0.06352730130210327,0.5911745311026407,0.7331977564662402,3,0,rq2.tail_learnability.rare_activity_path.arms.synthetic_train.auroc
Analytic usefulness,OULAD,TimeGAN,Rare Activity Path; Targeted synthetic only,AUPRC,Higher,0.8905024048995696,0.05695401128164459,0.8099575686113305,0.9309648548308123,3,0,rq2.tail_learnability.rare_activity_path.arms.tail_targeted_synthetic.auprc
Analytic usefulness,OULAD,TimeGAN,Rare Activity Path; Targeted synthetic only,AUROC,Higher,0.6099685842818681,0.1553523748339616,0.3902894801777748,0.7225208775388196,3,0,rq2.tail_learnability.rare_activity_path.arms.tail_targeted_synthetic.auroc
Analytic usefulness,OULAD,TimeGAN,Rare Activity Path; Standard augmentation gain,AUPRC,Higher,-0.0028609141290210083,0.001498994463421258,-0.004186003712648434,-0.0007653376562689607,3,0,rq2.tail_learnability.rare_activity_path.real_plus_synthetic_gain_over_real.auprc
Analytic usefulness,OULAD,TimeGAN,Rare Activity Path; Standard augmentation gain,AUROC,Higher,-0.012859227260012132,0.007418220954093454,-0.018331988654794795,-0.00237161019527532,3,0,rq2.tail_learnability.rare_activity_path.real_plus_synthetic_gain_over_real.auroc
Analytic usefulness,OULAD,TimeGAN,Rare Activity Path; Standard synthetic utility loss,AUPRC,Lower,0.03929540997186668,0.02223416675096081,0.02086203105342288,0.07057326809689368,3,0,rq2.tail_learnability.rare_activity_path.synthetic_utility_gap.auprc
Analytic usefulness,OULAD,TimeGAN,Rare Activity Path; Standard synthetic utility loss,AUROC,Lower,0.12915568050437928,0.06352730130210327,0.07650097279430046,0.21852419815789992,3,0,rq2.tail_learnability.rare_activity_path.synthetic_utility_gap.auroc
Analytic usefulness,OULAD,TimeGAN,Rare Activity Path; Targeted-vs-standard TSTR gain,AUPRC,Higher,-0.026390655437829813,0.034901856172969224,-0.07565763360104194,0.0008472517125834855,3,0,rq2.tail_learnability.rare_activity_path.tail_targeted_tstr_gain.auprc
Analytic usefulness,OULAD,TimeGAN,Rare Activity Path; Targeted-vs-standard TSTR gain,AUROC,Higher,-0.07057446447429333,0.09224344672604395,-0.20088505092486592,-0.0001614635705934342,3,0,rq2.tail_learnability.rare_activity_path.tail_targeted_tstr_gain.auroc
Analytic usefulness,OULAD,TimeGAN,Rare Activity Path; Targeted augmentation gain,AUPRC,Higher,-0.0030936524256770146,0.001748097548529568,-0.004370918469919549,-0.000621931531158082,3,0,rq2.tail_learnability.rare_activity_path.targeted_augmentation_gain_over_real.auprc
Analytic usefulness,OULAD,TimeGAN,Rare Activity Path; Targeted augmentation gain,AUROC,Higher,-0.013767693929081615,0.00826989108696466,-0.019817482688814225,-0.0020746573112645494,3,0,rq2.tail_learnability.rare_activity_path.targeted_augmentation_gain_over_real.auroc
Analytic usefulness,OULAD,TimeGAN,Reengagement; Real + standard synthetic,AUPRC,Higher,0.7523827181874109,0.00765364322730066,0.7426933889939782,0.7614053077250731,3,0,rq2.tail_learnability.reengagement.arms.real_plus_synthetic.auprc
Analytic usefulness,OULAD,TimeGAN,Reengagement; Real + standard synthetic,AUROC,Higher,0.7544096415793108,0.003364752440453507,0.7508944824555898,0.7589448245558973,3,0,rq2.tail_learnability.reengagement.arms.real_plus_synthetic.auroc
Analytic usefulness,OULAD,TimeGAN,Reengagement; Real + targeted synthetic,AUPRC,Higher,0.7536138270334005,0.00991293199640994,0.7429751470018523,0.7668396957778851,3,0,rq2.tail_learnability.reengagement.arms.real_plus_tail_targeted_synthetic.auprc
Analytic usefulness,OULAD,TimeGAN,Reengagement; Real + targeted synthetic,AUROC,Higher,0.7579928022932229,0.002454832382645876,0.7551315046136464,0.7611261063335635,3,0,rq2.tail_learnability.reengagement.arms.real_plus_tail_targeted_synthetic.auroc
Analytic usefulness,OULAD,TimeGAN,Reengagement; Real only (TRTR),AUPRC,Higher,0.70595227186651,0.0,0.70595227186651,0.70595227186651,3,0,rq2.tail_learnability.reengagement.arms.real_train.auprc
Analytic usefulness,OULAD,TimeGAN,Reengagement; Real only (TRTR),AUROC,Higher,0.7062488230494005,0.0,0.7062488230494005,0.7062488230494005,3,0,rq2.tail_learnability.reengagement.arms.real_train.auroc
Analytic usefulness,OULAD,TimeGAN,Reengagement; Standard synthetic only (TSTR),AUPRC,Higher,0.6462821625815313,0.13309629651810298,0.45810445476503314,0.7440857077217218,3,0,rq2.tail_learnability.reengagement.arms.synthetic_train.auprc
Analytic usefulness,OULAD,TimeGAN,Reengagement; Standard synthetic only (TSTR),AUROC,Higher,0.6267811185738498,0.16874616834686024,0.3882995417739,0.7536250078463372,3,0,rq2.tail_learnability.reengagement.arms.synthetic_train.auroc
Analytic usefulness,OULAD,TimeGAN,Reengagement; Targeted synthetic only,AUPRC,Higher,0.6866061380435209,0.08260523574140781,0.5700134615074494,0.7512308482551608,3,0,rq2.tail_learnability.reengagement.arms.tail_targeted_synthetic.auprc
Analytic usefulness,OULAD,TimeGAN,Reengagement; Targeted synthetic only,AUROC,Higher,0.6952691816793255,0.0868836581447888,0.5725943129747034,0.7626326031008724,3,0,rq2.tail_learnability.reengagement.arms.tail_targeted_synthetic.auroc
Analytic usefulness,OULAD,TimeGAN,Reengagement; Standard augmentation gain,AUPRC,Higher,0.04643044632090095,0.00765364322730066,0.03674111712746819,0.05545303585856309,3,0,rq2.tail_learnability.reengagement.real_plus_synthetic_gain_over_real.auprc
Analytic usefulness,OULAD,TimeGAN,Reengagement; Standard augmentation gain,AUROC,Higher,0.04816081852991031,0.003364752440453507,0.04464565940618925,0.05269600150649678,3,0,rq2.tail_learnability.reengagement.real_plus_synthetic_gain_over_real.auroc
Analytic usefulness,OULAD,TimeGAN,Reengagement; Standard synthetic utility loss,AUPRC,Lower,0.05967010928497866,0.13309629651810298,-0.038133435855211784,0.24784781710147685,3,0,rq2.tail_learnability.reengagement.synthetic_utility_gap.auprc
Analytic usefulness,OULAD,TimeGAN,Reengagement; Standard synthetic utility loss,AUROC,Lower,0.07946770447555078,0.1687461683468602,-0.04737618479693673,0.3179492812755005,3,0,rq2.tail_learnability.reengagement.synthetic_utility_gap.auroc
Analytic usefulness,OULAD,TimeGAN,Reengagement; Targeted-vs-standard TSTR gain,AUPRC,Higher,0.04032397546198948,0.05127816718976838,-0.005511603353769545,0.11190900674241622,3,0,rq2.tail_learnability.reengagement.tail_targeted_tstr_gain.auprc
Analytic usefulness,OULAD,TimeGAN,Reengagement; Targeted-vs-standard TSTR gain,AUROC,Higher,0.06848806310547569,0.08264037458785405,-0.003044378883936827,0.1842947712008034,3,0,rq2.tail_learnability.reengagement.tail_targeted_tstr_gain.auroc
Analytic usefulness,OULAD,TimeGAN,Reengagement; Targeted augmentation gain,AUPRC,Higher,0.04766155516689049,0.00991293199640994,0.037022875135342304,0.06088742391137514,3,0,rq2.tail_learnability.reengagement.targeted_augmentation_gain_over_real.auprc
Analytic usefulness,OULAD,TimeGAN,Reengagement; Targeted augmentation gain,AUROC,Higher,0.05174397924382238,0.002454832382645876,0.04888268156424591,0.05487728328416297,3,0,rq2.tail_learnability.reengagement.targeted_augmentation_gain_over_real.auroc
Analytic usefulness,OULAD,TimeGAN,Late Disengagement,Rare-group prevalence-error reduction,Higher,0.008591592513040808,0.007641345725159756,0.0,0.01856397667996318,3,0,rq2.tail_targeting_fidelity_gain.late_disengagement.prevalence_error_reduction
Analytic usefulness,OULAD,TimeGAN,Late Disengagement,Rare-group trajectory-shape-error reduction,Higher,-0.006434460874616299,0.005402856392813758,-0.011837317267430057,-0.0010316044818025408,2,1,rq2.tail_targeting_fidelity_gain.late_disengagement.primary_signal_curve_mae_reduction
Analytic usefulness,OULAD,TimeGAN,Rare Activity Path,Rare-group prevalence-error reduction,Higher,-2.5570215812622626e-05,0.00015762539641426404,-0.00023013194231359668,0.0001534212948757288,3,0,rq2.tail_targeting_fidelity_gain.rare_activity_path.prevalence_error_reduction
Analytic usefulness,OULAD,TimeGAN,Rare Activity Path,Rare-group trajectory-shape-error reduction,Higher,0.005330717468267299,0.015460528322978478,-0.01012981085471118,0.020791245791245777,2,1,rq2.tail_targeting_fidelity_gain.rare_activity_path.primary_signal_curve_mae_reduction
Analytic usefulness,OULAD,TimeGAN,Reengagement,Rare-group prevalence-error reduction,Higher,-0.0015725682724762186,0.002169930758843268,-0.004640994169990795,0.0,3,0,rq2.tail_targeting_fidelity_gain.reengagement.prevalence_error_reduction
Analytic usefulness,OULAD,TimeGAN,Reengagement,Rare-group trajectory-shape-error reduction,Higher,-0.004609773686070212,0.0051897058612215,-0.009799479547291712,0.0005799321751512876,2,1,rq2.tail_targeting_fidelity_gain.reengagement.primary_signal_curve_mae_reduction
